2	26.12744
2.0007	25.42243
2.0014	24.59622
2.0021	24.66841
2.0028	25.31555
2.0035	25.5154
2.0042	26.09647
2.0049	26.16289
2.0056	25.05337
2.0063	24.94818
2.007	24.69117
2.0077	25.24512
2.0084	25.55331
2.0091	26.42387
2.0098	25.95281
2.0105	25.79377
2.0112	24.74023
2.0119	24.83787
2.0126	24.74008
2.0133	26.42722
2.014	26.04195
2.0147	26.27532
2.0154	25.18908
2.0161	25.32913
2.0168	24.52783
2.0175	25.52966
2.0182	25.68571
2.0189	25.88992
2.0196	26.04253
2.0203	25.74952
2.021	25.60957
2.0217	24.90209
2.0224	25.79174
2.0231	26.03215
2.0238	26.69059
2.0245	26.75856
2.0252	26.21586
2.0259	25.88581
2.0266	25.10262
2.0273	25.33961
2.028	25.82725
2.0287	25.91422
2.0294	26.72282
2.0301	26.13363
2.0308	26.00881
2.0315	25.49311
2.0322	25.84017
2.0329	25.67077
2.0336	26.63251
2.0343	26.54104
2.035	26.5188
2.0357	25.79767
2.0364	25.93169
2.0371	26.0267
2.0378	26.3629
2.0385	26.39107
2.0392	26.66801
2.0399	26.21713
2.0406	26.28019
2.0413	25.92833
2.042	26.00117
2.0427	26.59852
2.0434	26.91072
2.0441	26.87989
2.0448	26.36005
2.0455	26.6763
2.0462	25.96922
2.0469	26.1109
2.0476	26.54595
2.0483	26.77528
2.049	26.74388
2.0497	26.55848
2.0504	26.51135
2.0511	26.86578
2.0518	26.63903
2.0525	26.07749
2.0532	26.60657
2.0539	26.60896
2.0546	27.23772
2.0553	26.66571
2.056	25.8328
2.0567	26.2387
2.0574	26.56187
2.0581	26.36023
2.0588	27.0886
2.0595	26.59895
2.0602	27.26317
2.0609	26.61246
2.0616	26.84805
2.0623	27.26566
2.063	26.45437
2.0637	27.42946
2.0644	26.94779
2.0651	27.43321
2.0658	27.08367
2.0665	27.29688
2.0672	27.48484
2.0679	27.83381
2.0686	27.29496
2.0693	27.8631
2.07	27.581
2.0707	28.1801
2.0714	27.95389
2.0721	28.20643
2.0728	28.59156
2.0735	28.34949
2.0742	28.39274
2.0749	28.30786
2.0756	28.71457
2.0763	28.82484
2.077	28.90561
2.0777	29.12827
2.0784	28.93604
2.0791	28.98526
2.0798	29.53775
2.0805	28.86445
2.0812	29.58153
2.0819	29.35915
2.0826	29.72367
2.0833	29.66135
2.084	29.31453
2.0847	29.82815
2.0854	29.6071
2.0861	29.39383
2.0868	29.67938
2.0875	29.69159
2.0882	29.94181
2.0889	29.46023
2.0896	29.44005
2.0903	29.13108
2.091	29.07348
2.0917	29.20837
2.0924	29.34296
2.0931	29.49328
2.0938	29.20958
2.0945	28.84966
2.0952	28.89221
2.0959	28.65276
2.0966	28.68305
2.0973	28.43104
2.098	28.85385
2.0987	29.6083
2.0994	29.17513
2.1001	29.28493
2.1008	28.49128
2.1015	29.14771
2.1022	29.16195
2.1029	29.29569
2.1036	30.31428
2.1043	29.82502
2.105	30.36645
2.1057	29.8369
2.1064	29.81221
2.1071	30.25391
2.1078	30.25514
2.1085	31.03064
2.1092	31.85883
2.1099	31.64613
2.1106	31.88027
2.1113	31.38181
2.112	31.31456
2.1127	32.32439
2.1134	32.15482
2.1141	33.67733
2.1148	34.04861
2.1155	34.50855
2.1162	34.94534
2.1169	34.81476
2.1176	35.1651
2.1183	35.32721
2.119	36.21263
2.1197	36.62788
2.1204	36.79197
2.1211	36.65324
2.1218	36.12484
2.1225	36.12891
2.1232	35.56228
2.1239	36.43932
2.1246	36.85969
2.1253	38.00474
2.126	38.96224
2.1267	39.24502
2.1274	39.4632
2.1281	40.53298
2.1288	41.20932
2.1295	41.88035
2.1302	42.63323
2.1309	43.32955
2.1316	43.84201
2.1323	43.46164
2.133	42.93424
2.1337	42.55501
2.1344	41.8253
2.1351	41.49344
2.1358	40.71607
2.1365	40.29564
2.1372	39.37927
2.1379	38.99536
2.1386	37.51328
2.1393	36.57273
2.14	35.69486
2.1407	36.0035
2.1414	36.34179
2.1421	35.99365
2.1428	36.0393
2.1435	35.75805
2.1442	35.39652
2.1449	34.63372
2.1456	34.41181
2.1463	34.3445
2.147	34.8531
2.1477	35.75557
2.1484	35.95773
2.1491	36.09067
2.1498	35.6271
2.1505	35.68401
2.1512	35.90183
2.1519	36.57286
2.1526	37.96106
2.1533	39.05531
2.154	39.84011
2.1547	39.99509
2.1554	39.76816
2.1561	39.40242
2.1568	39.35771
2.1575	39.3354
2.1582	39.80889
2.1589	39.98823
2.1596	40.09413
2.1603	38.91757
2.161	37.74374
2.1617	36.20288
2.1624	35.178
2.1631	34.4847
2.1638	34.71111
2.1645	34.87047
2.1652	34.70001
2.1659	34.22873
2.1666	32.70461
2.1673	32.19022
2.168	31.40184
2.1687	31.82265
2.1694	32.00986
2.1701	32.85323
2.1708	33.24518
2.1715	33.33899
2.1722	32.62246
2.1729	32.0734
2.1736	31.91604
2.1743	32.64622
2.175	33.53476
2.1757	34.82807
2.1764	35.59537
2.1771	35.41334
2.1778	35.03973
2.1785	34.24848
2.1792	34.78441
2.1799	34.87521
2.1806	35.58584
2.1813	36.62578
2.182	37.64745
2.1827	37.93163
2.1834	37.78131
2.1841	36.97243
2.1848	36.28347
2.1855	34.79674
2.1862	34.68343
2.1869	34.8402
2.1876	34.92562
2.1883	34.2659
2.189	33.55033
2.1897	32.47701
2.1904	31.85975
2.1911	30.86263
2.1918	31.22811
2.1925	31.4842
2.1932	32.07846
2.1939	32.21939
2.1946	32.45768
2.1953	31.66492
2.196	31.0787
2.1967	30.27978
2.1974	30.60961
2.1981	31.17182
2.1988	32.31322
2.1995	32.33379
2.2002	32.92002
2.2009	31.62041
2.2016	31.41247
2.2023	30.38073
2.203	30.63389
2.2037	30.74379
2.2044	31.85223
2.2051	32.33724
2.2058	32.51489
2.2065	32.44251
2.2072	31.68541
2.2079	31.01968
2.2086	30.74812
2.2093	30.65434
2.21	31.6783
2.2107	32.42223
2.2114	33.17821
2.2121	33.205
2.2128	32.67449
2.2135	31.8293
2.2142	31.8732
2.2149	31.62652
2.2156	32.35489
2.2163	33.35311
2.217	34.41156
2.2177	34.52058
2.2184	34.66357
2.2191	34.36574
2.2198	33.88572
2.2205	34.15424
2.2212	34.52011
2.2219	35.48138
2.2226	36.97517
2.2233	37.58727
2.224	38.48887
2.2247	38.45137
2.2254	38.56069
2.2261	38.97352
2.2268	39.04038
2.2275	39.8505
2.2282	40.19874
2.2289	41.23064
2.2296	41.2307
2.2303	41.13131
2.231	40.46174
2.2317	40.26059
2.2324	39.93646
2.2331	40.09049
2.2338	40.64527
2.2345	41.12293
2.2352	42.03536
2.2359	41.89155
2.2366	42.10927
2.2373	41.84685
2.238	41.99374
2.2387	42.4248
2.2394	43.31753
2.2401	44.30287
2.2408	45.54819
2.2415	45.94706
2.2422	46.10915
2.2429	46.05187
2.2436	46.16104
2.2443	45.70119
2.245	45.40877
2.2457	45.26297
2.2464	45.92196
2.2471	45.88558
2.2478	46.15568
2.2485	45.75314
2.2492	45.98456
2.2499	45.67242
2.2506	46.17665
2.2513	46.04747
2.252	47.06508
2.2527	46.98926
2.2534	47.89878
2.2541	47.8975
2.2548	48.3944
2.2555	48.23177
2.2562	47.90208
2.2569	48.06727
2.2576	47.96266
2.2583	48.10942
2.259	48.03842
2.2597	47.88564
2.2604	48.05681
2.2611	47.13913
2.2618	47.13093
2.2625	46.45074
2.2632	46.4623
2.2639	46.03076
2.2646	46.36975
2.2653	46.50417
2.266	47.08932
2.2667	47.00122
2.2674	46.83431
2.2681	46.95395
2.2688	47.18831
2.2695	46.9856
2.2702	46.8715
2.2709	46.73426
2.2716	46.83408
2.2723	47.02417
2.273	46.7739
2.2737	46.56979
2.2744	46.08149
2.2751	45.81687
2.2758	45.40513
2.2765	45.22265
2.2772	45.19826
2.2779	45.55008
2.2786	45.82274
2.2793	45.53602
2.28	45.5425
2.2807	44.92249
2.2814	44.55038
2.2821	44.28334
2.2828	44.43254
2.2835	45.00901
2.2842	45.08058
2.2849	45.164
2.2856	45.29233
2.2863	45.01792
2.287	45.17034
2.2877	44.65404
2.2884	44.63525
2.2891	45.17637
2.2898	44.77963
2.2905	46.018
2.2912	46.10415
2.2919	46.71637
2.2926	46.33485
2.2933	45.90759
2.294	46.1984
2.2947	45.98557
2.2954	46.07017
2.2961	45.83776
2.2968	46.02938
2.2975	46.20136
2.2982	46.15289
2.2989	46.42944
2.2996	46.4517
2.3003	46.22942
2.301	46.35762
2.3017	46.31241
2.3024	46.92281
2.3031	47.22633
2.3038	47.75475
2.3045	47.67438
2.3052	47.79577
2.3059	47.6248
2.3066	47.84601
2.3073	47.36817
2.308	47.39208
2.3087	47.08636
2.3094	47.16006
2.3101	47.1977
2.3108	46.98919
2.3115	47.1452
2.3122	46.89442
2.3129	46.72385
2.3136	46.49547
2.3143	46.79009
2.315	46.52841
2.3157	46.79964
2.3164	46.69421
2.3171	47.34733
2.3178	47.47062
2.3185	47.75838
2.3192	47.79936
2.3199	48.15254
2.3206	48.40035
2.3213	48.76378
2.322	49.20238
2.3227	49.41406
2.3234	49.99532
2.3241	50.54109
2.3248	50.83502
2.3255	51.19031
2.3262	51.13621
2.3269	51.34579
2.3276	51.75223
2.3283	52.03109
2.329	52.3311
2.3297	52.66621
2.3304	52.43146
2.3311	52.67132
2.3318	52.64864
2.3325	52.51185
2.3332	52.14463
2.3339	51.88451
2.3346	51.52984
2.3353	51.32182
2.336	51.28805
2.3367	51.3699
2.3374	51.0459
2.3381	50.78228
2.3388	50.35715
2.3395	50.18774
2.3402	50.42918
2.3409	49.99207
2.3416	49.93833
2.3423	49.35039
2.343	49.27934
2.3437	49.16776
2.3444	49.26413
2.3451	49.16702
2.3458	48.46627
2.3465	48.28849
2.3472	47.945
2.3479	48.10548
2.3486	48.23873
2.3493	48.30019
2.35	48.21582
2.3507	48.16753
2.3514	48.2178
2.3521	48.28363
2.3528	48.17122
2.3535	48.24192
2.3542	48.37446
2.3549	48.58908
2.3556	48.48474
2.3563	48.35267
2.357	48.19117
2.3577	48.45579
2.3584	48.38087
2.3591	48.29238
2.3598	48.27769
2.3605	48.58887
2.3612	48.5096
2.3619	48.40582
2.3626	48.58959
2.3633	48.64415
2.364	49.25415
2.3647	49.24636
2.3654	49.00252
2.3661	48.87641
2.3668	48.92564
2.3675	48.87617
2.3682	49.05145
2.3689	48.81955
2.3696	48.47216
2.3703	48.27214
2.371	47.74609
2.3717	47.76228
2.3724	47.7815
2.3731	47.55009
2.3738	47.41049
2.3745	47.20435
2.3752	47.14808
2.3759	47.22002
2.3766	47.44113
2.3773	46.90226
2.378	47.25827
2.3787	46.77124
2.3794	47.33787
2.3801	47.03241
2.3808	47.09795
2.3815	46.83137
2.3822	46.80757
2.3829	46.57203
2.3836	46.74009
2.3843	46.41514
2.385	46.76664
2.3857	46.43978
2.3864	46.80511
2.3871	46.81256
2.3878	47.25752
2.3885	47.48654
2.3892	47.90663
2.3899	48.1159
2.3906	48.25133
2.3913	48.72279
2.392	49.31748
2.3927	49.64037
2.3934	49.72363
2.3941	49.89239
2.3948	49.3788
2.3955	49.47296
2.3962	49.17499
2.3969	48.59092
2.3976	48.33668
2.3983	47.83737
2.399	47.25933
2.3997	47.6622
2.4004	47.27982
2.4011	47.05162
2.4018	47.02376
2.4025	46.69824
2.4032	46.56762
2.4039	46.21873
2.4046	46.03338
2.4053	45.57778
2.406	45.66111
2.4067	45.38259
2.4074	45.57928
2.4081	45.63026
2.4088	45.98283
2.4095	45.96572
2.4102	45.76319
2.4109	45.7218
2.4116	45.75739
2.4123	46.02983
2.413	46.30134
2.4137	46.54772
2.4144	47.06971
2.4151	47.78038
2.4158	47.93347
2.4165	48.61819
2.4172	48.68105
2.4179	49.03177
2.4186	49.10117
2.4193	49.12175
2.42	49.32523
2.4207	49.32095
2.4214	49.43374
2.4221	48.99147
2.4228	49.46822
2.4235	49.25334
2.4242	49.02571
2.4249	48.63477
2.4256	48.39398
2.4263	48.51257
2.427	47.96916
2.4277	48.2921
2.4284	48.1395
2.4291	48.85762
2.4298	48.60822
2.4305	49.2958
2.4312	49.45036
2.4319	49.68143
2.4326	49.88398
2.4333	50.07543
2.434	50.49829
2.4347	51.21346
2.4354	51.85625
2.4361	52.45657
2.4368	52.93256
2.4375	53.88907
2.4382	54.91173
2.4389	56.0905
2.4396	57.19714
2.4403	58.48876
2.441	60.19629
2.4417	61.90758
2.4424	63.09686
2.4431	63.76771
2.4438	63.83733
2.4445	63.50407
2.4452	62.86449
2.4459	62.23627
2.4466	61.51247
2.4473	60.59622
2.448	59.58275
2.4487	58.58955
2.4494	57.99152
2.4501	57.00432
2.4508	56.17425
2.4515	55.24542
2.4522	54.33446
2.4529	53.67571
2.4536	52.98385
2.4543	52.27857
2.455	51.32971
2.4557	50.55971
2.4564	49.8753
2.4571	49.47978
2.4578	49.1565
2.4585	49.3208
2.4592	49.27389
2.4599	49.03214
2.4606	48.79725
2.4613	48.56787
2.462	48.04824
2.4627	47.55822
2.4634	47.10519
2.4641	46.83353
2.4648	46.8122
2.4655	46.6198
2.4662	47.00737
2.4669	46.78434
2.4676	46.76126
2.4683	46.46476
2.469	46.07244
2.4697	46.1163
2.4704	45.84814
2.4711	45.1422
2.4718	45.12471
2.4725	45.2347
2.4732	45.57585
2.4739	45.30977
2.4746	45.25375
2.4753	45.03484
2.476	44.72129
2.4767	44.41676
2.4774	43.44696
2.4781	43.34685
2.4788	42.72958
2.4795	42.95432
2.4802	42.80243
2.4809	43.35181
2.4816	43.25397
2.4823	43.73548
2.483	43.55218
2.4837	43.06299
2.4844	42.80677
2.4851	42.55244
2.4858	42.04173
2.4865	42.20634
2.4872	42.34403
2.4879	42.57336
2.4886	43.60427
2.4893	43.45686
2.49	43.98735
2.4907	43.51932
2.4914	43.34908
2.4921	43.03037
2.4928	42.66095
2.4935	42.38953
2.4942	42.71441
2.4949	42.7953
2.4956	43.38416
2.4963	43.66212
2.497	43.72064
2.4977	43.98151
2.4984	43.70419
2.4991	43.57248
2.4998	42.9714
2.5005	43.01231
2.5012	42.64302
2.5019	42.78463
2.5026	42.86329
2.5033	43.3986
2.504	43.46852
2.5047	43.56725
2.5054	43.30024
2.5061	43.33838
2.5068	42.61713
2.5075	42.2651
2.5082	41.51754
2.5089	41.86339
2.5096	42.03854
2.5103	42.22537
2.511	42.83013
2.5117	42.99192
2.5124	43.00685
2.5131	43.10426
2.5138	42.71219
2.5145	42.50926
2.5152	42.4073
2.5159	42.09885
2.5166	41.86008
2.5173	41.79827
2.518	42.27126
2.5187	42.8463
2.5194	43.27127
2.5201	43.86797
2.5208	43.32765
2.5215	42.84323
2.5222	42.21401
2.5229	41.79098
2.5236	41.70044
2.5243	41.30016
2.525	41.13984
2.5257	41.42504
2.5264	41.86452
2.5271	42.27227
2.5278	42.12446
2.5285	41.92075
2.5292	41.94769
2.5299	41.23683
2.5306	40.67927
2.5313	40.60728
2.532	40.20273
2.5327	40.53554
2.5334	40.86064
2.5341	40.82741
2.5348	41.28699
2.5355	41.95476
2.5362	42.01497
2.5369	41.64262
2.5376	41.00505
2.5383	40.52547
2.539	40.48213
2.5397	40.53463
2.5404	40.93643
2.5411	40.93159
2.5418	41.69432
2.5425	42.42299
2.5432	42.67806
2.5439	42.30256
2.5446	41.81103
2.5453	41.50505
2.546	41.11068
2.5467	41.11198
2.5474	41.05533
2.5481	41.03865
2.5488	41.11789
2.5495	41.48011
2.5502	41.73336
2.5509	42.35055
2.5516	42.54301
2.5523	41.87933
2.553	41.73717
2.5537	40.94227
2.5544	40.45277
2.5551	40.31079
2.5558	40.27912
2.5565	40.97793
2.5572	41.38188
2.5579	41.97554
2.5586	41.87139
2.5593	42.27774
2.56	42.21666
2.5607	42.21318
2.5614	41.31574
2.5621	40.51332
2.5628	39.34146
2.5635	38.87942
2.5642	39.3423
2.5649	39.27686
2.5656	39.25756
2.5663	39.66425
2.567	39.64925
2.5677	40.26097
2.5684	40.14963
2.5691	39.70716
2.5698	39.54447
2.5705	37.89313
2.5712	37.27812
2.5719	36.89362
2.5726	38.301
2.5733	39.25023
2.574	39.70075
2.5747	38.53189
2.5754	38.64271
2.5761	39.08597
2.5768	40.00073
2.5775	38.6645
2.5782	37.05037
2.5789	36.70131
2.5796	36.1809
2.5803	37.61425
2.581	38.61889
2.5817	39.1058
2.5824	38.59256
2.5831	39.42044
2.5838	39.66006
2.5845	39.57561
2.5852	37.68838
2.5859	36.76293
2.5866	36.64201
2.5873	37.592
2.588	37.57525
2.5887	36.91219
2.5894	37.83353
2.5901	37.94794
2.5908	38.16996
2.5915	38.64942
2.5922	38.74905
2.5929	38.85535
2.5936	38.09089
2.5943	38.0468
2.595	37.89014
2.5957	38.22366
2.5964	37.10776
2.5971	36.74789
2.5978	37.87269
2.5985	38.32068
2.5992	38.98254
2.5999	38.8783
2.6006	38.60035
2.6013	38.84579
2.602	37.67025
2.6027	37.09128
2.6034	36.70423
2.6041	36.91634
2.6048	37.67169
2.6055	38.43973
2.6062	38.44535
2.6069	38.89671
2.6076	39.4181
2.6083	39.22825
2.609	38.33882
2.6097	38.32841
2.6104	37.70433
2.6111	37.28827
2.6118	36.55853
2.6125	37.19213
2.6132	38.02942
2.6139	38.63991
2.6146	38.81179
2.6153	38.68483
2.616	39.38873
2.6167	40.96622
2.6174	39.57572
2.6181	38.45031
2.6188	37.35182
2.6195	36.98527
2.6202	39.05929
2.6209	39.7551
2.6216	40.31757
2.6223	40.31415
2.623	40.90109
2.6237	41.53138
2.6244	41.647
2.6251	41.17745
2.6258	40.92335
2.6265	41.55472
2.6272	41.26494
2.6279	39.83671
2.6286	39.92953
2.6293	39.74971
2.63	41.581
2.6307	42.20532
2.6314	41.62216
2.6321	40.73953
2.6328	40.51641
2.6335	41.56108
2.6342	40.54567
2.6349	39.4782
2.6356	39.15459
2.6363	38.52004
2.637	38.67656
2.6377	39.1428
2.6384	39.40906
2.6391	39.72173
2.6398	40.27238
2.6405	40.53424
2.6412	40.22564
2.6419	40.61391
2.6426	39.89041
2.6433	40.15854
2.644	39.03937
2.6447	39.13233
2.6454	39.27814
2.6461	39.4076
2.6468	39.74462
2.6475	39.37524
2.6482	39.85651
2.6489	40.45194
2.6496	41.14361
2.6503	40.92229
2.651	40.7542
2.6517	40.81765
2.6524	40.79634
2.6531	40.15459
2.6538	39.5138
2.6545	39.48477
2.6552	40.33043
2.6559	41.52839
2.6566	41.66725
2.6573	41.72355
2.658	41.64327
2.6587	42.08562
2.6594	42.78345
2.6601	42.31901
2.6608	41.63491
2.6615	41.80983
2.6622	40.65201
2.6629	40.88539
2.6636	40.83509
2.6643	41.23082
2.665	41.92062
2.6657	41.75835
2.6664	41.43162
2.6671	40.48352
2.6678	40.44432
2.6685	39.53422
2.6692	39.04308
2.6699	39.15766
2.6706	39.71024
2.6713	39.37503
2.672	38.02835
2.6727	38.04818
2.6734	39.10677
2.6741	40.29158
2.6748	40.27956
2.6755	40.18558
2.6762	40.68421
2.6769	41.10425
2.6776	40.47986
2.6783	39.2258
2.679	39.38403
2.6797	39.0711
2.6804	39.55012
2.6811	39.74755
2.6818	39.90514
2.6825	40.61359
2.6832	41.36895
2.6839	40.80572
2.6846	40.38824
2.6853	39.00612
2.686	38.95159
2.6867	38.78587
2.6874	38.27966
2.6881	38.36323
2.6888	38.59029
2.6895	38.93873
2.6902	39.2422
2.6909	39.61898
2.6916	39.70926
2.6923	40.03918
2.693	40.05322
2.6937	40.64816
2.6944	40.28438
2.6951	39.90209
2.6958	39.93482
2.6965	40.07571
2.6972	40.09346
2.6979	40.79728
2.6986	41.75215
2.6993	42.30358
2.7	42.6594
2.7007	43.74056
2.7014	43.9967
2.7021	44.37424
2.7028	44.01167
2.7035	43.94331
2.7042	44.29308
2.7049	45.05329
2.7056	45.96701
2.7063	46.62243
2.707	47.39613
2.7077	48.1672
2.7084	49.78659
2.7091	50.28711
2.7098	51.62959
2.7105	52.6676
2.7112	53.71363
2.7119	54.53345
2.7126	54.78735
2.7133	54.75454
2.714	54.50442
2.7147	54.29426
2.7154	54.27008
2.7161	53.81894
2.7168	53.6898
2.7175	54.02713
2.7182	53.74926
2.7189	53.19894
2.7196	53.14332
2.7203	54.65739
2.721	54.54697
2.7217	55.18004
2.7224	53.96177
2.7231	53.66212
2.7238	54.29213
2.7245	55.80632
2.7252	56.54835
2.7259	56.69307
2.7266	56.97662
2.7273	57.00675
2.728	56.95289
2.7287	57.16779
2.7294	57.69078
2.7301	58.22262
2.7308	58.57392
2.7315	58.83581
2.7322	59.25616
2.7329	59.36467
2.7336	59.38608
2.7343	60.13582
2.735	60.59312
2.7357	60.47231
2.7364	60.96767
2.7371	60.53633
2.7378	60.89171
2.7385	61.55533
2.7392	60.93923
2.7399	61.6907
2.7406	61.12913
2.7413	62.39642
2.742	62.28198
2.7427	62.42863
2.7434	62.5115
2.7441	62.72242
2.7448	62.58476
2.7455	62.98028
2.7462	63.15951
2.7469	63.29792
2.7476	63.37019
2.7483	63.38775
2.749	63.39858
2.7497	63.40699
2.7504	63.48735
2.7511	63.53047
2.7518	63.95999
2.7525	63.27887
2.7532	63.24732
2.7539	63.50493
2.7546	62.74882
2.7553	63.93555
2.756	63.38167
2.7567	62.97348
2.7574	62.75811
2.7581	62.666
2.7588	62.82895
2.7595	62.86372
2.7602	62.62161
2.7609	62.58108
2.7616	62.70752
2.7623	63.04847
2.763	62.73838
2.7637	62.33294
2.7644	62.21755
2.7651	61.63407
2.7658	61.88487
2.7665	61.91197
2.7672	61.90887
2.7679	61.68325
2.7686	61.71421
2.7693	60.8198
2.77	61.27799
2.7707	61.295
2.7714	60.96482
2.7721	60.89284
2.7728	60.30373
2.7735	60.353
2.7742	60.04865
2.7749	60.29374
2.7756	60.43728
2.7763	59.92252
2.777	60.29289
2.7777	60.36359
2.7784	60.26928
2.7791	60.18855
2.7798	60.22522
2.7805	60.09856
2.7812	60.32079
2.7819	60.07171
2.7826	60.21334
2.7833	60.16291
2.784	59.818
2.7847	60.17115
2.7854	60.37454
2.7861	60.2861
2.7868	60.56268
2.7875	61.30385
2.7882	60.26953
2.7889	60.46277
2.7896	60.65564
2.7903	61.10783
2.791	61.19109
2.7917	61.74509
2.7924	61.67111
2.7931	61.87
2.7938	62.76107
2.7945	62.57719
2.7952	63.04285
2.7959	62.91944
2.7966	63.19996
2.7973	63.71248
2.798	63.62054
2.7987	63.68319
2.7994	63.94833
2.8001	64.11951
2.8008	64.52821
2.8015	64.6708
2.8022	64.26761
2.8029	64.58455
2.8036	64.25552
2.8043	64.96764
2.805	64.42896
2.8057	65.09613
2.8064	65.1454
2.8071	65.10994
2.8078	65.81753
2.8085	65.44541
2.8092	65.50882
2.8099	65.3055
2.8106	65.81995
2.8113	65.53891
2.812	65.69139
2.8127	65.82571
2.8134	66.04162
2.8141	65.94949
2.8148	65.97787
2.8155	66.28585
2.8162	65.87941
2.8169	65.8586
2.8176	66.05135
2.8183	66.1563
2.819	65.64912
2.8197	65.79769
2.8204	65.41901
2.8211	65.22246
2.8218	65.23877
2.8225	65.18272
2.8232	65.45455
2.8239	65.3617
2.8246	64.9568
2.8253	65.22659
2.826	65.24992
2.8267	65.1326
2.8274	64.83445
2.8281	64.59343
2.8288	64.1046
2.8295	64.0493
2.8302	63.89275
2.8309	64.17082
2.8316	64.09081
2.8323	63.5009
2.833	64.05185
2.8337	63.43819
2.8344	63.39614
2.8351	63.16638
2.8358	63.23402
2.8365	62.92238
2.8372	62.70749
2.8379	62.90581
2.8386	62.28402
2.8393	62.03953
2.84	62.01645
2.8407	61.73038
2.8414	61.97182
2.8421	61.61604
2.8428	61.59799
2.8435	61.54701
2.8442	60.9726
2.8449	61.16083
2.8456	60.74165
2.8463	60.77064
2.847	60.54379
2.8477	60.42242
2.8484	60.23842
2.8491	60.13531
2.8498	59.61707
2.8505	59.15869
2.8512	59.66972
2.8519	59.20642
2.8526	59.67945
2.8533	59.13869
2.854	59.00467
2.8547	58.9558
2.8554	58.73897
2.8561	59.49478
2.8568	58.89773
2.8575	58.7465
2.8582	58.64566
2.8589	58.44684
2.8596	58.30637
2.8603	57.89992
2.861	57.99431
2.8617	57.8764
2.8624	57.53176
2.8631	57.71877
2.8638	57.65626
2.8645	57.75603
2.8652	57.73657
2.8659	57.65129
2.8666	57.52488
2.8673	57.09446
2.868	57.1657
2.8687	57.39861
2.8694	57.73615
2.8701	57.39729
2.8708	57.26953
2.8715	56.82096
2.8722	56.71773
2.8729	57.15196
2.8736	57.46839
2.8743	58.07284
2.875	57.46552
2.8757	57.82573
2.8764	57.62434
2.8771	57.65237
2.8778	57.78937
2.8785	57.60874
2.8792	57.9139
2.8799	57.87281
2.8806	58.30441
2.8813	58.43987
2.882	58.76666
2.8827	59.28222
2.8834	58.95323
2.8841	59.05746
2.8848	59.3048
2.8855	59.89276
2.8862	59.91767
2.8869	60.58313
2.8876	60.97357
2.8883	60.53305
2.889	61.26131
2.8897	62.00342
2.8904	62.15396
2.8911	61.91206
2.8918	62.51465
2.8925	62.18044
2.8932	62.73579
2.8939	63.15931
2.8946	63.51919
2.8953	63.69419
2.896	63.74742
2.8967	64.68348
2.8974	64.36711
2.8981	64.93845
2.8988	64.83127
2.8995	65.29687
2.9002	65.72961
2.9009	65.49114
2.9016	65.98301
2.9023	66.28883
2.903	66.56143
2.9037	67.2169
2.9044	67.17079
2.9051	66.88105
2.9058	67.37804
2.9065	67.5156
2.9072	68.0077
2.9079	68.39371
2.9086	68.31843
2.9093	68.38872
2.91	68.82544
2.9107	69.00612
2.9114	68.92147
2.9121	69.57126
2.9128	69.73812
2.9135	69.67877
2.9142	70.04788
2.9149	69.6668
2.9156	69.66193
2.9163	70.09927
2.917	69.46774
2.9177	69.20855
2.9184	69.34516
2.9191	68.71192
2.9198	67.91411
2.9205	68.28839
2.9212	67.88514
2.9219	67.1469
2.9226	66.9591
2.9233	66.68127
2.924	66.14051
2.9247	65.54728
2.9254	65.52581
2.9261	65.07573
2.9268	64.32309
2.9275	63.66967
2.9282	63.0859
2.9289	62.4949
2.9296	62.34499
2.9303	61.9493
2.931	61.51435
2.9317	61.2056
2.9324	60.52248
2.9331	60.00016
2.9338	59.91905
2.9345	59.36207
2.9352	58.56973
2.9359	58.37132
2.9366	58.12466
2.9373	57.33979
2.938	57.24648
2.9387	56.93936
2.9394	56.38709
2.9401	56.28602
2.9408	55.95063
2.9415	55.2558
2.9422	55.11517
2.9429	54.86907
2.9436	54.38216
2.9443	54.25352
2.945	53.82827
2.9457	53.25153
2.9464	53.20944
2.9471	53.44245
2.9478	53.43799
2.9485	53.32315
2.9492	53.32094
2.9499	53.13865
2.9506	52.55469
2.9513	52.8778
2.952	52.29484
2.9527	51.85954
2.9534	51.96547
2.9541	51.26338
2.9548	51.1201
2.9555	51.20161
2.9562	50.84399
2.9569	51.15822
2.9576	50.91009
2.9583	51.10483
2.959	51.22664
2.9597	51.30532
2.9604	51.08154
2.9611	51.02039
2.9618	50.76969
2.9625	50.73278
2.9632	50.46279
2.9639	50.28619
2.9646	51.10279
2.9653	49.85051
2.966	50.14416
2.9667	50.57714
2.9674	49.81832
2.9681	50.3086
2.9688	50.6979
2.9695	50.86226
2.9702	50.62887
2.9709	50.95614
2.9716	50.92326
2.9723	50.91929
2.973	50.57415
2.9737	50.5538
2.9744	50.38157
2.9751	50.61122
2.9758	50.65932
2.9765	50.49481
2.9772	51.11544
2.9779	50.74523
2.9786	51.47286
2.9793	51.97756
2.98	52.26842
2.9807	52.46939
2.9814	52.56646
2.9821	52.67399
2.9828	52.61791
2.9835	52.66779
2.9842	52.96788
2.9849	53.41943
2.9856	53.16167
2.9863	53.40725
2.987	53.40623
2.9877	53.51856
2.9884	54.14139
2.9891	54.10516
2.9898	54.61176
2.9905	54.85394
2.9912	55.11118
2.9919	55.57017
2.9926	55.63537
2.9933	55.53368
2.994	55.39276
2.9947	55.51465
2.9954	55.51778
2.9961	55.23564
2.9968	55.50991
2.9975	55.56882
2.9982	55.39414
2.9989	55.69982
2.9996	55.59018
3.0003	55.63964
3.001	55.38413
3.0017	55.74215
3.0024	55.3274
3.0031	54.97006
3.0038	54.73212
3.0045	54.26888
3.0052	54.15543
3.0059	53.52778
3.0066	53.59583
3.0073	53.1369
3.008	52.61821
3.0087	52.72964
3.0094	52.01434
3.0101	52.51922
3.0108	52.46774
3.0115	53.03162
3.0122	52.80445
3.0129	52.41157
3.0136	52.84849
3.0143	52.27897
3.015	52.43551
3.0157	52.5162
3.0164	52.09046
3.0171	52.18585
3.0178	51.95434
3.0185	52.11527
3.0192	52.378
3.0199	52.37562
3.0206	52.58547
3.0213	52.92638
3.022	52.85995
3.0227	53.49888
3.0234	53.69895
3.0241	53.73866
3.0248	54.25598
3.0255	54.34268
3.0262	54.18966
3.0269	54.21467
3.0276	53.85238
3.0283	53.93315
3.029	53.3771
3.0297	53.78394
3.0304	53.90351
3.0311	53.55056
3.0318	53.57271
3.0325	53.33214
3.0332	53.99675
3.0339	53.96357
3.0346	53.89983
3.0353	53.88685
3.036	53.44237
3.0367	53.62281
3.0374	53.3667
3.0381	53.11395
3.0388	52.60067
3.0395	52.25783
3.0402	52.07964
3.0409	52.00911
3.0416	52.01706
3.0423	51.56644
3.043	51.38988
3.0437	51.78619
3.0444	52.18615
3.0451	52.08135
3.0458	51.90505
3.0465	52.15652
3.0472	51.90467
3.0479	51.95962
3.0486	51.93601
3.0493	51.73789
3.05	51.12439
3.0507	50.9474
3.0514	51.12418
3.0521	50.86355
3.0528	50.78599
3.0535	50.57289
3.0542	51.03788
3.0549	51.22666
3.0556	50.99815
3.0563	51.50288
3.057	51.49196
3.0577	51.62338
3.0584	51.98956
3.0591	51.63684
3.0598	51.57931
3.0605	50.99334
3.0612	50.90289
3.0619	51.36469
3.0626	51.23809
3.0633	50.95918
3.064	51.00403
3.0647	50.86304
3.0654	51.14656
3.0661	51.64744
3.0668	51.64546
3.0675	51.15255
3.0682	51.68692
3.0689	51.91591
3.0696	51.85968
3.0703	51.6593
3.071	51.5917
3.0717	51.39063
3.0724	51.4947
3.0731	51.34735
3.0738	51.46554
3.0745	51.40008
3.0752	51.2333
3.0759	51.71106
3.0766	52.09625
3.0773	51.92662
3.078	51.85052
3.0787	52.15629
3.0794	52.63402
3.0801	52.54563
3.0808	52.79841
3.0815	52.91142
3.0822	52.48494
3.0829	52.74005
3.0836	53.04219
3.0843	52.86227
3.085	52.9296
3.0857	52.92627
3.0864	52.89319
3.0871	52.68247
3.0878	52.8854
3.0885	53.25261
3.0892	53.36484
3.0899	53.56415
3.0906	53.48373
3.0913	53.5537
3.092	53.82626
3.0927	53.98273
3.0934	53.83481
3.0941	53.72698
3.0948	53.32458
3.0955	53.2085
3.0962	52.66606
3.0969	52.98205
3.0976	52.77909
3.0983	52.32674
3.099	52.84256
3.0997	53.21174
3.1004	53.02463
3.1011	53.17167
3.1018	52.95722
3.1025	53.1773
3.1032	52.7513
3.1039	52.97158
3.1046	52.96893
3.1053	52.7459
3.106	52.57461
3.1067	52.30529
3.1074	52.09548
3.1081	51.5874
3.1088	52.04944
3.1095	51.79943
3.1102	51.36431
3.1109	52.22857
3.1116	51.85658
3.1123	51.85089
3.113	52.53439
3.1137	52.32749
3.1144	52.3902
3.1151	52.49163
3.1158	52.29454
3.1165	52.69475
3.1172	52.2939
3.1179	51.93933
3.1186	52.25788
3.1193	52.04009
3.12	51.81618
3.1207	51.94998
3.1214	52.08838
3.1221	52.03329
3.1228	52.11803
3.1235	52.52411
3.1242	52.4963
3.1249	52.43795
3.1256	52.58599
3.1263	53.06877
3.127	53.16203
3.1277	53.26842
3.1284	53.28364
3.1291	53.02097
3.1298	52.91429
3.1305	52.81447
3.1312	52.52449
3.1319	52.80178
3.1326	52.93798
3.1333	52.97476
3.134	53.02354
3.1347	53.24821
3.1354	53.45317
3.1361	53.12768
3.1368	53.61934
3.1375	53.7792
3.1382	53.5462
3.1389	53.6789
3.1396	53.64954
3.1403	53.63927
3.141	53.57945
3.1417	53.25427
3.1424	53.55492
3.1431	53.46603
3.1438	53.16207
3.1445	53.58449
3.1452	53.57005
3.1459	53.65423
3.1466	53.47491
3.1473	53.75151
3.148	53.96256
3.1487	54.01228
3.1494	54.26841
3.1501	54.2119
3.1508	54.11711
3.1515	54.31036
3.1522	53.93496
3.1529	53.98797
3.1536	53.98846
3.1543	53.88315
3.155	53.68455
3.1557	54.24485
3.1564	54.48837
3.1571	54.4584
3.1578	54.6109
3.1585	54.46881
3.1592	54.65039
3.1599	55.02034
3.1606	54.81301
3.1613	55.00166
3.162	54.98711
3.1627	54.82229
3.1634	54.83041
3.1641	55.00907
3.1648	55.16354
3.1655	55.16874
3.1662	55.24248
3.1669	55.31174
3.1676	55.57724
3.1683	55.83361
3.169	55.52096
3.1697	55.9672
3.1704	55.8115
3.1711	55.94738
3.1718	56.33913
3.1725	56.38252
3.1732	56.18521
3.1739	56.36959
3.1746	56.62887
3.1753	56.68076
3.176	56.74499
3.1767	56.84548
3.1774	56.93811
3.1781	56.95671
3.1788	57.34132
3.1795	57.43089
3.1802	57.46419
3.1809	57.46839
3.1816	57.46895
3.1823	57.95481
3.183	58.22503
3.1837	58.30453
3.1844	58.4454
3.1851	58.52918
3.1858	58.8446
3.1865	58.82053
3.1872	58.93029
3.1879	59.47184
3.1886	59.35809
3.1893	59.38428
3.19	59.90731
3.1907	59.74279
3.1914	60.09939
3.1921	60.30196
3.1928	60.33368
3.1935	60.90113
3.1942	60.93668
3.1949	60.68194
3.1956	61.03934
3.1963	60.85365
3.197	60.84869
3.1977	61.06444
3.1984	61.27234
3.1991	61.2787
3.1998	61.0601
3.2005	60.75673
3.2012	60.79411
3.2019	60.92708
3.2026	61.08976
3.2033	61.03847
3.204	60.95454
3.2047	60.85202
3.2054	60.65767
3.2061	60.90469
3.2068	61.0849
3.2075	61.07179
3.2082	61.34869
3.2089	61.3305
3.2096	61.49932
3.2103	61.70074
3.211	62.02091
3.2117	62.32711
3.2124	62.43713
3.2131	62.6324
3.2138	62.88739
3.2145	62.88614
3.2152	63.06794
3.2159	63.30349
3.2166	63.56674
3.2173	63.97819
3.218	64.29225
3.2187	64.30519
3.2194	64.37529
3.2201	64.48596
3.2208	64.71289
3.2215	64.80809
3.2222	64.66667
3.2229	65.03523
3.2236	65.10625
3.2243	64.94652
3.225	65.19345
3.2257	64.94
3.2264	64.29564
3.2271	64.17669
3.2278	63.90075
3.2285	63.95961
3.2292	63.69798
3.2299	63.54376
3.2306	63.48967
3.2313	63.36768
3.232	63.38532
3.2327	63.34401
3.2334	63.63349
3.2341	63.49114
3.2348	63.14673
3.2355	63.58725
3.2362	63.75639
3.2369	63.83534
3.2376	64.01398
3.2383	64.20079
3.239	64.32296
3.2397	64.31315
3.2404	64.68679
3.2411	65.00141
3.2418	65.09396
3.2425	65.38329
3.2432	65.2142
3.2439	65.41902
3.2446	65.67489
3.2453	65.65821
3.246	65.59994
3.2467	65.50992
3.2474	65.75768
3.2481	65.74328
3.2488	65.36131
3.2495	65.9453
3.2502	65.8627
3.2509	65.43855
3.2516	65.85234
3.2523	65.81828
3.253	65.67891
3.2537	65.8031
3.2544	65.6287
3.2551	66.01081
3.2558	65.81955
3.2565	65.82825
3.2572	66.03052
3.2579	65.95527
3.2586	66.1021
3.2593	66.04474
3.26	65.86565
3.2607	66.26892
3.2614	66.14144
3.2621	65.85929
3.2628	65.91026
3.2635	65.96965
3.2642	66.0701
3.2649	66.08174
3.2656	66.2133
3.2663	66.04441
3.267	66.07052
3.2677	66.28267
3.2684	66.35917
3.2691	66.82632
3.2698	66.96378
3.2705	66.89522
3.2712	67.08092
3.2719	67.07976
3.2726	67.13148
3.2733	67.12541
3.274	66.92002
3.2747	66.93688
3.2754	67.00949
3.2761	66.76234
3.2768	66.48495
3.2775	66.28752
3.2782	66.05833
3.2789	65.66272
3.2796	65.50312
3.2803	65.31497
3.281	64.87465
3.2817	64.49499
3.2824	64.04958
3.2831	63.65706
3.2838	63.45586
3.2845	63.29941
3.2852	62.94881
3.2859	62.89338
3.2866	62.5489
3.2873	62.24475
3.288	62.28744
3.2887	62.2303
3.2894	62.09207
3.2901	62.13925
3.2908	61.92901
3.2915	62.06952
3.2922	62.24431
3.2929	62.14392
3.2936	62.2923
3.2943	62.38973
3.295	62.50326
3.2957	62.46887
3.2964	62.60073
3.2971	62.84129
3.2978	62.93529
3.2985	62.95324
3.2992	63.33808
3.2999	63.18213
3.3006	63.41007
3.3013	63.81828
3.302	63.65468
3.3027	64.06328
3.3034	64.47701
3.3041	64.32263
3.3048	64.4837
3.3055	64.92775
3.3062	65.00456
3.3069	64.991
3.3076	65.40802
3.3083	65.53996
3.309	65.58237
3.3097	66.08765
3.3104	66.30986
3.3111	66.22493
3.3118	66.71768
3.3125	66.80726
3.3132	66.87233
3.3139	67.19239
3.3146	67.30284
3.3153	67.40953
3.316	67.52529
3.3167	67.56748
3.3174	67.67665
3.3181	67.54444
3.3188	67.34108
3.3195	67.52544
3.3202	67.52455
3.3209	67.66154
3.3216	67.63976
3.3223	67.36973
3.323	67.33904
3.3237	67.29854
3.3244	67.35869
3.3251	67.5593
3.3258	67.5055
3.3265	67.60652
3.3272	67.60777
3.3279	67.38624
3.3286	67.47023
3.3293	67.64493
3.33	67.52134
3.3307	67.52515
3.3314	67.50649
3.3321	67.61648
3.3328	67.59367
3.3335	67.62059
3.3342	67.7111
3.3349	67.76534
3.3356	67.61823
3.3363	67.59805
3.337	67.58727
3.3377	67.50737
3.3384	67.64465
3.3391	67.78441
3.3398	67.68188
3.3405	67.59918
3.3412	67.63194
3.3419	67.57802
3.3426	67.69401
3.3433	67.69257
3.344	67.68272
3.3447	67.62436
3.3454	67.78087
3.3461	67.90187
3.3468	67.74776
3.3475	67.87033
3.3482	68.0122
3.3489	67.92042
3.3496	67.87246
3.3503	67.94689
3.351	67.94248
3.3517	67.91385
3.3524	67.86847
3.3531	68.12475
3.3538	68.112
3.3545	67.8223
3.3552	67.86232
3.3559	67.86562
3.3566	67.63439
3.3573	68.07305
3.358	68.37411
3.3587	68.00239
3.3594	68.08188
3.3601	68.14706
3.3608	67.7134
3.3615	67.80434
3.3622	67.98028
3.3629	67.98031
3.3636	68.04674
3.3643	67.94208
3.365	67.97861
3.3657	68.00433
3.3664	67.69027
3.3671	67.7168
3.3678	67.72635
3.3685	67.81534
3.3692	67.91829
3.3699	67.91388
3.3706	67.90534
3.3713	67.95291
3.372	67.87738
3.3727	67.90232
3.3734	67.8049
3.3741	67.48484
3.3748	67.70321
3.3755	67.56639
3.3762	67.7412
3.3769	68.10668
3.3776	67.7937
3.3783	67.59733
3.379	67.81371
3.3797	67.61839
3.3804	67.624
3.3811	67.91254
3.3818	67.95853
3.3825	67.83287
3.3832	67.50396
3.3839	67.60466
3.3846	67.83959
3.3853	67.70742
3.386	67.85515
3.3867	67.88849
3.3874	67.74612
3.3881	67.69173
3.3888	67.46648
3.3895	67.49284
3.3902	67.85458
3.3909	67.65848
3.3916	67.48649
3.3923	67.36429
3.393	67.21404
3.3937	67.38848
3.3944	67.50026
3.3951	67.50037
3.3958	67.30891
3.3965	66.96898
3.3972	66.78001
3.3979	66.60491
3.3986	66.28721
3.3993	66.54982
3.4	66.32023
3.4007	65.83027
3.4014	66.17415
3.4021	65.96875
3.4028	65.47154
3.4035	65.54532
3.4042	65.50888
3.4049	65.34978
3.4056	65.22173
3.4063	64.97523
3.407	64.80229
3.4077	64.80266
3.4084	64.5541
3.4091	64.59058
3.4098	64.67959
3.4105	64.69762
3.4112	64.38937
3.4119	64.26956
3.4126	64.3743
3.4133	64.05694
3.414	64.0919
3.4147	64.093
3.4154	64.00943
3.4161	64.13744
3.4168	64.19751
3.4175	64.2264
3.4182	64.23164
3.4189	64.10009
3.4196	64.28043
3.4203	64.73653
3.421	64.71224
3.4217	64.93505
3.4224	64.95186
3.4231	64.97052
3.4238	65.28229
3.4245	65.54806
3.4252	65.51123
3.4259	65.69369
3.4266	65.83799
3.4273	65.73877
3.428	65.85674
3.4287	66.42782
3.4294	66.68165
3.4301	66.57983
3.4308	66.67268
3.4315	66.89541
3.4322	66.92041
3.4329	66.92912
3.4336	67.23269
3.4343	67.09206
3.435	66.985
3.4357	67.32998
3.4364	67.27884
3.4371	67.33683
3.4378	67.61098
3.4385	67.40298
3.4392	67.46938
3.4399	67.43107
3.4406	67.38775
3.4413	67.4124
3.442	67.29811
3.4427	66.96768
3.4434	67.23802
3.4441	67.36516
3.4448	67.23106
3.4455	67.2346
3.4462	67.11704
3.4469	66.95078
3.4476	66.93748
3.4483	66.93616
3.449	66.84507
3.4497	66.94899
3.4504	66.86508
3.4511	66.60146
3.4518	66.77388
3.4525	66.9544
3.4532	66.64098
3.4539	66.42451
3.4546	66.39854
3.4553	66.45578
3.456	66.46463
3.4567	66.62127
3.4574	66.64869
3.4581	66.51093
3.4588	66.37806
3.4595	66.46011
3.4602	66.70634
3.4609	66.80177
3.4616	66.85575
3.4623	67.03202
3.463	66.71544
3.4637	66.33452
3.4644	66.41888
3.4651	66.56435
3.4658	66.58184
3.4665	66.54087
3.4672	66.45008
3.4679	66.33825
3.4686	66.39899
3.4693	66.36891
3.47	66.30298
3.4707	66.35367
3.4714	66.38193
3.4721	66.02745
3.4728	65.80523
3.4735	65.8215
3.4742	65.98198
3.4749	65.9405
3.4756	65.91265
3.4763	65.79117
3.477	65.83705
3.4777	65.86908
3.4784	65.75004
3.4791	65.64429
3.4798	65.81651
3.4805	65.76574
3.4812	65.54305
3.4819	65.57431
3.4826	65.49713
3.4833	65.36572
3.484	65.48943
3.4847	65.48559
3.4854	65.48782
3.4861	65.41857
3.4868	65.38297
3.4875	65.23381
3.4882	65.27709
3.4889	65.38117
3.4896	65.43617
3.4903	65.17685
3.491	65.09579
3.4917	65.30013
3.4924	65.14613
3.4931	64.9978
3.4938	65.03441
3.4945	65.02484
3.4952	64.71033
3.4959	64.58924
3.4966	64.50586
3.4973	64.55811
3.498	64.4901
3.4987	64.34938
3.4994	64.27583
3.5001	64.32794
3.5008	64.15716
3.5015	63.9176
3.5022	63.94598
3.5029	63.96655
3.5036	63.62187
3.5043	63.52856
3.505	63.54281
3.5057	63.35102
3.5064	63.183
3.5071	63.02322
3.5078	62.85178
3.5085	62.77348
3.5092	62.40067
3.5099	62.06403
3.5106	62.15481
3.5113	62.00666
3.512	61.91089
3.5127	61.96519
3.5134	61.7394
3.5141	61.6005
3.5148	61.38198
3.5155	61.08083
3.5162	60.79761
3.5169	60.7469
3.5176	60.66698
3.5183	60.64879
3.519	60.50433
3.5197	60.23913
3.5204	60.06987
3.5211	59.90454
3.5218	59.78971
3.5225	59.56634
3.5232	59.60829
3.5239	59.32595
3.5246	59.16638
3.5253	59.15474
3.526	59.01581
3.5267	58.85388
3.5274	58.76165
3.5281	58.62345
3.5288	58.56693
3.5295	58.50442
3.5302	58.27149
3.5309	58.08385
3.5316	57.81812
3.5323	57.52979
3.533	57.29772
3.5337	57.21677
3.5344	57.34753
3.5351	57.1399
3.5358	57.02265
3.5365	56.82176
3.5372	56.61868
3.5379	56.6187
3.5386	56.56115
3.5393	56.44072
3.54	56.59786
3.5407	56.46402
3.5414	56.38851
3.5421	56.48732
3.5428	56.27264
3.5435	56.30911
3.5442	56.49126
3.5449	56.39685
3.5456	56.60326
3.5463	56.77648
3.547	56.63427
3.5477	56.86089
3.5484	57.06942
3.5491	57.14106
3.5498	57.48601
3.5505	57.61231
3.5512	57.51306
3.5519	57.75982
3.5526	57.9871
3.5533	57.95361
3.554	57.97323
3.5547	58.088
3.5554	58.17165
3.5561	58.11965
3.5568	57.97148
3.5575	58.06254
3.5582	58.27453
3.5589	58.25884
3.5596	58.20044
3.5603	58.23548
3.561	58.30538
3.5617	58.42814
3.5624	58.33435
3.5631	58.19048
3.5638	58.2915
3.5645	58.39592
3.5652	58.1063
3.5659	58.05943
3.5666	58.29754
3.5673	58.10508
3.568	57.93768
3.5687	58.03894
3.5694	58.08121
3.5701	57.9354
3.5708	57.867
3.5715	57.64767
3.5722	57.51757
3.5729	57.37081
3.5736	57.24794
3.5743	57.24205
3.575	57.08515
3.5757	56.886
3.5764	56.70308
3.5771	56.28028
3.5778	56.07469
3.5785	56.04755
3.5792	55.94959
3.5799	56.00577
3.5806	55.99913
3.5813	55.69329
3.582	55.60795
3.5827	55.67254
3.5834	55.46789
3.5841	55.30488
3.5848	55.35224
3.5855	55.32492
3.5862	55.26573
3.5869	55.23212
3.5876	55.18658
3.5883	55.02892
3.589	54.89615
3.5897	54.68629
3.5904	54.4485
3.5911	54.26563
3.5918	54.28431
3.5925	54.11526
3.5932	53.85635
3.5939	53.63141
3.5946	53.56189
3.5953	53.54896
3.596	53.70985
3.5967	53.9234
3.5974	53.78788
3.5981	53.76506
3.5988	53.87453
3.5995	53.76623
3.6002	53.5701
3.6009	53.60369
3.6016	53.5707
3.6023	53.57727
3.603	53.57622
3.6037	53.2452
3.6044	53.13912
3.6051	53.27251
3.6058	53.10937
3.6065	52.8213
3.6072	52.72211
3.6079	52.6073
3.6086	52.42457
3.6093	52.21851
3.61	52.21828
3.6107	52.53768
3.6114	52.58072
3.6121	52.39292
3.6128	52.46222
3.6135	52.43936
3.6142	52.47666
3.6149	52.62103
3.6156	52.82537
3.6163	52.82333
3.617	52.82806
3.6177	52.78284
3.6184	52.71349
3.6191	52.72961
3.6198	52.69843
3.6205	52.37694
3.6212	52.18048
3.6219	52.27082
3.6226	52.27496
3.6233	52.11652
3.624	52.06918
3.6247	51.99884
3.6254	51.9285
3.6261	51.92856
3.6268	51.90911
3.6275	52.17738
3.6282	52.43414
3.6289	52.50712
3.6296	52.79285
3.6303	52.78426
3.631	52.65025
3.6317	52.84017
3.6324	52.92917
3.6331	52.7901
3.6338	53.00283
3.6345	53.05632
3.6352	52.80864
3.6359	52.83957
3.6366	52.76885
3.6373	52.64861
3.638	52.69674
3.6387	52.6043
3.6394	52.58734
3.6401	52.66912
3.6408	52.67302
3.6415	52.66419
3.6422	52.81207
3.6429	52.98466
3.6436	53.06249
3.6443	52.88515
3.645	52.9341
3.6457	53.25595
3.6464	53.14297
3.6471	52.8666
3.6478	52.88289
3.6485	52.82178
3.6492	52.61979
3.6499	52.54449
3.6506	52.25146
3.6513	52.1813
3.652	52.09038
3.6527	51.74878
3.6534	51.46939
3.6541	51.29643
3.6548	50.91606
3.6555	50.55808
3.6562	50.56587
3.6569	50.45192
3.6576	50.2648
3.6583	50.34779
3.659	50.33394
3.6597	50.25952
3.6604	50.36111
3.6611	50.37088
3.6618	50.43622
3.6625	50.51157
3.6632	50.33142
3.6639	50.29375
3.6646	50.4668
3.6653	50.2155
3.666	49.98033
3.6667	49.87481
3.6674	49.62158
3.6681	49.35215
3.6688	49.23264
3.6695	48.94703
3.6702	48.7185
3.6709	48.61997
3.6716	48.51051
3.6723	48.50894
3.673	48.51582
3.6737	48.49695
3.6744	48.447
3.6751	48.59242
3.6758	48.8195
3.6765	48.88209
3.6772	48.94246
3.6779	49.25174
3.6786	49.46326
3.6793	49.5117
3.68	49.41077
3.6807	49.38715
3.6814	49.29985
3.6821	48.99178
3.6828	48.5645
3.6835	48.47858
3.6842	48.39298
3.6849	48.25894
3.6856	48.02169
3.6863	47.8814
3.687	47.81107
3.6877	47.59806
3.6884	47.22187
3.6891	47.2773
3.6898	47.46576
3.6905	47.60869
3.6912	47.78682
3.6919	48.01066
3.6926	48.16277
3.6933	48.11718
3.694	47.92891
3.6947	48.01542
3.6954	48.16228
3.6961	48.08194
3.6968	48.01646
3.6975	48.05127
3.6982	47.87925
3.6989	47.61078
3.6996	47.35604
3.7003	47.2144
3.701	46.95977
3.7017	46.67331
3.7024	46.72353
3.7031	46.64484
3.7038	46.41848
3.7045	46.34607
3.7052	46.28392
3.7059	46.26351
3.7066	46.40619
3.7073	46.64038
3.708	46.81531
3.7087	46.92716
3.7094	47.01115
3.7101	47.24783
3.7108	47.44198
3.7115	47.4405
3.7122	47.46059
3.7129	47.59736
3.7136	47.38435
3.7143	47.11092
3.715	46.89167
3.7157	46.78344
3.7164	46.59247
3.7171	46.3144
3.7178	46.14357
3.7185	46.00256
3.7192	45.76058
3.7199	45.69772
3.7206	45.86576
3.7213	45.9522
3.722	45.81984
3.7227	45.93552
3.7234	46.27056
3.7241	46.38752
3.7248	46.67343
3.7255	47.24905
3.7262	47.53125
3.7269	47.56948
3.7276	47.54102
3.7283	47.43378
3.729	47.39086
3.7297	47.39131
3.7304	47.1648
3.7311	47.03434
3.7318	46.94419
3.7325	46.5792
3.7332	46.26103
3.7339	46.03186
3.7346	45.7659
3.7353	45.69398
3.736	45.65629
3.7367	45.66669
3.7374	45.82626
3.7381	45.86759
3.7388	45.9068
3.7395	46.17301
3.7402	46.33098
3.7409	46.49923
3.7416	46.83214
3.7423	46.97365
3.743	46.93734
3.7437	47.02275
3.7444	47.15736
3.7451	47.22727
3.7458	47.22332
3.7465	47.05401
3.7472	46.77204
3.7479	46.61677
3.7486	46.424
3.7493	46.24223
3.75	45.99198
3.7507	45.86642
3.7514	45.66164
3.7521	45.48537
3.7528	45.52821
3.7535	45.54963
3.7542	45.49204
3.7549	45.71721
3.7556	45.94588
3.7563	46.11555
3.757	46.4708
3.7577	46.99284
3.7584	47.18706
3.7591	47.30061
3.7598	47.56472
3.7605	47.58133
3.7612	47.66351
3.7619	47.88466
3.7626	47.83591
3.7633	47.56122
3.764	47.5799
3.7647	47.62501
3.7654	47.41496
3.7661	47.21805
3.7668	47.08289
3.7675	46.89221
3.7682	46.72829
3.7689	46.66387
3.7696	46.78626
3.7703	46.94191
3.771	47.17006
3.7717	47.39354
3.7724	47.51326
3.7731	47.66439
3.7738	47.97565
3.7745	48.15419
3.7752	48.2752
3.7759	48.57169
3.7766	48.76317
3.7773	48.8643
3.778	49.085
3.7787	49.14611
3.7794	49.08424
3.7801	49.12612
3.7808	49.08047
3.7815	49.10081
3.7822	49.18308
3.7829	49.13335
3.7836	49.02137
3.7843	49.07664
3.785	49.21842
3.7857	49.35086
3.7864	49.50491
3.7871	49.78487
3.7878	50.19724
3.7885	50.42032
3.7892	50.55815
3.7899	50.90386
3.7906	51.26837
3.7913	51.42924
3.792	51.55401
3.7927	51.72716
3.7934	52.08357
3.7941	52.3493
3.7948	52.40146
3.7955	52.48883
3.7962	52.66994
3.7969	52.58659
3.7976	52.32456
3.7983	52.39949
3.799	52.49306
3.7997	52.37187
3.8004	52.24077
3.8011	52.16283
3.8018	52.04255
3.8025	51.96032
3.8032	51.95243
3.8039	51.94662
3.8046	51.97433
3.8053	51.99176
3.806	52.14327
3.8067	52.32836
3.8074	52.27333
3.8081	52.2004
3.8088	52.32168
3.8095	52.36409
3.8102	52.28753
3.8109	52.3791
3.8116	52.58697
3.8123	52.64549
3.813	52.48252
3.8137	52.39078
3.8144	52.38889
3.8151	52.37694
3.8158	52.16802
3.8165	51.96972
3.8172	51.95767
3.8179	52.00469
3.8186	51.97488
3.8193	51.8369
3.82	51.87192
3.8207	51.85613
3.8214	51.70762
3.8221	51.71866
3.8228	51.89212
3.8235	52.08677
3.8242	52.30882
3.8249	52.39019
3.8256	52.39988
3.8263	52.59202
3.827	52.76482
3.8277	52.78385
3.8284	52.88458
3.8291	52.9273
3.8298	52.83282
3.8305	52.82493
3.8312	52.81165
3.8319	52.76026
3.8326	52.79394
3.8333	52.79414
3.834	52.66122
3.8347	52.567
3.8354	52.45252
3.8361	52.36535
3.8368	52.29728
3.8375	52.17377
3.8382	52.21625
3.8389	52.34563
3.8396	52.37123
3.8403	52.58256
3.841	53.01508
3.8417	53.09719
3.8424	53.06235
3.8431	53.33302
3.8438	53.5811
3.8445	53.64888
3.8452	53.73698
3.8459	53.91625
3.8466	54.11075
3.8473	54.24335
3.848	54.16326
3.8487	54.09998
3.8494	54.26509
3.8501	54.38982
3.8508	54.36569
3.8515	54.40879
3.8522	54.54844
3.8529	54.60917
3.8536	54.57871
3.8543	54.65019
3.855	54.79368
3.8557	54.8285
3.8564	54.95193
3.8571	55.18786
3.8578	55.32589
3.8585	55.40627
3.8592	55.5455
3.8599	55.61187
3.8606	55.66966
3.8613	55.87653
3.862	55.91004
3.8627	55.96082
3.8634	56.35955
3.8641	56.54747
3.8648	56.40011
3.8655	56.37909
3.8662	56.4089
3.8669	56.3646
3.8676	56.33494
3.8683	56.33138
3.869	56.39237
3.8697	56.46974
3.8704	56.44967
3.8711	56.36041
3.8718	56.40592
3.8725	56.4234
3.8732	56.26935
3.8739	56.20677
3.8746	56.2295
3.8753	56.26713
3.876	56.34229
3.8767	56.33261
3.8774	56.25117
3.8781	56.36799
3.8788	56.47231
3.8795	56.39656
3.8802	56.39236
3.8809	56.56093
3.8816	56.64697
3.8823	56.58623
3.883	56.67767
3.8837	56.64093
3.8844	56.56829
3.8851	56.63155
3.8858	56.54264
3.8865	56.3364
3.8872	56.21128
3.8879	56.14906
3.8886	56.09494
3.8893	56.16603
3.89	56.24743
3.8907	56.26308
3.8914	56.26957
3.8921	56.26127
3.8928	56.19341
3.8935	56.20896
3.8942	56.31227
3.8949	56.4706
3.8956	56.62529
3.8963	56.63561
3.897	56.72745
3.8977	56.88789
3.8984	56.84392
3.8991	56.7203
3.8998	56.85464
3.9005	57.0079
3.9012	56.96364
3.9019	56.93183
3.9026	56.95861
3.9033	56.98739
3.904	57.04742
3.9047	57.02989
3.9054	56.89386
3.9061	56.82863
3.9068	56.80679
3.9075	56.74347
3.9082	56.70778
3.9089	56.75408
3.9096	56.75056
3.9103	56.73791
3.911	56.75254
3.9117	56.76128
3.9124	56.76422
3.9131	56.74913
3.9138	56.79295
3.9145	56.88435
3.9152	56.9517
3.9159	56.99566
3.9166	57.15108
3.9173	57.1913
3.918	57.1659
3.9187	57.23036
3.9194	57.24005
3.9201	57.22969
3.9208	57.24696
3.9215	57.33204
3.9222	57.30262
3.9229	57.26983
3.9236	57.27866
3.9243	57.2158
3.925	57.1884
3.9257	57.21169
3.9264	57.23008
3.9271	57.15812
3.9278	57.14965
3.9285	57.17563
3.9292	57.13279
3.9299	57.15212
3.9306	57.22835
3.9313	57.27402
3.932	57.34746
3.9327	57.42271
3.9334	57.38292
3.9341	57.46584
3.9348	57.65877
3.9355	57.60088
3.9362	57.49225
3.9369	57.59629
3.9376	57.60136
3.9383	57.50161
3.939	57.60863
3.9397	57.65636
3.9404	57.56828
3.9411	57.62219
3.9418	57.57682
3.9425	57.43525
3.9432	57.44123
3.9439	57.42976
3.9446	57.32138
3.9453	57.31574
3.946	57.40466
3.9467	57.27862
3.9474	57.11454
3.9481	57.18563
3.9488	57.31079
3.9495	57.26713
3.9502	57.07887
3.9509	57.08606
3.9516	57.29677
3.9523	57.3032
3.953	57.0523
3.9537	56.91343
3.9544	56.96263
3.9551	56.9558
3.9558	56.83467
3.9565	56.7736
3.9572	56.84333
3.9579	56.87133
3.9586	56.75985
3.9593	56.59459
3.96	56.5006
3.9607	56.41285
3.9614	56.26029
3.9621	56.09915
3.9628	55.95957
3.9635	55.80228
3.9642	55.59882
3.9649	55.4645
3.9656	55.40059
3.9663	55.28382
3.967	55.07974
3.9677	54.96827
3.9684	55.04499
3.9691	55.16008
3.9698	55.20425
3.9705	55.14622
3.9712	55.03702
3.9719	54.91543
3.9726	54.84468
3.9733	54.77239
3.974	54.65143
3.9747	54.62799
3.9754	54.6571
3.9761	54.59607
3.9768	54.50617
3.9775	54.43585
3.9782	54.345
3.9789	54.38483
3.9796	54.50684
3.9803	54.45791
3.981	54.30863
3.9817	54.2266
3.9824	54.19272
3.9831	54.14703
3.9838	54.18728
3.9845	54.21527
3.9852	54.16091
3.9859	54.19243
3.9866	54.18873
3.9873	54.06322
3.988	53.98656
3.9887	54.08786
3.9894	54.22294
3.9901	54.17871
3.9908	54.14951
3.9915	54.3065
3.9922	54.39807
3.9929	54.29441
3.9936	54.30228
3.9943	54.47156
3.995	54.48981
3.9957	54.45276
3.9964	54.49783
3.9971	54.46035
3.9978	54.40071
3.9985	54.46621
3.9992	54.504
3.9999	54.36521
4.0006	54.21488
4.0013	54.1052
4.002	53.97657
4.0027	53.89057
4.0034	53.80696
4.0041	53.75672
4.0048	53.78225
4.0055	53.78918
4.0062	53.6768
4.0069	53.53382
4.0076	53.506
4.0083	53.47109
4.009	53.4323
4.0097	53.49573
4.0104	53.59349
4.0111	53.51065
4.0118	53.23384
4.0125	53.14444
4.0132	53.22535
4.0139	53.22039
4.0146	53.16114
4.0153	53.10259
4.016	53.02126
4.0167	52.86893
4.0174	52.67772
4.0181	52.48718
4.0188	52.38961
4.0195	52.35959
4.0202	52.22356
4.0209	52.06864
4.0216	51.94163
4.0223	51.70292
4.023	51.53045
4.0237	51.5964
4.0244	51.54691
4.0251	51.29653
4.0258	51.25256
4.0265	51.38242
4.0272	51.36407
4.0279	51.27759
4.0286	51.25963
4.0293	51.17055
4.03	51.08592
4.0307	51.07346
4.0314	50.98823
4.0321	50.92855
4.0328	50.96464
4.0335	50.99464
4.0342	50.90603
4.0349	50.69144
4.0356	50.49944
4.0363	50.43319
4.037	50.46731
4.0377	50.37331
4.0384	50.15265
4.0391	50.10361
4.0398	50.1233
4.0405	49.99172
4.0412	49.86392
4.0419	49.86364
4.0426	49.78807
4.0433	49.5622
4.044	49.50551
4.0447	49.6523
4.0454	49.64511
4.0461	49.58734
4.0468	49.72642
4.0475	49.79668
4.0482	49.7273
4.0489	49.75683
4.0496	49.82556
4.0503	49.87502
4.051	49.97354
4.0517	50.01005
4.0524	49.93061
4.0531	49.84332
4.0538	49.76287
4.0545	49.67114
4.0552	49.62341
4.0559	49.57839
4.0566	49.46518
4.0573	49.41496
4.058	49.44685
4.0587	49.42364
4.0594	49.40513
4.0601	49.36606
4.0608	49.25162
4.0615	49.21528
4.0622	49.22297
4.0629	49.16038
4.0636	49.17188
4.0643	49.34188
4.065	49.47471
4.0657	49.52152
4.0664	49.60275
4.0671	49.66911
4.0678	49.76467
4.0685	49.87399
4.0692	49.76452
4.0699	49.62032
4.0706	49.75066
4.0713	49.86461
4.072	49.7432
4.0727	49.74397
4.0734	49.92546
4.0741	49.94511
4.0748	49.86268
4.0755	49.86256
4.0762	49.80739
4.0769	49.72097
4.0776	49.78059
4.0783	49.81062
4.079	49.67964
4.0797	49.61523
4.0804	49.68148
4.0811	49.73149
4.0818	49.75622
4.0825	49.81566
4.0832	49.85781
4.0839	49.88428
4.0846	49.97743
4.0853	50.09821
4.086	50.20763
4.0867	50.29134
4.0874	50.32929
4.0881	50.3594
4.0888	50.4282
4.0895	50.5637
4.0902	50.67502
4.0909	50.7594
4.0916	50.9362
4.0923	51.06216
4.093	50.9906
4.0937	50.91552
4.0944	51.03854
4.0951	51.20678
4.0958	51.27061
4.0965	51.35779
4.0972	51.47921
4.0979	51.54733
4.0986	51.54151
4.0993	51.55222
4.1	51.76191
4.1007	52.02957
4.1014	52.12521
4.1021	52.19179
4.1028	52.34587
4.1035	52.42336
4.1042	52.43434
4.1049	52.62477
4.1056	52.83857
4.1063	52.83248
4.107	52.90992
4.1077	53.16849
4.1084	53.23866
4.1091	53.15782
4.1098	53.24407
4.1105	53.40429
4.1112	53.4823
4.1119	53.61755
4.1126	53.78464
4.1133	53.82841
4.114	53.8706
4.1147	54.02366
4.1154	54.14632
4.1161	54.15252
4.1168	54.13259
4.1175	54.1713
4.1182	54.29341
4.1189	54.45852
4.1196	54.57553
4.1203	54.62256
4.121	54.66244
4.1217	54.76976
4.1224	54.91626
4.1231	54.95253
4.1238	54.90995
4.1245	55.00087
4.1252	55.21739
4.1259	55.35678
4.1266	55.36924
4.1273	55.42651
4.128	55.60126
4.1287	55.74005
4.1294	55.83476
4.1301	55.98344
4.1308	56.10215
4.1315	56.19149
4.1322	56.35015
4.1329	56.5113
4.1336	56.56649
4.1343	56.51451
4.135	56.50023
4.1357	56.591
4.1364	56.64064
4.1371	56.6442
4.1378	56.74977
4.1385	56.935
4.1392	57.08424
4.1399	57.17691
4.1406	57.23669
4.1413	57.27402
4.142	57.32024
4.1427	57.36671
4.1434	57.36339
4.1441	57.39012
4.1448	57.54274
4.1455	57.69332
4.1462	57.72535
4.1469	57.73368
4.1476	57.77745
4.1483	57.81631
4.149	57.86175
4.1497	57.9647
4.1504	58.15209
4.1511	58.34914
4.1518	58.45173
4.1525	58.47677
4.1532	58.48462
4.1539	58.50693
4.1546	58.56036
4.1553	58.63235
4.156	58.6691
4.1567	58.64988
4.1574	58.65178
4.1581	58.72683
4.1588	58.84124
4.1595	58.92617
4.1602	58.94327
4.1609	58.97077
4.1616	59.05802
4.1623	59.11413
4.163	59.06236
4.1637	59.02402
4.1644	59.14375
4.1651	59.26502
4.1658	59.29203
4.1665	59.36395
4.1672	59.45833
4.1679	59.50983
4.1686	59.52769
4.1693	59.53695
4.17	59.59151
4.1707	59.62307
4.1714	59.6252
4.1721	59.681
4.1728	59.70835
4.1735	59.63682
4.1742	59.55918
4.1749	59.60788
4.1756	59.72254
4.1763	59.75793
4.177	59.76638
4.1777	59.77516
4.1784	59.76756
4.1791	59.78854
4.1798	59.80654
4.1805	59.84635
4.1812	59.93656
4.1819	59.99311
4.1826	59.96991
4.1833	59.87182
4.184	59.76993
4.1847	59.74434
4.1854	59.79643
4.1861	59.86804
4.1868	59.88676
4.1875	59.85788
4.1882	59.79501
4.1889	59.73215
4.1896	59.76433
4.1903	59.82402
4.191	59.79787
4.1917	59.75548
4.1924	59.73426
4.1931	59.66274
4.1938	59.59777
4.1945	59.61843
4.1952	59.58176
4.1959	59.49765
4.1966	59.55912
4.1973	59.59415
4.198	59.46152
4.1987	59.36213
4.1994	59.32463
4.2001	59.2851
4.2008	59.29884
4.2015	59.28835
4.2022	59.15206
4.2029	59.08984
4.2036	59.23651
4.2043	59.21364
4.205	58.92533
4.2057	58.82576
4.2064	58.85298
4.2071	58.69032
4.2078	58.60604
4.2085	58.72616
4.2092	58.71404
4.2099	58.57703
4.2106	58.54238
4.2113	58.43925
4.212	58.2469
4.2127	58.34215
4.2134	58.56597
4.2141	58.47933
4.2148	58.34779
4.2155	58.4617
4.2162	58.45772
4.2169	58.1741
4.2176	58.05828
4.2183	58.16636
4.219	58.05036
4.2197	57.84493
4.2204	57.85128
4.2211	57.75093
4.2218	57.44543
4.2225	57.2367
4.2232	57.14964
4.2239	56.97422
4.2246	56.70157
4.2253	56.57643
4.226	56.59055
4.2267	56.67702
4.2274	56.90837
4.2281	56.82486
4.2288	56.21565
4.2295	56.0205
4.2302	56.3999
4.2309	56.3471
4.2316	55.67298
4.2323	55.33542
4.233	55.37815
4.2337	55.32947
4.2344	55.04047
4.2351	54.57456
4.2358	54.44797
4.2365	55.16759
4.2372	55.49379
4.2379	54.67892
4.2386	53.80613
4.2393	54.00985
4.24	54.1876
4.2407	53.76884
4.2414	53.53104
4.2421	53.68814
4.2428	53.94263
4.2435	54.27555
4.2442	54.20531
4.2449	53.76446
4.2456	53.59405
4.2463	53.69633
4.247	53.46154
4.2477	53.06924
4.2484	52.89566
4.2491	52.98876
4.2498	53.09812
4.2505	53.14123
4.2512	53.13074
4.2519	52.98926
4.2526	52.75936
4.2533	52.65054
4.254	52.7504
4.2547	52.81707
4.2554	52.65541
4.2561	52.50863
4.2568	52.55196
4.2575	52.61407
4.2582	52.6328
4.2589	52.64254
4.2596	52.54567
4.2603	52.32394
4.261	52.11433
4.2617	52.09514
4.2624	52.12927
4.2631	52.06748
4.2638	52.0747
4.2645	52.13176
4.2652	52.04662
4.2659	51.91527
4.2666	51.77838
4.2673	51.72669
4.268	51.81808
4.2687	51.79156
4.2694	51.662
4.2701	51.52362
4.2708	51.34737
4.2715	51.25354
4.2722	51.37778
4.2729	51.82442
4.2736	52.33676
4.2743	52.26861
4.275	51.69398
4.2757	51.24102
4.2764	51.42625
4.2771	51.75535
4.2778	51.75886
4.2785	51.77569
4.2792	51.99809
4.2799	52.09109
4.2806	51.98084
4.2813	51.83759
4.282	51.74413
4.2827	51.88644
4.2834	52.10806
4.2841	52.03568
4.2848	51.68251
4.2855	51.47266
4.2862	51.55137
4.2869	51.49908
4.2876	51.37716
4.2883	51.34793
4.289	51.22028
4.2897	51.11219
4.2904	51.15315
4.2911	51.08816
4.2918	51.06447
4.2925	51.28479
4.2932	51.34117
4.2939	51.06215
4.2946	50.80052
4.2953	50.82175
4.296	50.91689
4.2967	50.73746
4.2974	50.55572
4.2981	50.62284
4.2988	50.70522
4.2995	50.57556
4.3002	50.40985
4.3009	50.43215
4.3016	50.54825
4.3023	50.55641
4.303	50.4967
4.3037	50.63775
4.3044	50.80516
4.3051	50.8057
4.3058	50.75959
4.3065	50.77073
4.3072	50.81931
4.3079	50.86224
4.3086	50.78042
4.3093	50.53553
4.31	50.44731
4.3107	50.6854
4.3114	50.74538
4.3121	50.48942
4.3128	50.33185
4.3135	50.42151
4.3142	50.44317
4.3149	50.25505
4.3156	50.13291
4.3163	50.22969
4.317	50.36842
4.3177	50.39185
4.3184	50.37832
4.3191	50.46177
4.3198	50.6167
4.3205	50.62868
4.3212	50.49659
4.3219	50.48609
4.3226	50.54528
4.3233	50.58922
4.324	50.72171
4.3247	50.82466
4.3254	50.79791
4.3261	50.86081
4.3268	51.04864
4.3275	51.16297
4.3282	51.16918
4.3289	51.22598
4.3296	51.38792
4.3303	51.48033
4.331	51.49639
4.3317	51.60938
4.3324	51.74524
4.3331	51.75862
4.3338	51.78517
4.3345	51.93482
4.3352	52.12221
4.3359	52.27725
4.3366	52.37429
4.3373	52.3908
4.338	52.34943
4.3387	52.32441
4.3394	52.39941
4.3401	52.56517
4.3408	52.71221
4.3415	52.82317
4.3422	52.98835
4.3429	53.1944
4.3436	53.32952
4.3443	53.36812
4.345	53.40133
4.3457	53.52015
4.3464	53.72305
4.3471	53.96895
4.3478	54.26351
4.3485	54.56852
4.3492	54.74005
4.3499	54.78782
4.3506	54.90471
4.3513	55.08519
4.352	55.16958
4.3527	55.17247
4.3534	55.24733
4.3541	55.47428
4.3548	55.769
4.3555	55.9535
4.3562	55.98796
4.3569	55.99062
4.3576	56.05726
4.3583	56.1885
4.359	56.3033
4.3597	56.35049
4.3604	56.44767
4.3611	56.6954
4.3618	56.97034
4.3625	57.09173
4.3632	57.06089
4.3639	57.02661
4.3646	57.0638
4.3653	57.09385
4.366	57.08762
4.3667	57.14071
4.3674	57.26887
4.3681	57.35414
4.3688	57.34654
4.3695	57.36444
4.3702	57.4672
4.3709	57.48871
4.3716	57.37589
4.3723	57.38129
4.373	57.59948
4.3737	57.79232
4.3744	57.81516
4.3751	57.74777
4.3758	57.67353
4.3765	57.62222
4.3772	57.59973
4.3779	57.56693
4.3786	57.48491
4.3793	57.40806
4.38	57.41457
4.3807	57.44941
4.3814	57.42441
4.3821	57.37443
4.3828	57.32734
4.3835	57.23669
4.3842	57.09867
4.3849	56.95762
4.3856	56.86758
4.3863	56.83659
4.387	56.7749
4.3877	56.66899
4.3884	56.65196
4.3891	56.73383
4.3898	56.78052
4.3905	56.78281
4.3912	56.81161
4.3919	56.83405
4.3926	56.82442
4.3933	56.83923
4.394	56.84649
4.3947	56.76727
4.3954	56.68603
4.3961	56.71946
4.3968	56.8093
4.3975	56.8708
4.3982	56.91916
4.3989	56.95541
4.3996	56.98054
4.4003	57.03324
4.401	57.08296
4.4017	57.0771
4.4024	57.06087
4.4031	57.0732
4.4038	57.0718
4.4045	57.04865
4.4052	57.05527
4.4059	57.10588
4.4066	57.1668
4.4073	57.21266
4.408	57.2492
4.4087	57.29391
4.4094	57.33416
4.4101	57.33124
4.4108	57.29409
4.4115	57.28852
4.4122	57.34138
4.4129	57.41033
4.4136	57.4729
4.4143	57.54829
4.415	57.61024
4.4157	57.62064
4.4164	57.62593
4.4171	57.6647
4.4178	57.67614
4.4185	57.63048
4.4192	57.57886
4.4199	57.56037
4.4206	57.59226
4.4213	57.67569
4.422	57.78929
4.4227	57.90662
4.4234	57.94844
4.4241	57.85046
4.4248	57.72641
4.4255	57.68713
4.4262	57.62165
4.4269	57.46088
4.4276	57.35644
4.4283	57.3881
4.429	57.41814
4.4297	57.35134
4.4304	57.2584
4.4311	57.21857
4.4318	57.24067
4.4325	57.29969
4.4332	57.32207
4.4339	57.25763
4.4346	57.19012
4.4353	57.18316
4.436	57.1588
4.4367	57.11284
4.4374	57.13398
4.4381	57.15909
4.4388	57.0824
4.4395	56.98537
4.4402	56.98337
4.4409	57.02523
4.4416	57.00614
4.4423	56.92746
4.443	56.86483
4.4437	56.83858
4.4444	56.80573
4.4451	56.75644
4.4458	56.71458
4.4465	56.68117
4.4472	56.63289
4.4479	56.54957
4.4486	56.43773
4.4493	56.31077
4.45	56.17799
4.4507	56.10132
4.4514	56.12913
4.4521	56.17213
4.4528	56.1327
4.4535	56.0501
4.4542	55.97829
4.4549	55.89718
4.4556	55.79176
4.4563	55.6874
4.457	55.62678
4.4577	55.60479
4.4584	55.54556
4.4591	55.45808
4.4598	55.4651
4.4605	55.55586
4.4612	55.57857
4.4619	55.52526
4.4626	55.51049
4.4633	55.51701
4.464	55.46007
4.4647	55.37662
4.4654	55.32862
4.4661	55.28664
4.4668	55.24055
4.4675	55.21702
4.4682	55.17887
4.4689	55.10697
4.4696	55.06926
4.4703	55.04381
4.471	54.91452
4.4717	54.72748
4.4724	54.64137
4.4731	54.61552
4.4738	54.49509
4.4745	54.31888
4.4752	54.23645
4.4759	54.25617
4.4766	54.28607
4.4773	54.2835
4.478	54.2577
4.4787	54.22468
4.4794	54.17702
4.4801	54.10045
4.4808	54.02929
4.4815	54.00481
4.4822	54.01502
4.4829	54.0597
4.4836	54.15707
4.4843	54.24142
4.485	54.21956
4.4857	54.12215
4.4864	54.05814
4.4871	54.04462
4.4878	54.01935
4.4885	53.98801
4.4892	54.00532
4.4899	54.04298
4.4906	54.03938
4.4913	53.99504
4.492	53.92368
4.4927	53.85799
4.4934	53.85846
4.4941	53.87049
4.4948	53.77415
4.4955	53.61733
4.4962	53.52604
4.4969	53.47209
4.4976	53.37908
4.4983	53.28149
4.499	53.23012
4.4997	53.21354
4.5004	53.22724
4.5011	53.27916
4.5018	53.31391
4.5025	53.27057
4.5032	53.19902
4.5039	53.17279
4.5046	53.17217
4.5053	53.17709
4.506	53.19661
4.5067	53.19485
4.5074	53.19071
4.5081	53.26517
4.5088	53.3583
4.5095	53.34632
4.5102	53.28143
4.5109	53.26954
4.5116	53.29037
4.5123	53.30472
4.513	53.31846
4.5137	53.30068
4.5144	53.22242
4.5151	53.14281
4.5158	53.13166
4.5165	53.1504
4.5172	53.11122
4.5179	53.00934
4.5186	52.89909
4.5193	52.80662
4.52	52.73296
4.5207	52.65425
4.5214	52.53199
4.5221	52.40007
4.5228	52.33808
4.5235	52.33908
4.5242	52.34864
4.5249	52.36426
4.5256	52.38952
4.5263	52.39349
4.527	52.36823
4.5277	52.34966
4.5284	52.35117
4.5291	52.31714
4.5298	52.23097
4.5305	52.19337
4.5312	52.2423
4.5319	52.26134
4.5326	52.21926
4.5333	52.2323
4.534	52.2937
4.5347	52.27854
4.5354	52.20071
4.5361	52.1516
4.5368	52.08238
4.5375	51.90559
4.5382	51.6839
4.5389	51.54078
4.5396	51.48048
4.5403	51.43823
4.541	51.39408
4.5417	51.33367
4.5424	51.22357
4.5431	51.08752
4.5438	50.97756
4.5445	50.89933
4.5452	50.84808
4.5459	50.81382
4.5466	50.75303
4.5473	50.67396
4.548	50.63794
4.5487	50.62291
4.5494	50.58097
4.5501	50.57021
4.5508	50.64935
4.5515	50.75893
4.5522	50.81954
4.5529	50.83759
4.5536	50.86352
4.5543	50.90645
4.555	50.94598
4.5557	51.00405
4.5564	51.10105
4.5571	51.17476
4.5578	51.17212
4.5585	51.14902
4.5592	51.165
4.5599	51.19259
4.5606	51.17799
4.5613	51.11234
4.562	51.0391
4.5627	50.98447
4.5634	50.90201
4.5641	50.77864
4.5648	50.70632
4.5655	50.71153
4.5662	50.6731
4.5669	50.54184
4.5676	50.43644
4.5683	50.41775
4.569	50.38672
4.5697	50.29839
4.5704	50.27738
4.5711	50.40107
4.5718	50.55836
4.5725	50.64062
4.5732	50.68415
4.5739	50.73008
4.5746	50.78243
4.5753	50.91018
4.576	51.149
4.5767	51.37631
4.5774	51.48614
4.5781	51.53258
4.5788	51.60574
4.5795	51.6994
4.5802	51.74687
4.5809	51.72467
4.5816	51.70116
4.5823	51.75536
4.583	51.87541
4.5837	51.98258
4.5844	52.00577
4.5851	51.92345
4.5858	51.79687
4.5865	51.72933
4.5872	51.74221
4.5879	51.76148
4.5886	51.7523
4.5893	51.76227
4.59	51.7995
4.5907	51.7867
4.5914	51.70742
4.5921	51.65732
4.5928	51.69118
4.5935	51.75472
4.5942	51.81303
4.5949	51.89901
4.5956	52.02836
4.5963	52.1692
4.597	52.29103
4.5977	52.3872
4.5984	52.49454
4.5991	52.65509
4.5998	52.83147
4.6005	52.95138
4.6012	53.02072
4.6019	53.0983
4.6026	53.19224
4.6033	53.27785
4.604	53.37206
4.6047	53.50891
4.6054	53.65814
4.6061	53.74306
4.6068	53.75523
4.6075	53.78545
4.6082	53.88538
4.6089	53.9825
4.6096	53.99483
4.6103	53.94452
4.611	53.8884
4.6117	53.84135
4.6124	53.81374
4.6131	53.83039
4.6138	53.87921
4.6145	53.92201
4.6152	53.97983
4.6159	54.11632
4.6166	54.30219
4.6173	54.42051
4.618	54.42984
4.6187	54.42245
4.6194	54.50302
4.6201	54.67648
4.6208	54.86662
4.6215	55.01187
4.6222	55.12864
4.6229	55.26447
4.6236	55.42906
4.6243	55.59791
4.625	55.73627
4.6257	55.80774
4.6264	55.82804
4.6271	55.8965
4.6278	56.07393
4.6285	56.29411
4.6292	56.45867
4.6299	56.53833
4.6306	56.56085
4.6313	56.58349
4.632	56.65751
4.6327	56.73971
4.6334	56.7373
4.6341	56.68442
4.6348	56.70979
4.6355	56.8163
4.6362	56.88249
4.6369	56.89126
4.6376	56.93743
4.6383	57.02439
4.639	57.07987
4.6397	57.10233
4.6404	57.13622
4.6411	57.18619
4.6418	57.2509
4.6425	57.34147
4.6432	57.43807
4.6439	57.53059
4.6446	57.65186
4.6453	57.79787
4.646	57.90328
4.6467	57.93663
4.6474	57.93012
4.6481	57.94361
4.6488	58.06028
4.6495	58.29099
4.6502	58.48299
4.6509	58.50816
4.6516	58.48819
4.6523	58.58176
4.653	58.69886
4.6537	58.70575
4.6544	58.6572
4.6551	58.63898
4.6558	58.63292
4.6565	58.66856
4.6572	58.798
4.6579	58.90035
4.6586	58.85146
4.6593	58.7613
4.66	58.78861
4.6607	58.86184
4.6614	58.86094
4.6621	58.84479
4.6628	58.9007
4.6635	58.9944
4.6642	59.06888
4.6649	59.13072
4.6656	59.18268
4.6663	59.20083
4.667	59.18643
4.6677	59.1711
4.6684	59.19434
4.6691	59.27759
4.6698	59.38482
4.6705	59.44195
4.6712	59.42726
4.6719	59.3848
4.6726	59.36336
4.6733	59.39324
4.674	59.47706
4.6747	59.54998
4.6754	59.5463
4.6761	59.52548
4.6768	59.59978
4.6775	59.73778
4.6782	59.80269
4.6789	59.78836
4.6796	59.79306
4.6803	59.83103
4.681	59.8352
4.6817	59.81237
4.6824	59.81639
4.6831	59.82619
4.6838	59.80963
4.6845	59.81978
4.6852	59.90694
4.6859	60.00386
4.6866	60.02831
4.6873	60.00753
4.688	60.0056
4.6887	60.02967
4.6894	60.06585
4.6901	60.12466
4.6908	60.19659
4.6915	60.25519
4.6922	60.31453
4.6929	60.40332
4.6936	60.48796
4.6943	60.50652
4.695	60.46901
4.6957	60.44073
4.6964	60.45308
4.6971	60.48656
4.6978	60.53291
4.6985	60.60597
4.6992	60.69198
4.6999	60.74629
4.7006	60.75621
4.7013	60.78019
4.702	60.86928
4.7027	60.97444
4.7034	61.00654
4.7041	60.99175
4.7048	61.06172
4.7055	61.22909
4.7062	61.34445
4.7069	61.32319
4.7076	61.26221
4.7083	61.28161
4.709	61.37535
4.7097	61.48291
4.7104	61.56589
4.7111	61.60388
4.7118	61.60379
4.7125	61.61149
4.7132	61.64948
4.7139	61.6807
4.7146	61.67452
4.7153	61.67204
4.716	61.72852
4.7167	61.8213
4.7174	61.88648
4.7181	61.90607
4.7188	61.90971
4.7195	61.90835
4.7202	61.8921
4.7209	61.86613
4.7216	61.85852
4.7223	61.90495
4.723	62.00608
4.7237	62.09252
4.7244	62.09714
4.7251	62.05515
4.7258	62.04439
4.7265	62.04667
4.7272	62.01511
4.7279	61.98793
4.7286	62.01118
4.7293	62.02932
4.73	62.0112
4.7307	62.02995
4.7314	62.11106
4.7321	62.13897
4.7328	62.05283
4.7335	61.97756
4.7342	62.02433
4.7349	62.11623
4.7356	62.11989
4.7363	62.05832
4.737	62.03906
4.7377	62.08697
4.7384	62.13428
4.7391	62.12682
4.7398	62.08447
4.7405	62.06619
4.7412	62.10122
4.7419	62.14747
4.7426	62.14909
4.7433	62.10967
4.744	62.06588
4.7447	62.03371
4.7454	62.01046
4.7461	61.98973
4.7468	61.96675
4.7475	61.96181
4.7482	61.99865
4.7489	62.0286
4.7496	61.98481
4.7503	61.90415
4.751	61.88998
4.7517	61.93194
4.7524	61.92543
4.7531	61.85493
4.7538	61.81094
4.7545	61.82895
4.7552	61.84196
4.7559	61.81652
4.7566	61.7972
4.7573	61.81567
4.758	61.84397
4.7587	61.86987
4.7594	61.90768
4.7601	61.93137
4.7608	61.88288
4.7615	61.7835
4.7622	61.72281
4.7629	61.73671
4.7636	61.75683
4.7643	61.72186
4.765	61.65764
4.7657	61.62813
4.7664	61.65087
4.7671	61.69084
4.7678	61.71687
4.7685	61.7264
4.7692	61.73837
4.7699	61.7823
4.7706	61.86618
4.7713	61.94036
4.772	61.93596
4.7727	61.86759
4.7734	61.80593
4.7741	61.76452
4.7748	61.70268
4.7755	61.63684
4.7762	61.60884
4.7769	61.58784
4.7776	61.5318
4.7783	61.50371
4.779	61.56722
4.7797	61.6492
4.7804	61.6393
4.7811	61.56105
4.7818	61.50321
4.7825	61.46969
4.7832	61.4167
4.7839	61.36597
4.7846	61.36406
4.7853	61.39911
4.786	61.42986
4.7867	61.4395
4.7874	61.41908
4.7881	61.36811
4.7888	61.31558
4.7895	61.27104
4.7902	61.19423
4.7909	61.08127
4.7916	61.00611
4.7923	60.99627
4.793	60.97421
4.7937	60.88845
4.7944	60.78678
4.7951	60.71347
4.7958	60.64991
4.7965	60.5872
4.7972	60.5483
4.7979	60.53096
4.7986	60.51747
4.7993	60.51105
4.8	60.51273
4.8007	60.50708
4.8014	60.50395
4.8021	60.52
4.8028	60.50628
4.8035	60.40379
4.8042	60.25091
4.8049	60.14677
4.8056	60.10232
4.8063	60.05518
4.807	59.98238
4.8077	59.89846
4.8084	59.78453
4.8091	59.64471
4.8098	59.55399
4.8105	59.54577
4.8112	59.5287
4.8119	59.43922
4.8126	59.34944
4.8133	59.34211
4.814	59.37226
4.8147	59.35742
4.8154	59.27008
4.8161	59.11592
4.8168	58.92705
4.8175	58.78526
4.8182	58.74694
4.8189	58.74601
4.8196	58.69651
4.8203	58.60587
4.821	58.536
4.8217	58.49721
4.8224	58.46296
4.8231	58.40108
4.8238	58.2816
4.8245	58.12499
4.8252	58.0239
4.8259	58.0275
4.8266	58.05093
4.8273	57.99205
4.828	57.86991
4.8287	57.76673
4.8294	57.70275
4.8301	57.65782
4.8308	57.63723
4.8315	57.63966
4.8322	57.62798
4.8329	57.58528
4.8336	57.54571
4.8343	57.51933
4.835	57.45978
4.8357	57.33594
4.8364	57.18858
4.8371	57.07265
4.8378	56.99204
4.8385	56.91109
4.8392	56.81239
4.8399	56.71167
4.8406	56.63667
4.8413	56.58471
4.842	56.51832
4.8427	56.41563
4.8434	56.32058
4.8441	56.28568
4.8448	56.29559
4.8455	56.27911
4.8462	56.20619
4.8469	56.09367
4.8476	55.94035
4.8483	55.72149
4.849	55.46285
4.8497	55.25803
4.8504	55.15744
4.8511	55.11653
4.8518	55.06805
4.8525	55.00923
4.8532	54.96458
4.8539	54.92942
4.8546	54.87258
4.8553	54.77299
4.856	54.6491
4.8567	54.56563
4.8574	54.55873
4.8581	54.57059
4.8588	54.5147
4.8595	54.39694
4.8602	54.28103
4.8609	54.19356
4.8616	54.13344
4.8623	54.11456
4.863	54.1151
4.8637	54.06226
4.8644	53.94468
4.8651	53.82883
4.8658	53.73538
4.8665	53.5993
4.8672	53.40768
4.8679	53.24547
4.8686	53.17515
4.8693	53.15838
4.87	53.12606
4.8707	53.04904
4.8714	52.93661
4.8721	52.81268
4.8728	52.69582
4.8735	52.5848
4.8742	52.47556
4.8749	52.38767
4.8756	52.34349
4.8763	52.33587
4.877	52.34276
4.8777	52.35816
4.8784	52.37819
4.8791	52.39549
4.8798	52.41803
4.8805	52.45608
4.8812	52.48697
4.8819	52.47388
4.8826	52.42678
4.8833	52.3914
4.884	52.39502
4.8847	52.43676
4.8854	52.51146
4.8861	52.59521
4.8868	52.64162
4.8875	52.62593
4.8882	52.57135
4.8889	52.49301
4.8896	52.36973
4.8903	52.19659
4.891	52.03785
4.8917	51.97024
4.8924	51.99211
4.8931	52.0204
4.8938	51.98802
4.8945	51.91031
4.8952	51.82777
4.8959	51.74151
4.8966	51.64942
4.8973	51.60713
4.898	51.66024
4.8987	51.76348
4.8994	51.855
4.9001	51.94047
4.9008	52.0319
4.9015	52.07371
4.9022	52.03616
4.9029	51.9915
4.9036	51.99413
4.9043	51.99813
4.905	51.95288
4.9057	51.90245
4.9064	51.88691
4.9071	51.87457
4.9078	51.86772
4.9085	51.9377
4.9092	52.09836
4.9099	52.25188
4.9106	52.32571
4.9113	52.34491
4.912	52.33489
4.9127	52.28548
4.9134	52.21964
4.9141	52.19037
4.9148	52.20501
4.9155	52.22005
4.9162	52.22048
4.9169	52.21359
4.9176	52.17686
4.9183	52.08243
4.919	51.94911
4.9197	51.83429
4.9204	51.77581
4.9211	51.78651
4.9218	51.86134
4.9225	51.97109
4.9232	52.0662
4.9239	52.11963
4.9246	52.14709
4.9253	52.18917
4.926	52.27408
4.9267	52.40453
4.9274	52.55445
4.9281	52.68226
4.9288	52.75887
4.9295	52.79836
4.9302	52.84826
4.9309	52.93691
4.9316	53.0361
4.9323	53.11214
4.933	53.18687
4.9337	53.3085
4.9344	53.46518
4.9351	53.59103
4.9358	53.65779
4.9365	53.6882
4.9372	53.69862
4.9379	53.69416
4.9386	53.71161
4.9393	53.78717
4.94	53.88826
4.9407	53.95371
4.9414	53.98302
4.9421	54.0118
4.9428	54.03604
4.9435	54.03231
4.9442	54.02823
4.9449	54.07626
4.9456	54.16181
4.9463	54.2222
4.947	54.24641
4.9477	54.28908
4.9484	54.37913
4.9491	54.46363
4.9498	54.49571
4.9505	54.51048
4.9512	54.57727
4.9519	54.70959
4.9526	54.8582
4.9533	54.97699
4.954	55.0485
4.9547	55.08952
4.9554	55.14404
4.9561	55.24485
4.9568	55.35892
4.9575	55.45414
4.9582	55.57925
4.9589	55.76863
4.9596	55.92946
4.9603	55.94132
4.961	55.85634
4.9617	55.82142
4.9624	55.8749
4.9631	55.95037
4.9638	56.01258
4.9645	56.07526
4.9652	56.11868
4.9659	56.11738
4.9666	56.10555
4.9673	56.11579
4.968	56.11573
4.9687	56.0793
4.9694	56.0469
4.9701	56.05892
4.9708	56.09571
4.9715	56.11829
4.9722	56.12116
4.9729	56.11517
4.9736	56.10636
4.9743	56.10622
4.975	56.12777
4.9757	56.17662
4.9764	56.27007
4.9771	56.42831
4.9778	56.61937
4.9785	56.75198
4.9792	56.78444
4.9799	56.76915
4.9806	56.77626
4.9813	56.80068
4.982	56.80917
4.9827	56.82751
4.9834	56.90966
4.9841	57.05628
4.9848	57.2054
4.9855	57.29443
4.9862	57.30647
4.9869	57.26604
4.9876	57.22507
4.9883	57.23391
4.989	57.31053
4.9897	57.42675
4.9904	57.54128
4.9911	57.62347
4.9918	57.65686
4.9925	57.64127
4.9932	57.60839
4.9939	57.60487
4.9946	57.65293
4.9953	57.72791
4.996	57.78649
4.9967	57.80916
4.9974	57.81947
4.9981	57.86471
4.9988	57.95876
4.9995	58.0671
5.0002	58.14917
5.0009	58.21112
5.0016	58.28347
5.0023	58.3673
5.003	58.4422
5.0037	58.49462
5.0044	58.51481
5.0051	58.49536
5.0058	58.47181
5.0065	58.5113
5.0072	58.63115
5.0079	58.77094
5.0086	58.8783
5.0093	58.97306
5.01	59.08348
5.0107	59.19117
5.0114	59.27962
5.0121	59.36853
5.0128	59.45529
5.0135	59.48907
5.0142	59.45045
5.0149	59.39708
5.0156	59.40386
5.0163	59.47567
5.017	59.57315
5.0177	59.67357
5.0184	59.77661
5.0191	59.88725
5.0198	60.01337
5.0205	60.15034
5.0212	60.2604
5.0219	60.31041
5.0226	60.31864
5.0233	60.32542
5.024	60.33716
5.0247	60.33769
5.0254	60.34059
5.0261	60.38301
5.0268	60.46347
5.0275	60.53509
5.0282	60.57766
5.0289	60.62098
5.0296	60.6871
5.0303	60.76078
5.031	60.81621
5.0317	60.85051
5.0324	60.87243
5.0331	60.88502
5.0338	60.89636
5.0345	60.92698
5.0352	60.9893
5.0359	61.06289
5.0366	61.10831
5.0373	61.11293
5.038	61.11474
5.0387	61.16219
5.0394	61.25979
5.0401	61.36444
5.0408	61.43222
5.0415	61.46244
5.0422	61.48461
5.0429	61.51646
5.0436	61.54975
5.0443	61.5664
5.045	61.56511
5.0457	61.5688
5.0464	61.60431
5.0471	61.67649
5.0478	61.76141
5.0485	61.83894
5.0492	61.91698
5.0499	62.00813
5.0506	62.09269
5.0513	62.13397
5.052	62.12736
5.0527	62.10983
5.0534	62.11254
5.0541	62.13488
5.0548	62.17895
5.0555	62.27113
5.0562	62.411
5.0569	62.53266
5.0576	62.56511
5.0583	62.51204
5.059	62.44965
5.0597	62.42645
5.0604	62.43378
5.0611	62.46635
5.0618	62.55419
5.0625	62.70358
5.0632	62.85891
5.0639	62.96349
5.0646	63.01486
5.0653	63.04017
5.066	63.04884
5.0667	63.05866
5.0674	63.11702
5.0681	63.24994
5.0688	63.39897
5.0695	63.47774
5.0702	63.47638
5.0709	63.45765
5.0716	63.47304
5.0723	63.51665
5.073	63.57044
5.0737	63.64386
5.0744	63.75048
5.0751	63.87595
5.0758	63.99009
5.0765	64.07846
5.0772	64.13987
5.0779	64.16795
5.0786	64.16103
5.0793	64.1526
5.08	64.19158
5.0807	64.28112
5.0814	64.34974
5.0821	64.33971
5.0828	64.30409
5.0835	64.33972
5.0842	64.45439
5.0849	64.56996
5.0856	64.6352
5.0863	64.67055
5.087	64.70814
5.0877	64.75004
5.0884	64.79034
5.0891	64.82594
5.0898	64.84875
5.0905	64.85909
5.0912	64.87649
5.0919	64.90913
5.0926	64.93089
5.0933	64.91874
5.094	64.89376
5.0947	64.89278
5.0954	64.91571
5.0961	64.93566
5.0968	64.94185
5.0975	64.94135
5.0982	64.93982
5.0989	64.93939
5.0996	64.94007
5.1003	64.93118
5.101	64.90003
5.1017	64.85864
5.1024	64.84154
5.1031	64.86601
5.1038	64.91139
5.1045	64.94029
5.1052	64.9233
5.1059	64.86392
5.1066	64.80351
5.1073	64.78625
5.108	64.80676
5.1087	64.80821
5.1094	64.76316
5.1101	64.72248
5.1108	64.7489
5.1115	64.83042
5.1122	64.89488
5.1129	64.88506
5.1136	64.80038
5.1143	64.68004
5.115	64.5707
5.1157	64.51254
5.1164	64.50547
5.1171	64.50904
5.1178	64.4905
5.1185	64.46543
5.1192	64.47188
5.1199	64.50853
5.1206	64.52369
5.1213	64.47519
5.122	64.38622
5.1227	64.3165
5.1234	64.29382
5.1241	64.28786
5.1248	64.25282
5.1255	64.18651
5.1262	64.12094
5.1269	64.07401
5.1276	64.04186
5.1283	64.02622
5.129	64.03573
5.1297	64.0589
5.1304	64.06927
5.1311	64.06592
5.1318	64.06777
5.1325	64.06601
5.1332	64.02849
5.1339	63.96238
5.1346	63.91983
5.1353	63.91803
5.136	63.90374
5.1367	63.83739
5.1374	63.76279
5.1381	63.74016
5.1388	63.74919
5.1395	63.71558
5.1402	63.62603
5.1409	63.5412
5.1416	63.49717
5.1423	63.46855
5.143	63.42522
5.1437	63.3715
5.1444	63.31879
5.1451	63.25785
5.1458	63.1785
5.1465	63.09761
5.1472	63.03755
5.1479	62.99661
5.1486	62.96068
5.1493	62.92106
5.15	62.86761
5.1507	62.78799
5.1514	62.68838
5.1521	62.60009
5.1528	62.5527
5.1535	62.54478
5.1542	62.54251
5.1549	62.51421
5.1556	62.46689
5.1563	62.42428
5.157	62.38478
5.1577	62.3271
5.1584	62.25029
5.1591	62.18137
5.1598	62.13838
5.1605	62.11078
5.1612	62.07616
5.1619	62.01782
5.1626	61.93466
5.1633	61.84376
5.164	61.76933
5.1647	61.71623
5.1654	61.66602
5.1661	61.61278
5.1668	61.57684
5.1675	61.56198
5.1682	61.52804
5.1689	61.43766
5.1696	61.31902
5.1703	61.23317
5.171	61.19174
5.1717	61.15936
5.1724	61.12353
5.1731	61.1105
5.1738	61.12583
5.1745	61.12951
5.1752	61.08969
5.1759	61.01453
5.1766	60.92697
5.1773	60.83472
5.178	60.73789
5.1787	60.64713
5.1794	60.5729
5.1801	60.51082
5.1808	60.44784
5.1815	60.37883
5.1822	60.31891
5.1829	60.29869
5.1836	60.32604
5.1843	60.35016
5.185	60.30146
5.1857	60.17739
5.1864	60.0562
5.1871	60.00153
5.1878	59.9854
5.1885	59.94366
5.1892	59.88366
5.1899	59.86426
5.1906	59.88314
5.1913	59.86989
5.192	59.7949
5.1927	59.71374
5.1934	59.68194
5.1941	59.67662
5.1948	59.6475
5.1955	59.59144
5.1962	59.54125
5.1969	59.51311
5.1976	59.48874
5.1983	59.44004
5.199	59.35723
5.1997	59.26697
5.2004	59.23702
5.2011	59.30702
5.2018	59.41614
5.2025	59.45605
5.2032	59.39439
5.2039	59.3027
5.2046	59.24527
5.2053	59.20543
5.206	59.14708
5.2067	59.08504
5.2074	59.0505
5.2081	59.01866
5.2088	58.93662
5.2095	58.81346
5.2102	58.72468
5.2109	58.71301
5.2116	58.70452
5.2123	58.62384
5.213	58.5044
5.2137	58.49252
5.2144	58.22892
5.2151	58.21117
5.2158	58.23281
5.2165	58.22036
5.2172	58.16958
5.2179	58.09155
5.2186	58.01785
5.2193	57.97615
5.22	57.95893
5.2207	57.93816
5.2214	57.90232
5.2221	57.86668
5.2228	57.86823
5.2235	57.9261
5.2242	58.00801
5.2249	58.06359
5.2256	58.04495
5.2263	57.96934
5.227	57.88774
5.2277	57.83349
5.2284	57.79961
5.2291	57.76552
5.2298	57.72948
5.2305	57.70383
5.2312	57.68808
5.2319	57.6587
5.2326	57.58924
5.2333	57.48581
5.234	57.40023
5.2347	57.39354
5.2354	57.4677
5.2361	57.55871
5.2368	57.60344
5.2375	57.57419
5.2382	57.47945
5.2389	57.35019
5.2396	57.23567
5.2403	57.17982
5.241	57.18699
5.2417	57.22573
5.2424	57.26869
5.2431	57.30807
5.2438	57.32308
5.2445	57.2791
5.2452	57.17184
5.2459	57.0505
5.2466	56.97428
5.2473	56.95273
5.248	56.95302
5.2487	56.95454
5.2494	56.96014
5.2501	56.96456
5.2508	56.94643
5.2515	56.8945
5.2522	56.82206
5.2529	56.75592
5.2536	56.71726
5.2543	56.71443
5.255	56.73385
5.2557	56.74765
5.2564	56.74147
5.2571	56.7256
5.2578	56.70973
5.2585	56.68359
5.2592	56.63879
5.2599	56.59059
5.2606	56.55648
5.2613	56.52825
5.262	56.4919
5.2627	56.46076
5.2634	56.46026
5.2641	56.48842
5.2648	56.51446
5.2655	56.51748
5.2662	56.50724
5.2669	56.49962
5.2676	56.49401
5.2683	56.48269
5.269	56.46383
5.2697	56.43519
5.2704	56.39063
5.2711	56.33363
5.2718	56.28492
5.2725	56.26526
5.2732	56.2778
5.2739	56.30887
5.2746	56.34336
5.2753	56.37752
5.276	56.42
5.2767	56.47937
5.2774	56.54964
5.2781	56.60479
5.2788	56.60732
5.2795	56.52726
5.2802	56.37596
5.2809	56.21989
5.2816	56.14014
5.2823	56.15456
5.283	56.19148
5.2837	56.16571
5.2844	56.07166
5.2851	55.98454
5.2858	55.97264
5.2865	56.03017
5.2872	56.10093
5.2879	56.1325
5.2886	56.108
5.2893	56.04432
5.29	55.98357
5.2907	55.9844
5.2914	56.07859
5.2921	56.2283
5.2928	56.34299
5.2935	56.34129
5.2942	56.17713
5.2949	55.87496
5.2956	55.55032
5.2963	55.35392
5.297	55.35874
5.2977	55.52663
5.2984	55.76058
5.2991	55.96884
5.2998	56.10552
5.3005	56.1636
5.3012	56.1556
5.3019	56.10756
5.3026	56.06145
5.3033	56.05212
5.304	56.07789
5.3047	56.10412
5.3054	56.10593
5.3061	56.08871
5.3068	56.06565
5.3075	56.03508
5.3082	55.99455
5.3089	55.95511
5.3096	55.92521
5.3103	55.89577
5.311	55.85898
5.3117	55.83292
5.3124	55.84197
5.3131	55.8737
5.3138	55.88192
5.3145	55.84898
5.3152	55.82544
5.3159	55.87557
5.3166	55.99094
5.3173	56.09435
5.318	56.12649
5.3187	56.11044
5.3194	56.1075
5.3201	56.13916
5.3208	56.17985
5.3215	56.20404
5.3222	56.21315
5.3229	56.2162
5.3236	56.21558
5.3243	56.21702
5.325	56.23418
5.3257	56.27267
5.3264	56.31901
5.3271	56.3538
5.3278	56.36142
5.3285	56.33628
5.3292	56.28495
5.3299	56.23027
5.3306	56.19764
5.3313	56.19843
5.332	56.2276
5.3327	56.27688
5.3334	56.33809
5.3341	56.39758
5.3348	56.44546
5.3355	56.4898
5.3362	56.54245
5.3369	56.58948
5.3376	56.60354
5.3383	56.59029
5.339	56.59353
5.3397	56.63992
5.3404	56.70452
5.3411	56.75506
5.3418	56.8008
5.3425	56.87413
5.3432	56.97078
5.3439	57.06039
5.3446	57.13096
5.3453	57.16873
5.346	57.21621
5.3467	57.25702
5.3474	57.28935
5.3481	57.3469
5.3488	57.42501
5.3495	57.48395
5.3502	57.50242
5.3509	57.51112
5.3516	57.51755
5.3523	57.47209
5.353	57.35529
5.3537	57.23732
5.3544	57.2029
5.3551	57.2765
5.3558	57.41218
5.3565	57.55704
5.3572	57.67794
5.3579	57.75413
5.3586	57.81838
5.3593	57.83432
5.36	57.91676
5.3607	58.06967
5.3614	58.07917
5.3621	58.03621
5.3628	58.01539
5.3635	58.09443
5.3642	58.23673
5.3649	58.38401
5.3656	58.50699
5.3663	58.60578
5.367	58.67481
5.3677	58.71092
5.3684	58.73463
5.3691	58.76448
5.3698	58.78778
5.3705	58.7898
5.3712	58.80119
5.3719	58.87173
5.3726	58.99241
5.3733	59.09888
5.374	59.15792
5.3747	59.20572
5.3754	59.28456
5.3761	59.3768
5.3768	59.43991
5.3775	59.47335
5.3782	59.50945
5.3789	59.55825
5.3796	59.59716
5.3803	59.61897
5.381	59.65222
5.3817	59.7192
5.3824	59.80242
5.3831	59.86746
5.3838	59.90261
5.3845	59.92024
5.3852	59.93937
5.3859	59.97588
5.3866	60.04214
5.3873	60.13859
5.388	60.25161
5.3887	60.36644
5.3894	60.47785
5.3901	60.58213
5.3908	60.66325
5.3915	60.69895
5.3922	60.68234
5.3929	60.63929
5.3936	60.621
5.3943	60.67588
5.395	60.81334
5.3957	60.99424
5.3964	61.15941
5.3971	61.27161
5.3978	61.33455
5.3985	61.37101
5.3992	61.39897
5.3999	61.43021
5.4006	61.47609
5.4013	61.54118
5.402	61.61404
5.4027	61.68244
5.4034	61.74944
5.4041	61.82221
5.4048	61.88868
5.4055	61.92685
5.4062	61.93694
5.4069	61.94576
5.4076	61.97029
5.4083	62.00098
5.409	62.02831
5.4097	62.06908
5.4104	62.14493
5.4111	62.24928
5.4118	62.36011
5.4125	62.47672
5.4132	62.60821
5.4139	62.7319
5.4146	62.79894
5.4153	62.79168
5.416	62.7401
5.4167	62.68385
5.4174	62.63449
5.4181	62.58693
5.4188	62.55056
5.4195	62.54647
5.4202	62.57623
5.4209	62.61096
5.4216	62.65001
5.4223	62.75694
5.423	62.9546
5.4237	63.14142
5.4244	63.18707
5.4251	63.05928
5.4258	62.82754
5.4265	62.61973
5.4272	62.54485
5.4279	62.64723
5.4286	62.87675
5.4293	63.13403
5.43	63.33525
5.4307	63.46501
5.4314	63.5582
5.4321	63.65064
5.4328	63.74177
5.4335	63.80206
5.4342	63.80378
5.4349	63.75044
5.4356	63.67122
5.4363	63.60096
5.437	63.56167
5.4377	63.56129
5.4384	63.5967
5.4391	63.65414
5.4398	63.70886
5.4405	63.73639
5.4412	63.73272
5.4419	63.72324
5.4426	63.74425
5.4433	63.81357
5.444	63.91708
5.4447	64.01759
5.4454	64.07642
5.4461	64.07158
5.4468	64.01663
5.4475	63.95288
5.4482	63.92086
5.4489	63.92285
5.4496	63.92793
5.4503	63.91568
5.451	63.90427
5.4517	63.92744
5.4524	63.99313
5.4531	64.07311
5.4538	64.1319
5.4545	64.15543
5.4552	64.14562
5.4559	64.10689
5.4566	64.04965
5.4573	63.99656
5.458	63.97187
5.4587	63.98099
5.4594	64.01144
5.4601	64.04406
5.4608	64.06251
5.4615	64.04939
5.4622	63.99004
5.4629	63.88903
5.4636	63.77881
5.4643	63.70557
5.465	63.70169
5.4657	63.76865
5.4664	63.8766
5.4671	63.993
5.4678	64.09986
5.4685	64.18798
5.4692	64.25136
5.4699	64.28275
5.4706	64.27451
5.4713	64.23376
5.472	64.19297
5.4727	64.18913
5.4734	64.22499
5.4741	64.26283
5.4748	64.26398
5.4755	64.2251
5.4762	64.1666
5.4769	64.10015
5.4776	64.02394
5.4783	63.96343
5.479	63.97207
5.4797	64.05691
5.4804	64.15095
5.4811	64.17687
5.4818	64.12509
5.4825	64.0452
5.4832	63.99322
5.4839	63.99018
5.4846	64.02642
5.4853	64.08716
5.486	64.16221
5.4867	64.2369
5.4874	64.28633
5.4881	64.29052
5.4888	64.25193
5.4895	64.1978
5.4902	64.15955
5.4909	64.14846
5.4916	64.15153
5.4923	64.14975
5.493	64.13947
5.4937	64.13628
5.4944	64.15453
5.4951	64.18642
5.4958	64.20382
5.4965	64.18545
5.4972	64.13926
5.4979	64.09929
5.4986	64.09401
5.4993	64.12306
5.5	64.16156
5.5007	64.1826
5.5014	64.17898
5.5021	64.16229
5.5028	64.15065
5.5035	64.15578
5.5042	64.17475
5.5049	64.18704
5.5056	64.17174
5.5063	64.12995
5.507	64.09319
5.5077	64.09433
5.5084	64.13598
5.5091	64.18776
5.5098	64.21817
5.5105	64.22146
5.5112	64.21238
5.5119	64.20348
5.5126	64.19983
5.5133	64.20866
5.514	64.23834
5.5147	64.28468
5.5154	64.32668
5.5161	64.3442
5.5168	64.3348
5.5175	64.31058
5.5182	64.28458
5.5189	64.26407
5.5196	64.25367
5.5203	64.2497
5.521	64.2398
5.5217	64.22151
5.5224	64.22016
5.5231	64.25858
5.5238	64.31032
5.5245	64.31231
5.5252	64.24432
5.5259	64.16307
5.5266	64.15017
5.5273	64.22037
5.528	64.3104
5.5287	64.34374
5.5294	64.3134
5.5301	64.27087
5.5308	64.25593
5.5315	64.25741
5.5322	64.24627
5.5329	64.22316
5.5336	64.21636
5.5343	64.24132
5.535	64.28483
5.5357	64.32403
5.5364	64.35016
5.5371	64.36572
5.5378	64.3695
5.5385	64.35546
5.5392	64.326
5.5399	64.29605
5.5406	64.27808
5.5413	64.26615
5.542	64.24561
5.5427	64.21575
5.5434	64.19371
5.5441	64.19138
5.5448	64.19962
5.5455	64.1993
5.5462	64.18866
5.5469	64.18528
5.5476	64.19551
5.5483	64.19568
5.549	64.16115
5.5497	64.10469
5.5504	64.0616
5.5511	64.03944
5.5518	64.01252
5.5525	63.96657
5.5532	63.92492
5.5539	63.92222
5.5546	63.95493
5.5553	63.97873
5.556	63.96834
5.5567	63.9591
5.5574	64.00425
5.5581	64.10776
5.5588	64.22538
5.5595	64.31011
5.5602	64.34541
5.5609	64.34326
5.5616	64.33053
5.5623	64.32875
5.563	64.33914
5.5637	64.34506
5.5644	64.3351
5.5651	64.32583
5.5658	64.35341
5.5665	64.42857
5.5672	64.51094
5.5679	64.55084
5.5686	64.54328
5.5693	64.52049
5.57	64.49589
5.5707	64.45069
5.5714	64.37872
5.5721	64.31394
5.5728	64.29465
5.5735	64.31274
5.5742	64.30872
5.5749	64.22877
5.5756	64.07191
5.5763	63.89636
5.577	63.77293
5.5777	63.73706
5.5784	63.79042
5.5791	63.91048
5.5798	64.04404
5.5805	64.12155
5.5812	64.10041
5.5819	63.9968
5.5826	63.88531
5.5833	63.8414
5.584	63.88931
5.5847	64.02003
5.5854	64.20537
5.5861	64.38822
5.5868	64.50916
5.5875	64.55122
5.5882	64.54498
5.5889	64.53495
5.5896	64.53742
5.5903	64.53482
5.591	64.50965
5.5917	64.47433
5.5924	64.45612
5.5931	64.46575
5.5938	64.4887
5.5945	64.50818
5.5952	64.52232
5.5959	64.53904
5.5966	64.55763
5.5973	64.5676
5.598	64.567
5.5987	64.57466
5.5994	64.61207
5.6001	64.67482
5.6008	64.72295
5.6015	64.71972
5.6022	64.67549
5.6029	64.63286
5.6036	64.60922
5.6043	64.57885
5.605	64.51597
5.6057	64.43334
5.6064	64.37563
5.6071	64.37146
5.6078	64.40801
5.6085	64.45456
5.6092	64.50416
5.6099	64.57389
5.6106	64.66738
5.6113	64.749
5.612	64.77556
5.6127	64.74142
5.6134	64.6887
5.6141	64.66733
5.6148	64.6825
5.6155	64.70033
5.6162	64.70129
5.6169	64.70666
5.6176	64.74263
5.6183	64.80566
5.619	64.86087
5.6197	64.8733
5.6204	64.83659
5.6211	64.77909
5.6218	64.74536
5.6225	64.76119
5.6232	64.81496
5.6239	64.87342
5.6246	64.91726
5.6253	64.95341
5.626	64.99258
5.6267	65.02395
5.6274	65.01747
5.6281	64.95357
5.6288	64.84481
5.6295	64.72784
5.6302	64.63578
5.6309	64.58753
5.6316	64.59713
5.6323	64.67252
5.633	64.79426
5.6337	64.9105
5.6344	64.96616
5.6351	64.94208
5.6358	64.86598
5.6365	64.78038
5.6372	64.71442
5.6379	64.67674
5.6386	64.66315
5.6393	64.66474
5.64	64.6713
5.6407	64.68437
5.6414	64.72021
5.6421	64.79385
5.6428	64.88871
5.6435	64.94266
5.6442	64.91161
5.6449	64.84362
5.6456	64.83164
5.6463	64.9049
5.647	65.02734
5.6477	65.15177
5.6484	65.23971
5.6491	65.27012
5.6498	65.25021
5.6505	65.20684
5.6512	65.16501
5.6519	65.12962
5.6526	65.08748
5.6533	65.02531
5.654	64.94742
5.6547	64.86924
5.6554	64.80479
5.6561	64.76931
5.6568	64.77639
5.6575	64.81951
5.6582	64.86777
5.6589	64.88309
5.6596	64.85113
5.6603	64.80024
5.661	64.78545
5.6617	64.84585
5.6624	64.96208
5.6631	65.07398
5.6638	65.13537
5.6645	65.1444
5.6652	65.13978
5.6659	65.16163
5.6666	65.21469
5.6673	65.26611
5.668	65.27489
5.6687	65.23245
5.6694	65.17134
5.6701	65.136
5.6708	65.13927
5.6715	65.14962
5.6722	65.11799
5.6729	65.01347
5.6736	64.85029
5.6743	64.68844
5.675	64.59692
5.6757	64.60644
5.6764	64.68714
5.6771	64.77732
5.6778	64.83023
5.6785	64.83578
5.6792	64.82147
5.6799	64.82361
5.6806	64.84992
5.6813	64.88643
5.682	64.9294
5.6827	64.98894
5.6834	65.06754
5.6841	65.15483
5.6848	65.23915
5.6855	65.31564
5.6862	65.38075
5.6869	65.41806
5.6876	65.39915
5.6883	65.30976
5.689	65.1788
5.6897	65.06445
5.6904	65.00009
5.6911	64.96287
5.6918	64.91451
5.6925	64.87024
5.6932	64.87973
5.6939	64.95793
5.6946	65.05532
5.6953	65.11023
5.696	65.10831
5.6967	65.08463
5.6974	65.08356
5.6981	65.11947
5.6988	65.17929
5.6995	65.24449
5.7002	65.30612
5.7009	65.3597
5.7016	65.3971
5.7023	65.40811
5.703	65.38704
5.7037	65.33739
5.7044	65.26964
5.7051	65.19841
5.7058	65.13702
5.7065	65.08586
5.7072	65.02594
5.7079	64.93096
5.7086	64.80446
5.7093	64.71085
5.71	64.72306
5.7107	64.83292
5.7114	64.9633
5.7121	65.05097
5.7128	65.09317
5.7135	65.11881
5.7142	65.1479
5.7149	65.17726
5.7156	65.18083
5.7163	65.13313
5.717	65.0428
5.7177	64.9608
5.7184	64.9415
5.7191	64.98785
5.7198	65.06491
5.7205	65.14742
5.7212	65.23662
5.7219	65.33774
5.7226	65.43137
5.7233	65.48127
5.724	65.47583
5.7247	65.45835
5.7254	65.48813
5.7261	65.56511
5.7268	65.62622
5.7275	65.61577
5.7282	65.54682
5.7289	65.48951
5.7296	65.4936
5.7303	65.5381
5.731	65.56107
5.7317	65.53673
5.7324	65.50219
5.7331	65.50454
5.7338	65.54391
5.7345	65.56581
5.7352	65.52415
5.7359	65.43938
5.7366	65.36856
5.7373	65.33387
5.738	65.30809
5.7387	65.26833
5.7394	65.22523
5.7401	65.19681
5.7408	65.18493
5.7415	65.18047
5.7422	65.18163
5.7429	65.19316
5.7436	65.20837
5.7443	65.19816
5.745	65.12911
5.7457	64.99926
5.7464	64.85946
5.7471	64.78594
5.7478	64.8014
5.7485	64.85885
5.7492	64.90315
5.7499	64.90901
5.7506	64.87411
5.7513	64.80842
5.752	64.72605
5.7527	64.64204
5.7534	64.57147
5.7541	64.51936
5.7548	64.47381
5.7555	64.42425
5.7562	64.37973
5.7569	64.3594
5.7576	64.37221
5.7583	64.40843
5.759	64.44577
5.7597	64.45413
5.7604	64.39954
5.7611	64.25426
5.7618	64.01436
5.7625	63.71887
5.7632	63.43757
5.7639	63.22719
5.7646	63.07282
5.7653	62.90134
5.766	62.70087
5.7667	62.58307
5.7674	62.64144
5.7681	62.76706
5.7688	62.7674
5.7695	62.57709
5.7702	62.28486
5.7709	62.05962
5.7716	62.01528
5.7723	62.11706
5.773	62.25568
5.7737	62.36107
5.7744	62.42163
5.7751	62.45452
5.7758	62.45963
5.7765	62.41746
5.7772	62.32386
5.7779	62.21649
5.7786	62.144
5.7793	62.10454
5.78	62.04809
5.7807	61.94278
5.7814	61.80096
5.7821	61.64807
5.7828	61.49243
5.7835	61.33227
5.7842	61.17684
5.7849	61.05227
5.7856	60.97674
5.7863	60.93782
5.787	60.9045
5.7877	60.85888
5.7884	60.8114
5.7891	60.78043
5.7898	60.75838
5.7905	60.70778
5.7912	60.5996
5.7919	60.44583
5.7926	60.29657
5.7933	60.19986
5.794	60.1622
5.7947	60.15115
5.7954	60.12822
5.7961	60.07279
5.7968	59.98496
5.7975	59.87402
5.7982	59.74929
5.7989	59.62076
5.7996	59.50063
5.8003	59.39492
5.801	59.29775
5.8017	59.19773
5.8024	59.09211
5.8031	58.9903
5.8038	58.90216
5.8045	58.82476
5.8052	58.74307
5.8059	58.64337
5.8066	58.52244
5.8073	58.39068
5.808	58.26469
5.8087	58.15386
5.8094	58.05381
5.8101	57.9512
5.8108	57.83452
5.8115	57.70426
5.8122	57.57403
5.8129	57.46077
5.8136	57.372
5.8143	57.302
5.815	57.23277
5.8157	57.13997
5.8164	56.99842
5.8171	56.78717
5.8178	56.50376
5.8185	56.17518
5.8192	55.85485
5.8199	55.60865
5.8206	55.47368
5.8213	55.42381
5.822	55.4047
5.8227	55.40941
5.8234	55.46104
5.8241	55.54622
5.8248	55.62588
5.8255	55.67005
5.8262	55.6608
5.8269	55.60439
5.8276	55.54743
5.8283	55.54072
5.829	55.58119
5.8297	55.61612
5.8304	55.61391
5.8311	55.61932
5.8318	55.70628
5.8325	55.88721
5.8332	56.10321
5.8339	56.29051
5.8346	56.42935
5.8353	56.54043
5.836	56.65591
5.8367	56.79171
5.8374	56.94115
5.8381	57.08646
5.8388	57.22029
5.8395	57.35251
5.8402	57.49989
5.8409	57.66978
5.8416	57.84967
5.8423	58.00664
5.843	58.10564
5.8437	58.13497
5.8444	58.12083
5.8451	58.11944
5.8458	58.18418
5.8465	58.32735
5.8472	58.5113
5.8479	58.68561
5.8486	58.83004
5.8493	58.95582
5.85	59.07854
5.8507	59.19362
5.8514	59.28173
5.8521	59.33172
5.8528	59.35193
5.8535	59.36066
5.8542	59.37567
5.8549	59.40665
5.8556	59.45724
5.8563	59.5247
5.857	59.59439
5.8577	59.64301
5.8584	59.65511
5.8591	59.65108
5.8598	59.68576
5.8605	59.79341
5.8612	59.9464
5.8619	60.08797
5.8626	60.181
5.8633	60.21854
5.864	60.21584
5.8647	60.19435
5.8654	60.16557
5.8661	60.13594
5.8668	60.12333
5.8675	60.15252
5.8682	60.23181
5.8689	60.34707
5.8696	60.47734
5.8703	60.60004
5.871	60.68689
5.8717	60.71943
5.8724	60.70874
5.8731	60.69405
5.8738	60.69602
5.8745	60.70708
5.8752	60.69769
5.8759	60.63408
5.8766	60.52214
5.8773	60.37627
5.878	60.1506
5.8787	59.75626
5.8794	59.04143
5.8801	57.99032
5.8808	57.21418
5.8815	57.4598
5.8822	58.44265
5.8829	59.21392
5.8836	59.45035
5.8843	59.41034
5.885	59.38519
5.8857	59.50994
5.8864	59.73755
5.8871	60.05185
5.8878	60.47941
5.8885	60.93031
5.8892	61.28673
5.8899	61.52269
5.8906	61.64767
5.8913	61.69036
5.892	61.69189
5.8927	61.67216
5.8934	61.6475
5.8941	61.63265
5.8948	61.65705
5.8955	61.71369
5.8962	61.70042
5.8969	61.55419
5.8976	61.37184
5.8983	61.26234
5.899	61.19188
5.8997	61.08304
5.9004	60.92837
5.9011	60.79017
5.9018	60.75644
5.9025	60.87561
5.9032	61.0986
5.9039	61.32678
5.9046	61.49405
5.9053	61.59323
5.906	61.65286
5.9067	61.70528
5.9074	61.7664
5.9081	61.83337
5.9088	61.89511
5.9095	61.9375
5.9102	61.94463
5.9109	61.90757
5.9116	61.83036
5.9123	61.72986
5.913	61.6262
5.9137	61.53217
5.9144	61.45322
5.9151	61.39515
5.9158	61.36426
5.9165	61.36162
5.9172	61.38003
5.9179	61.40932
5.9186	61.4452
5.9193	61.48685
5.92	61.52568
5.9207	61.5364
5.9214	61.49616
5.9221	61.41585
5.9228	61.34671
5.9235	61.34293
5.9242	61.41748
5.9249	61.53362
5.9256	61.64177
5.9263	61.72111
5.927	61.78302
5.9277	61.84493
5.9284	61.90319
5.9291	61.93185
5.9298	61.89752
5.9305	61.78114
5.9312	61.58481
5.9319	61.33401
5.9326	61.06956
5.9333	60.82736
5.934	60.61834
5.9347	60.4132
5.9354	60.18795
5.9361	60.01477
5.9368	60.0173
5.9375	60.2241
5.9382	60.51141
5.9389	60.72462
5.9396	60.83988
5.9403	60.9835
5.941	61.23134
5.9417	61.50236
5.9424	61.67913
5.9431	61.72807
5.9438	61.68286
5.9445	61.59898
5.9452	61.52581
5.9459	61.48161
5.9466	61.45504
5.9473	61.42291
5.948	61.36478
5.9487	61.27503
5.9494	61.17359
5.9501	61.11055
5.9508	61.14287
5.9515	61.2912
5.9522	61.50981
5.9529	61.71134
5.9536	61.83044
5.9543	61.86792
5.955	61.86683
5.9557	61.86228
5.9564	61.85252
5.9571	61.81196
5.9578	61.72485
5.9585	61.61008
5.9592	61.51189
5.9599	61.4679
5.9606	61.4824
5.9613	61.53164
5.962	61.5882
5.9627	61.63498
5.9634	61.66269
5.9641	61.65654
5.9648	61.59675
5.9655	61.47216
5.9662	61.29565
5.9669	61.11065
5.9676	60.97047
5.9683	60.90073
5.969	60.88805
5.9697	60.90474
5.9704	60.9233
5.9711	60.91976
5.9718	60.89096
5.9725	60.8703
5.9732	60.89992
5.9739	60.98208
5.9746	61.09187
5.9753	61.22198
5.976	61.38368
5.9767	61.57402
5.9774	61.76534
5.9781	61.91548
5.9788	61.98164
5.9795	61.93655
5.9802	61.79229
5.9809	61.6111
5.9816	61.48233
5.9823	61.45446
5.983	61.50687
5.9837	61.58165
5.9844	61.63963
5.9851	61.6754
5.9858	61.69488
5.9865	61.69692
5.9872	61.66749
5.9879	61.58468
5.9886	61.43907
5.9893	61.25748
5.99	61.1079
5.9907	61.06879
5.9914	61.17316
5.9921	61.37422
5.9928	61.57864
5.9935	61.71658
5.9942	61.78252
5.9949	61.80608
5.9956	61.8069
5.9963	61.78912
5.997	61.75734
5.9977	61.72099
5.9984	61.69365
5.9991	61.68794
5.9998	61.70697
6.0005	61.73361
6.0012	61.73777
6.0019	61.7005
6.0026	61.6342
6.0033	61.5767
6.004	61.56125
6.0047	61.59449
6.0054	61.65613
6.0061	61.7165
6.0068	61.75486
6.0075	61.76617
6.0082	61.7546
6.0089	61.72777
6.0096	61.69507
6.0103	61.66722
6.011	61.65436
6.0117	61.66077
6.0124	61.68345
6.0131	61.71182
6.0138	61.73256
6.0145	61.73453
6.0152	61.70991
6.0159	61.64991
6.0166	61.54975
6.0173	61.42154
6.018	61.29232
6.0187	61.19595
6.0194	61.16967
6.0201	61.24076
6.0208	61.40653
6.0215	61.62182
6.0222	61.81915
6.0229	61.9466
6.0236	61.98596
6.0243	61.95122
6.025	61.87116
6.0257	61.77364
6.0264	61.6761
6.0271	61.59178
6.0278	61.53475
6.0285	61.51591
6.0292	61.53495
6.0299	61.5793
6.0306	61.63713
6.0313	61.70752
6.032	61.79443
6.0327	61.89091
6.0334	61.96985
6.0341	62.00027
6.0348	61.97393
6.0355	61.91736
6.0362	61.87366
6.0369	61.86673
6.0376	61.88386
6.0383	61.88562
6.039	61.83404
6.0397	61.70739
6.0404	61.50186
6.0411	61.22766
6.0418	60.90645
6.0425	60.57172
6.0432	60.26246
6.0439	59.99665
6.0446	59.76899
6.0453	59.59172
6.046	59.54656
6.0467	59.76611
6.0474	60.33451
6.0481	61.14134
6.0488	61.86593
6.0495	62.24139
6.0502	62.29907
6.0509	62.2084
6.0516	62.04968
6.0523	61.79689
6.053	61.42023
6.0537	60.96064
6.0544	60.54506
6.0551	60.34788
6.0558	60.46993
6.0565	60.81429
6.0572	61.18911
6.0579	61.48217
6.0586	61.67843
6.0593	61.78428
6.06	61.81646
6.0607	61.81263
6.0614	61.81031
6.0621	61.82938
6.0628	61.85288
6.0635	61.83585
6.0642	61.73976
6.0649	61.56784
6.0656	61.37161
6.0663	61.2183
6.067	61.1499
6.0677	61.16439
6.0684	61.22776
6.0691	61.30167
6.0698	61.36088
6.0705	61.39843
6.0712	61.42488
6.0719	61.46282
6.0726	61.53069
6.0733	61.61476
6.074	61.66512
6.0747	61.64583
6.0754	61.58773
6.0761	61.56199
6.0768	61.60289
6.0775	61.67901
6.0782	61.72452
6.0789	61.68636
6.0796	61.563
6.0803	61.42318
6.081	61.35963
6.0817	61.40947
6.0824	61.52225
6.0831	61.61213
6.0838	61.6258
6.0845	61.56426
6.0852	61.46705
6.0859	61.37939
6.0866	61.32446
6.0873	61.29614
6.088	61.27583
6.0887	61.25426
6.0894	61.23911
6.0901	61.24549
6.0908	61.27879
6.0915	61.32803
6.0922	61.37424
6.0929	61.40535
6.0936	61.42446
6.0943	61.44686
6.095	61.48597
6.0957	61.54348
6.0964	61.60969
6.0971	61.67395
6.0978	61.73185
6.0985	61.78245
6.0992	61.81899
6.0999	61.82809
6.1006	61.79849
6.1013	61.73173
6.102	61.64196
6.1027	61.54542
6.1034	61.44737
6.1041	61.34263
6.1048	61.23257
6.1055	61.1426
6.1062	61.11987
6.1069	61.19651
6.1076	61.35922
6.1083	61.54989
6.109	61.69256
6.1097	61.72875
6.1104	61.63734
6.1111	61.43726
6.1118	61.17888
6.1125	60.92561
6.1132	60.73753
6.1139	60.65801
6.1146	60.67596
6.1153	60.73379
6.116	60.77932
6.1167	60.7883
6.1174	60.74477
6.1181	60.66135
6.1188	60.5979
6.1195	60.61701
6.1202	60.73339
6.1209	60.90612
6.1216	61.06881
6.1223	61.17597
6.123	61.22758
6.1237	61.25439
6.1244	61.28331
6.1251	61.31711
6.1258	61.33651
6.1265	61.32144
6.1272	61.27262
6.1279	61.21631
6.1286	61.18527
6.1293	61.19131
6.13	61.21604
6.1307	61.23071
6.1314	61.22395
6.1321	61.2118
6.1328	61.21945
6.1335	61.25555
6.1342	61.30208
6.1349	61.32912
6.1356	61.3186
6.1363	61.27651
6.137	61.22403
6.1377	61.17903
6.1384	61.14811
6.1391	61.12999
6.1398	61.12078
6.1405	61.11338
6.1412	61.09417
6.1419	61.04974
6.1426	60.98547
6.1433	60.93322
6.144	60.92593
6.1447	60.96727
6.1454	61.02997
6.1461	61.08413
6.1468	61.11848
6.1475	61.13996
6.1482	61.15402
6.1489	61.15447
6.1496	61.13553
6.1503	61.10913
6.151	61.10404
6.1517	61.14477
6.1524	61.23196
6.1531	61.33944
6.1538	61.43303
6.1545	61.49425
6.1552	61.52768
6.1559	61.54539
6.1566	61.54014
6.1573	61.47543
6.158	61.32133
6.1587	61.11856
6.1594	60.97393
6.1601	60.9761
6.1608	61.09644
6.1615	61.2128
6.1622	61.2163
6.1629	61.09716
6.1636	60.9339
6.1643	60.82617
6.165	60.82715
6.1657	60.92326
6.1664	61.06417
6.1671	61.20476
6.1678	61.32138
6.1685	61.40638
6.1692	61.46032
6.1699	61.48808
6.1706	61.49619
6.1713	61.49078
6.172	61.47192
6.1727	61.43426
6.1734	61.37675
6.1741	61.31238
6.1748	61.26895
6.1755	61.27335
6.1762	61.33096
6.1769	61.42079
6.1776	61.50633
6.1783	61.5562
6.179	61.55781
6.1797	61.51635
6.1804	61.4431
6.1811	61.34638
6.1818	61.23367
6.1825	61.11933
6.1832	61.03713
6.1839	61.02796
6.1846	61.11093
6.1853	61.27831
6.186	61.51101
6.1867	61.76582
6.1874	61.9698
6.1881	62.06025
6.1888	62.03029
6.1895	61.92034
6.1902	61.79273
6.1909	61.70411
6.1916	61.67993
6.1923	61.70294
6.193	61.73237
6.1937	61.73318
6.1944	61.69238
6.1951	61.61535
6.1958	61.51868
6.1965	61.42492
6.1972	61.35428
6.1979	61.31741
6.1986	61.31367
6.1993	61.3355
6.2	61.37464
6.2007	61.42711
6.2014	61.49209
6.2021	61.56393
6.2028	61.62792
6.2035	61.66148
6.2042	61.64757
6.2049	61.58636
6.2056	61.49636
6.2063	61.4025
6.207	61.32462
6.2077	61.26799
6.2084	61.22786
6.2091	61.19835
6.2098	61.17904
6.2105	61.17508
6.2112	61.19233
6.2119	61.23231
6.2126	61.29022
6.2133	61.35523
6.214	61.41333
6.2147	61.45152
6.2154	61.46243
6.2161	61.44881
6.2168	61.422
6.2175	61.39244
6.2182	61.36025
6.2189	61.31421
6.2196	61.2443
6.2203	61.15668
6.221	61.07703
6.2217	61.03702
6.2224	61.05235
6.2231	61.11079
6.2238	61.17853
6.2245	61.22196
6.2252	61.22433
6.2259	61.19064
6.2266	61.14019
6.2273	61.09575
6.228	61.07174
6.2287	61.07053
6.2294	61.0836
6.2301	61.09695
6.2308	61.09696
6.2315	61.07665
6.2322	61.03654
6.2329	60.9821
6.2336	60.92075
6.2343	60.86102
6.235	60.81287
6.2357	60.78764
6.2364	60.79268
6.2371	60.82515
6.2378	60.87177
6.2385	60.9164
6.2392	60.94989
6.2399	60.9727
6.2406	60.98784
6.2413	60.99233
6.242	60.97691
6.2427	60.93661
6.2434	60.88099
6.2441	60.83277
6.2448	60.81057
6.2455	60.81309
6.2462	60.82002
6.2469	60.81235
6.2476	60.78957
6.2483	60.77102
6.249	60.77674
6.2497	60.80631
6.2504	60.8366
6.2511	60.83814
6.2518	60.80028
6.2525	60.73803
6.2532	60.67755
6.2539	60.63482
6.2546	60.61009
6.2553	60.59712
6.256	60.59736
6.2567	60.62019
6.2574	60.66934
6.2581	60.73085
6.2588	60.77704
6.2595	60.7843
6.2602	60.74836
6.2609	60.68475
6.2616	60.61453
6.2623	60.55047
6.263	60.49774
6.2637	60.46233
6.2644	60.45657
6.2651	60.49257
6.2658	60.56916
6.2665	60.66703
6.2672	60.7589
6.2679	60.8218
6.2686	60.84503
6.2693	60.82755
6.27	60.77403
6.2707	60.69636
6.2714	60.61948
6.2721	60.57565
6.2728	60.5867
6.2735	60.6471
6.2742	60.72723
6.2749	60.7918
6.2756	60.82695
6.2763	60.84508
6.277	60.86598
6.2777	60.89164
6.2784	60.89867
6.2791	60.8591
6.2798	60.76984
6.2805	60.66372
6.2812	60.58656
6.2819	60.56735
6.2826	60.59737
6.2833	60.64459
6.284	60.6828
6.2847	60.71168
6.2854	60.74768
6.2861	60.80077
6.2868	60.8621
6.2875	60.91228
6.2882	60.94226
6.2889	60.96268
6.2896	60.99386
6.2903	61.04836
6.291	61.12279
6.2917	61.20464
6.2924	61.28395
6.2931	61.35647
6.2938	61.41565
6.2945	61.44814
6.2952	61.44111
6.2959	61.39401
6.2966	61.32395
6.2973	61.25476
6.298	61.1991
6.2987	61.14986
6.2994	61.09249
6.3001	61.02583
6.3008	60.97006
6.3015	60.95323
6.3022	60.98601
6.3029	61.05113
6.3036	61.11515
6.3043	61.15326
6.305	61.16571
6.3057	61.17368
6.3064	61.19984
6.3071	61.25079
6.3078	61.31571
6.3085	61.3761
6.3092	61.41682
6.3099	61.42957
6.3106	61.41441
6.3113	61.38149
6.312	61.35103
6.3127	61.34647
6.3134	61.38147
6.3141	61.44539
6.3148	61.50542
6.3155	61.52747
6.3162	61.50113
6.3169	61.44562
6.3176	61.39309
6.3183	61.36101
6.319	61.33907
6.3197	61.30245
6.3204	61.23898
6.3211	61.16599
6.3218	61.11929
6.3225	61.12412
6.3232	61.17263
6.3239	61.23008
6.3246	61.26186
6.3253	61.25779
6.326	61.23586
6.3267	61.22535
6.3274	61.2455
6.3281	61.2953
6.3288	61.36179
6.3295	61.43359
6.3302	61.50672
6.3309	61.57929
6.3316	61.64466
6.3323	61.69089
6.333	61.70766
6.3337	61.69419
6.3344	61.66164
6.3351	61.62797
6.3358	61.60993
6.3365	61.61762
6.3372	61.65042
6.3379	61.69556
6.3386	61.73045
6.3393	61.72624
6.34	61.65533
6.3407	61.4984
6.3414	61.24899
6.3421	60.92195
6.3428	60.56188
6.3435	60.25032
6.3442	60.09315
6.3449	60.16749
6.3456	60.4421
6.3463	60.78556
6.347	61.0684
6.3477	61.25184
6.3484	61.36321
6.3491	61.44456
6.3498	61.53172
6.3505	61.64494
6.3512	61.77356
6.3519	61.8825
6.3526	61.94032
6.3533	61.936
6.354	61.87804
6.3547	61.7875
6.3554	61.69266
6.3561	61.61479
6.3568	61.56195
6.3575	61.53065
6.3582	61.51204
6.3589	61.49669
6.3596	61.48022
6.3603	61.46603
6.361	61.46223
6.3617	61.47427
6.3624	61.49934
6.3631	61.52394
6.3638	61.53032
6.3645	61.50448
6.3652	61.44246
6.3659	61.35027
6.3666	61.23646
6.3673	61.10617
6.368	60.96252
6.3687	60.81574
6.3694	60.70252
6.3701	60.68701
6.3708	60.82456
6.3715	61.09971
6.3722	61.42067
6.3729	61.67039
6.3736	61.78192
6.3743	61.75309
6.375	61.6287
6.3757	61.46533
6.3764	61.31036
6.3771	61.1901
6.3778	61.11704
6.3785	61.09254
6.3792	61.10668
6.3799	61.13965
6.3806	61.16981
6.3813	61.18225
6.382	61.17244
6.3827	61.14651
6.3834	61.11582
6.3841	61.08833
6.3848	61.06474
6.3855	61.03909
6.3862	61.00356
6.3869	60.95555
6.3876	60.90292
6.3883	60.86386
6.389	60.85881
6.3897	60.8966
6.3904	60.96733
6.3911	61.05042
6.3918	61.12941
6.3925	61.20016
6.3932	61.26831
6.3939	61.34064
6.3946	61.41723
6.3953	61.48808
6.396	61.53588
6.3967	61.54513
6.3974	61.51172
6.3981	61.4433
6.3988	61.35434
6.3995	61.25966
6.4002	61.17265
6.4009	61.1045
6.4016	61.06166
6.4023	61.04279
6.403	61.03848
6.4037	61.02921
6.4044	60.99499
6.4051	60.91478
6.4058	60.77045
6.4065	60.54515
6.4072	60.22194
6.4079	59.79658
6.4086	59.31074
6.4093	58.89093
6.41	58.75632
6.4107	59.07205
6.4114	59.76929
6.4121	60.56149
6.4128	61.14788
6.4135	61.34746
6.4142	61.15648
6.4149	60.76094
6.4156	60.42488
6.4163	60.25014
6.417	60.15465
6.4177	60.09655
6.4184	60.14832
6.4191	60.3374
6.4198	60.56426
6.4205	60.71471
6.4212	60.76036
6.4219	60.73039
6.4226	60.6629
6.4233	60.59889
6.424	60.56569
6.4247	60.57281
6.4254	60.62146
6.4261	60.70299
6.4268	60.80505
6.4275	60.91325
6.4282	61.00384
6.4289	61.04935
6.4296	61.0376
6.4303	60.9815
6.431	60.91711
6.4317	60.89167
6.4324	60.94049
6.4331	61.06159
6.4338	61.21383
6.4345	61.34406
6.4352	61.41133
6.4359	61.39552
6.4366	61.29968
6.4373	61.15232
6.438	60.99826
6.4387	60.88361
6.4394	60.84097
6.4401	60.87723
6.4408	60.97239
6.4415	61.09317
6.4422	61.20911
6.4429	61.30055
6.4436	61.3596
6.4443	61.38522
6.445	61.37826
6.4457	61.33906
6.4464	61.26555
6.4471	61.15484
6.4478	61.00607
6.4485	60.82659
6.4492	60.63934
6.4499	60.48572
6.4506	60.41653
6.4513	60.45968
6.452	60.59547
6.4527	60.76533
6.4534	60.90848
6.4541	60.99423
6.4548	61.02831
6.4555	61.03474
6.4562	61.0335
6.4569	61.03101
6.4576	61.02312
6.4583	61.00506
6.459	60.98069
6.4597	60.96239
6.4604	60.96284
6.4611	60.98662
6.4618	61.02662
6.4625	61.06911
6.4632	61.10343
6.4639	61.128
6.4646	61.14814
6.4653	61.16835
6.466	61.185
6.4667	61.18626
6.4674	61.15933
6.4681	61.09804
6.4688	61.00869
6.4695	60.90888
6.4702	60.82696
6.4709	60.79328
6.4716	60.82921
6.4723	60.93394
6.473	61.08141
6.4737	61.22705
6.4744	61.32602
6.4751	61.34923
6.4758	61.29285
6.4765	61.18326
6.4772	61.06826
6.4779	60.99138
6.4786	60.9618
6.4793	60.95379
6.48	60.92886
6.4807	60.86671
6.4814	60.77782
6.4821	60.7004
6.4828	60.67984
6.4835	60.73885
6.4842	60.8644
6.4849	61.0235
6.4856	61.18739
6.4863	61.33519
6.487	61.44843
6.4877	61.51128
6.4884	61.51741
6.4891	61.47436
6.4898	61.39837
6.4905	61.30184
6.4912	61.18073
6.4919	61.01333
6.4926	60.78269
6.4933	60.51293
6.494	60.2907
6.4947	60.24599
6.4954	60.45866
6.4961	60.8836
6.4968	61.36989
6.4975	61.76054
6.4982	61.96772
6.4989	61.99192
6.4996	61.89597
6.5003	61.75571
6.501	61.62064
6.5017	61.51137
6.5024	61.43818
6.5031	61.41061
6.5038	61.42839
6.5045	61.47077
6.5052	61.50235
6.5059	61.49331
6.5066	61.44147
6.5073	61.37435
6.508	61.32712
6.5087	61.31824
6.5094	61.33893
6.5101	61.36628
6.5108	61.38107
6.5115	61.37904
6.5122	61.36592
6.5129	61.34775
6.5136	61.323
6.5143	61.28316
6.515	61.22149
6.5157	61.14227
6.5164	61.06589
6.5171	61.02394
6.5178	61.04484
6.5185	61.14068
6.5192	61.29476
6.5199	61.45829
6.5206	61.57092
6.5213	61.603
6.522	61.5541
6.5227	61.43441
6.5234	61.2613
6.5241	61.06756
6.5248	60.89388
6.5255	60.77883
6.5262	60.74662
6.5269	60.80253
6.5276	60.93221
6.5283	61.10726
6.529	61.29645
6.5297	61.47415
6.5304	61.62524
6.5311	61.74197
6.5318	61.8204
6.5325	61.85925
6.5332	61.86159
6.5339	61.83499
6.5346	61.79136
6.5353	61.74631
6.536	61.7126
6.5367	61.69809
6.5374	61.70452
6.5381	61.72826
6.5388	61.76312
6.5395	61.803
6.5402	61.84234
6.5409	61.8745
6.5416	61.89121
6.5423	61.88237
6.543	61.83922
6.5437	61.76087
6.5444	61.66053
6.5451	61.56519
6.5458	61.50394
6.5465	61.49145
6.5472	61.52069
6.5479	61.57028
6.5486	61.62054
6.5493	61.66127
6.55	61.68806
6.5507	61.69577
6.5514	61.67577
6.5521	61.6173
6.5528	61.51646
6.5535	61.38717
6.5542	61.26866
6.5549	61.21117
6.5556	61.25093
6.5563	61.38077
6.557	61.56137
6.5577	61.74843
6.5584	61.91425
6.5591	62.05122
6.5598	62.16436
6.5605	62.26066
6.5612	62.33967
6.5619	62.39074
6.5626	62.39739
6.5633	62.3444
6.564	62.22572
6.5647	62.04926
6.5654	61.84287
6.5661	61.64378
6.5668	61.491
6.5675	61.41153
6.5682	61.41622
6.5689	61.50457
6.5696	61.67205
6.5703	61.90938
6.571	62.19273
6.5717	62.47769
6.5724	62.70693
6.5731	62.83645
6.5738	62.86013
6.5745	62.79658
6.5752	62.67386
6.5759	62.52268
6.5766	62.36152
6.5773	62.19042
6.578	62.0064
6.5787	61.82167
6.5794	61.66509
6.5801	61.5642
6.5808	61.52352
6.5815	61.52149
6.5822	61.52769
6.5829	61.52502
6.5836	61.51756
6.5843	61.51763
6.585	61.52836
6.5857	61.53873
6.5864	61.52833
6.5871	61.47801
6.5878	61.38359
6.5885	61.26374
6.5892	61.1575
6.5899	61.11248
6.5906	61.16204
6.5913	61.30828
6.592	61.51208
6.5927	61.71395
6.5934	61.86207
6.5941	61.93632
6.5948	61.93893
6.5955	61.88115
6.5962	61.77822
6.5969	61.65335
6.5976	61.53992
6.5983	61.47463
6.599	61.48466
6.5997	61.57117
6.6004	61.7076
6.6011	61.85355
6.6018	61.98022
6.6025	62.07484
6.6032	62.1346
6.6039	62.1618
6.6046	62.16168
6.6053	62.14129
6.606	62.10885
6.6067	62.07298
6.6074	62.04076
6.6081	62.01576
6.6088	61.99752
6.6095	61.98161
6.6102	61.96296
6.6109	61.93737
6.6116	61.90459
6.6123	61.8704
6.613	61.84281
6.6137	61.82519
6.6144	61.81227
6.6151	61.79326
6.6158	61.76036
6.6165	61.71435
6.6172	61.66512
6.6179	61.62739
6.6186	61.61505
6.6193	61.63407
6.62	61.67985
6.6207	61.73866
6.6214	61.79307
6.6221	61.82946
6.6228	61.84381
6.6235	61.84236
6.6242	61.83657
6.6249	61.833
6.6256	61.82539
6.6263	61.79778
6.627	61.73909
6.6277	61.65623
6.6284	61.57575
6.6291	61.53316
6.6298	61.55733
6.6305	61.65836
6.6312	61.82339
6.6319	62.02071
6.6326	62.2138
6.6333	62.37566
6.634	62.49473
6.6347	62.57514
6.6354	62.63246
6.6361	62.68092
6.6368	62.7184
6.6375	62.72037
6.6382	62.65117
6.6389	62.4859
6.6396	62.22525
6.6403	61.9062
6.641	61.61208
6.6417	61.43785
6.6424	61.41682
6.6431	61.50761
6.6438	61.63452
6.6445	61.73335
6.6452	61.77463
6.6459	61.76255
6.6466	61.72265
6.6473	61.68924
6.648	61.68507
6.6487	61.70983
6.6494	61.74749
6.6501	61.78488
6.6508	61.82179
6.6515	61.87063
6.6522	61.94521
6.6529	62.04757
6.6536	62.16233
6.6543	62.2619
6.655	62.31676
6.6557	62.31322
6.6564	62.25879
6.6571	62.17674
6.6578	62.09021
6.6585	62.0139
6.6592	61.95222
6.6599	61.90461
6.6606	61.87268
6.6613	61.8625
6.662	61.87944
6.6627	61.92038
6.6634	61.97206
6.6641	62.01787
6.6648	62.0447
6.6655	62.04862
6.6662	62.03419
6.6669	62.01004
6.6676	61.98376
6.6683	61.95853
6.669	61.93138
6.6697	61.89527
6.6704	61.84679
6.6711	61.79621
6.6718	61.76676
6.6725	61.77968
6.6732	61.83901
6.6739	61.92911
6.6746	62.02457
6.6753	62.10292
6.676	62.14963
6.6767	62.15799
6.6774	62.12903
6.6781	62.06925
6.6788	61.98472
6.6795	61.87668
6.6802	61.74241
6.6809	61.58253
6.6816	61.41206
6.6823	61.2676
6.683	61.19569
6.6837	61.22248
6.6844	61.32681
6.6851	61.45777
6.6858	61.56208
6.6865	61.61286
6.6872	61.61899
6.6879	61.61627
6.6886	61.64701
6.6893	61.73339
6.69	61.86386
6.6907	62.00121
6.6914	62.10869
6.6921	62.16272
6.6928	62.15857
6.6935	62.10916
6.6942	62.03697
6.6949	61.96344
6.6956	61.9022
6.6963	61.85794
6.697	61.83102
6.6977	61.82344
6.6984	61.83821
6.6991	61.87437
6.6998	61.92389
6.7005	61.97326
6.7012	62.00793
6.7019	62.01712
6.7026	61.99993
6.7033	61.96376
6.704	61.9186
6.7047	61.86891
6.7054	61.80989
6.7061	61.73166
6.7068	61.62819
6.7075	61.50604
6.7082	61.38706
6.7089	61.30009
6.7096	61.26927
6.7103	61.29841
6.711	61.375
6.7117	61.47978
6.7124	61.59805
6.7131	61.72285
6.7138	61.85041
6.7145	61.97289
6.7152	62.07403
6.7159	62.13403
6.7166	62.14222
6.7173	62.10097
6.718	62.02336
6.7187	61.92765
6.7194	61.83184
6.7201	61.74916
6.7208	61.68532
6.7215	61.64252
6.7222	61.62293
6.7229	61.63108
6.7236	61.67255
6.7243	61.7485
6.725	61.84978
6.7257	61.95606
6.7264	62.0409
6.7271	62.08082
6.7278	62.0678
6.7285	62.01608
6.7292	61.95387
6.7299	61.90778
6.7306	61.89362
6.7313	61.91347
6.732	61.95886
6.7327	62.01703
6.7334	62.07558
6.7341	62.12741
6.7348	62.17076
6.7355	62.2057
6.7362	62.23168
6.7369	62.24682
6.7376	62.24876
6.7383	62.23667
6.739	62.21337
6.7397	62.1857
6.7404	62.16106
6.7411	62.14406
6.7418	62.13416
6.7425	62.12631
6.7432	62.11294
6.7439	62.08719
6.7446	62.04663
6.7453	61.99475
6.746	61.94026
6.7467	61.89255
6.7474	61.8575
6.7481	61.8351
6.7488	61.8206
6.7495	61.80842
6.7502	61.79734
6.7509	61.79353
6.7516	61.80749
6.7523	61.84278
6.753	61.89175
6.7537	61.93955
6.7544	61.97138
6.7551	61.97949
6.7558	61.96694
6.7565	61.94605
6.7572	61.93266
6.7579	61.93381
6.7586	61.94564
6.7593	61.95735
6.76	61.95873
6.7607	61.94616
6.7614	61.92484
6.7621	61.90647
6.7628	61.90139
6.7635	61.91034
6.7642	61.92552
6.7649	61.93505
6.7656	61.92991
6.7663	61.90793
6.767	61.87355
6.7677	61.83443
6.7684	61.79498
6.7691	61.75192
6.7698	61.6959
6.7705	61.61567
6.7712	61.50405
6.7719	61.36425
6.7726	61.21507
6.7733	61.09398
6.774	61.04179
6.7747	61.07481
6.7754	61.175
6.7761	61.30568
6.7768	61.42862
6.7775	61.51891
6.7782	61.57318
6.7789	61.60436
6.7796	61.63236
6.7803	61.67094
6.781	61.72435
6.7817	61.78613
6.7824	61.84183
6.7831	61.87451
6.7838	61.87145
6.7845	61.83366
6.7852	61.78083
6.7859	61.73633
6.7866	61.71287
6.7873	61.70624
6.788	61.69697
6.7887	61.65736
6.7894	61.56013
6.7901	61.39507
6.7908	61.17735
6.7915	60.94919
6.7922	60.76653
6.7929	60.68109
6.7936	60.7168
6.7943	60.84765
6.795	61.00451
6.7957	61.12312
6.7964	61.18165
6.7971	61.18521
6.7978	61.15473
6.7985	61.11829
6.7992	61.10367
6.7999	61.13035
6.8006	61.19754
6.8013	61.28655
6.802	61.37742
6.8027	61.45787
6.8034	61.52508
6.8041	61.58294
6.8048	61.63637
6.8055	61.68447
6.8062	61.71919
6.8069	61.73093
6.8076	61.71464
6.8083	61.67275
6.809	61.61558
6.8097	61.55906
6.8104	61.5189
6.8111	61.50417
6.8118	61.51467
6.8125	61.54427
6.8132	61.58312
6.8139	61.62092
6.8146	61.6504
6.8153	61.66966
6.816	61.68327
6.8167	61.69872
6.8174	61.72274
6.8181	61.75681
6.8188	61.79555
6.8195	61.82729
6.8202	61.83649
6.8209	61.81042
6.8216	61.74373
6.8223	61.63997
6.823	61.5107
6.8237	61.3733
6.8244	61.24737
6.8251	61.15018
6.8258	61.097
6.8265	61.09335
6.8272	61.13083
6.8279	61.1877
6.8286	61.23774
6.8293	61.25976
6.83	61.24493
6.8307	61.20355
6.8314	61.16143
6.8321	61.14898
6.8328	61.18648
6.8335	61.27668
6.8342	61.40409
6.8349	61.54084
6.8356	61.65813
6.8363	61.73805
6.837	61.77744
6.8377	61.78486
6.8384	61.77521
6.8391	61.7638
6.8398	61.76098
6.8405	61.76877
6.8412	61.78292
6.8419	61.79828
6.8426	61.81189
6.8433	61.82269
6.844	61.8304
6.8447	61.83401
6.8454	61.83165
6.8461	61.82183
6.8468	61.80562
6.8475	61.78588
6.8482	61.76567
6.8489	61.74618
6.8496	61.72443
6.8503	61.69169
6.851	61.64003
6.8517	61.56723
6.8524	61.47934
6.8531	61.38991
6.8538	61.31655
6.8545	61.27516
6.8552	61.26818
6.8559	61.28244
6.8566	61.29785
6.8573	61.29714
6.858	61.27019
6.8587	61.21308
6.8594	61.12339
6.8601	60.99291
6.8608	60.81126
6.8615	60.57802
6.8622	60.32005
6.8629	60.09826
6.8636	59.99692
6.8643	60.06236
6.865	60.24678
6.8657	60.4657
6.8664	60.64134
6.8671	60.72938
6.8678	60.73088
6.8685	60.68017
6.8692	60.63573
6.8699	60.65119
6.8706	60.75766
6.8713	60.95174
6.872	61.19779
6.8727	61.4454
6.8734	61.65184
6.8741	61.7945
6.8748	61.86271
6.8755	61.86085
6.8762	61.80717
6.8769	61.72988
6.8776	61.66061
6.8783	61.61811
6.879	61.60494
6.8797	61.61259
6.8804	61.62859
6.8811	61.64288
6.8818	61.65322
6.8825	61.66646
6.8832	61.69161
6.8839	61.72998
6.8846	61.77365
6.8853	61.80831
6.886	61.81905
6.8867	61.80111
6.8874	61.76777
6.8881	61.73863
6.8888	61.72847
6.8895	61.74221
6.8902	61.77373
6.8909	61.80929
6.8916	61.83497
6.8923	61.84549
6.893	61.84149
6.8937	61.82695
6.8944	61.80701
6.8951	61.78578
6.8958	61.76609
6.8965	61.74896
6.8972	61.73447
6.8979	61.72137
6.8986	61.70743
6.8993	61.69017
6.9	61.66813
6.9007	61.64304
6.9014	61.61935
6.9021	61.60183
6.9028	61.59214
6.9035	61.58589
6.9042	61.56949
6.9049	61.52801
6.9056	61.46251
6.9063	61.39078
6.907	61.3361
6.9077	61.31717
6.9084	61.33878
6.9091	61.38719
6.9098	61.44351
6.9105	61.49317
6.9112	61.52942
6.9119	61.55398
6.9126	61.57534
6.9133	61.60213
6.914	61.63445
6.9147	61.66521
6.9154	61.68554
6.9161	61.68899
6.9168	61.6755
6.9175	61.65554
6.9182	61.64478
6.9189	61.65554
6.9196	61.6925
6.9203	61.75113
6.921	61.81806
6.9217	61.87468
6.9224	61.9058
6.9231	61.90452
6.9238	61.872
6.9245	61.81702
6.9252	61.75443
6.9259	61.70188
6.9266	61.67344
6.9273	61.67529
6.928	61.70558
6.9287	61.75508
6.9294	61.80893
6.9301	61.85167
6.9308	61.87459
6.9315	61.87685
6.9322	61.86258
6.9329	61.8387
6.9336	61.81259
6.9343	61.78862
6.935	61.7679
6.9357	61.75017
6.9364	61.73495
6.9371	61.72182
6.9378	61.7104
6.9385	61.69958
6.9392	61.68814
6.9399	61.67585
6.9406	61.66389
6.9413	61.65503
6.942	61.65347
6.9427	61.66271
6.9434	61.68294
6.9441	61.71051
6.9448	61.73934
6.9455	61.76189
6.9462	61.77013
6.9469	61.75816
6.9476	61.72535
6.9483	61.67659
6.949	61.62074
6.9497	61.56971
6.9504	61.53811
6.9511	61.53603
6.9518	61.56286
6.9525	61.60752
6.9532	61.65189
6.9539	61.67368
6.9546	61.64832
6.9553	61.5594
6.956	61.4038
6.9567	61.19164
6.9574	60.94513
6.9581	60.69726
6.9588	60.49479
6.9595	60.38052
6.9602	60.3713
6.9609	60.44726
6.9616	60.55957
6.9623	60.64451
6.963	60.65367
6.9637	60.58882
6.9644	60.47742
6.9651	60.3623
6.9658	60.29232
6.9665	60.31153
6.9672	60.44057
6.9679	60.65743
6.9686	60.92121
6.9693	61.18592
6.97	61.41156
6.9707	61.57581
6.9714	61.67403
6.9721	61.71689
6.9728	61.72289
6.9735	61.71316
6.9742	61.70607
6.9749	61.70892
6.9756	61.7173
6.9763	61.72471
6.977	61.72754
6.9777	61.72698
6.9784	61.73003
6.9791	61.74434
6.9798	61.76937
6.9805	61.79839
6.9812	61.82167
6.9819	61.82942
6.9826	61.81652
6.9833	61.78766
6.984	61.75251
6.9847	61.72059
6.9854	61.69904
6.9861	61.69047
6.9868	61.69157
6.9875	61.69741
6.9882	61.70426
6.9889	61.71027
6.9896	61.71563
6.9903	61.72193
6.991	61.7307
6.9917	61.74307
6.9924	61.76058
6.9931	61.78459
6.9938	61.81544
6.9945	61.85053
6.9952	61.88478
6.9959	61.91294
6.9966	61.9298
6.9973	61.93097
6.998	61.91458
6.9987	61.88345
6.9994	61.84332
7.0001	61.80007
7.0008	61.75913
7.0015	61.72533
7.0022	61.70287
7.0029	61.6947
7.0036	61.70217
7.0043	61.72456
7.005	61.75865
7.0057	61.79722
7.0064	61.8312
7.0071	61.85257
7.0078	61.85601
7.0085	61.84011
7.0092	61.80913
7.0099	61.77405
7.0106	61.74552
7.0113	61.73117
7.012	61.73467
7.0127	61.75487
7.0134	61.78573
7.0141	61.81988
7.0148	61.85205
7.0155	61.87876
7.0162	61.89818
7.0169	61.90929
7.0176	61.91051
7.0183	61.89917
7.019	61.87285
7.0197	61.83085
7.0204	61.7765
7.0211	61.72307
7.0218	61.68624
7.0225	61.67751
7.0232	61.70069
7.0239	61.74856
7.0246	61.80371
7.0253	61.85239
7.026	61.88952
7.0267	61.9163
7.0274	61.93887
7.0281	61.96534
7.0288	61.99904
7.0295	62.03657
7.0302	62.07064
7.0309	62.0918
7.0316	62.09079
7.0323	62.06654
7.033	62.02639
7.0337	61.98146
7.0344	61.94319
7.0351	61.91892
7.0358	61.90944
7.0365	61.90795
7.0372	61.90627
7.0379	61.89694
7.0386	61.87508
7.0393	61.84153
7.04	61.79746
7.0407	61.73961
7.0414	61.65995
7.0421	61.54536
7.0428	61.37347
7.0435	61.14091
7.0442	60.89655
7.0449	60.71588
7.0456	60.68067
7.0463	60.81476
7.047	61.0219
7.0477	61.20738
7.0484	61.31283
7.0491	61.32576
7.0498	61.2836
7.0505	61.2303
7.0512	61.19762
7.0519	61.20331
7.0526	61.25067
7.0533	61.32741
7.054	61.41526
7.0547	61.5046
7.0554	61.59145
7.0561	61.67571
7.0568	61.75875
7.0575	61.83711
7.0582	61.9031
7.0589	61.94807
7.0596	61.9642
7.0603	61.94679
7.061	61.90035
7.0617	61.83773
7.0624	61.77383
7.0631	61.72296
7.0638	61.69586
7.0645	61.69406
7.0652	61.71148
7.0659	61.73943
7.0666	61.7688
7.0673	61.79244
7.068	61.80742
7.0687	61.81424
7.0694	61.81391
7.0701	61.80745
7.0708	61.79528
7.0715	61.77701
7.0722	61.75334
7.0729	61.72646
7.0736	61.69956
7.0743	61.6765
7.075	61.66029
7.0757	61.64998
7.0764	61.64207
7.0771	61.63131
7.0778	61.61114
7.0785	61.57707
7.0792	61.5295
7.0799	61.47198
7.0806	61.40999
7.0813	61.35014
7.082	61.2976
7.0827	61.25321
7.0834	61.21588
7.0841	61.18353
7.0848	61.15394
7.0855	61.12614
7.0862	61.10012
7.0869	61.07559
7.0876	61.05177
7.0883	61.0269
7.089	60.99923
7.0897	60.9691
7.0904	60.9388
7.0911	60.91216
7.0918	60.89427
7.0925	60.88911
7.0932	60.89653
7.0939	60.91344
7.0946	60.93406
7.0953	60.94953
7.096	60.95222
7.0967	60.93734
7.0974	60.90288
7.0981	60.84982
7.0988	60.78347
7.0995	60.71248
7.1002	60.64474
7.1009	60.58742
7.1016	60.54642
7.1023	60.52387
7.103	60.51777
7.1037	60.52466
7.1044	60.54068
7.1051	60.56231
7.1058	60.58694
7.1065	60.61275
7.1072	60.63743
7.1079	60.65806
7.1086	60.6706
7.1093	60.67081
7.11	60.65704
7.1107	60.63
7.1114	60.59256
7.1121	60.5503
7.1128	60.51233
7.1135	60.4867
7.1142	60.48089
7.1149	60.50115
7.1156	60.54964
7.1163	60.62031
7.117	60.70283
7.1177	60.78594
7.1184	60.85863
7.1191	60.91133
7.1198	60.94115
7.1205	60.94836
7.1212	60.93555
7.1219	60.90758
7.1226	60.87053
7.1233	60.82984
7.124	60.79065
7.1247	60.7582
7.1254	60.73862
7.1261	60.73824
7.1268	60.76007
7.1275	60.80405
7.1282	60.86706
7.1289	60.94163
7.1296	61.01971
7.1303	61.0953
7.131	61.16424
7.1317	61.22468
7.1324	61.27618
7.1331	61.31794
7.1338	61.34838
7.1345	61.36555
7.1352	61.36719
7.1359	61.35325
7.1366	61.32685
7.1373	61.29274
7.138	61.25695
7.1387	61.22626
7.1394	61.20446
7.1401	61.19141
7.1408	61.18423
7.1415	61.17711
7.1422	61.16148
7.1429	61.13057
7.1436	61.08177
7.1443	61.01718
7.145	60.947
7.1457	60.89565
7.1464	60.8818
7.1471	60.9133
7.1478	60.9858
7.1485	61.07187
7.1492	61.1438
7.1499	61.18494
7.1506	61.18787
7.1513	61.15747
7.152	61.11159
7.1527	61.06878
7.1534	61.04326
7.1541	61.04483
7.1548	61.07597
7.1555	61.12963
7.1562	61.19722
7.1569	61.26979
7.1576	61.33849
7.1583	61.39562
7.159	61.43452
7.1597	61.45001
7.1604	61.43849
7.1611	61.39855
7.1618	61.33816
7.1625	61.27098
7.1632	61.21271
7.1639	61.18027
7.1646	61.18207
7.1653	61.21012
7.166	61.24883
7.1667	61.27851
7.1674	61.27696
7.1681	61.22737
7.1688	61.1309
7.1695	61.00002
7.1702	60.85833
7.1709	60.74191
7.1716	60.67029
7.1723	60.64926
7.173	60.67516
7.1737	60.73276
7.1744	60.80226
7.1751	60.87051
7.1758	60.92876
7.1765	60.97286
7.1772	61.00406
7.1779	61.02829
7.1786	61.05184
7.1793	61.08074
7.18	61.11953
7.1807	61.16847
7.1814	61.22704
7.1821	61.29423
7.1828	61.36857
7.1835	61.44631
7.1842	61.52036
7.1849	61.58273
7.1856	61.62483
7.1863	61.63711
7.187	61.61679
7.1877	61.56903
7.1884	61.50326
7.1891	61.43381
7.1898	61.37519
7.1905	61.33397
7.1912	61.31149
7.1919	61.30534
7.1926	61.31011
7.1933	61.32273
7.194	61.34238
7.1947	61.36878
7.1954	61.40176
7.1961	61.43748
7.1968	61.46999
7.1975	61.49372
7.1982	61.50358
7.1989	61.49769
7.1996	61.47791
7.2003	61.44592
7.201	61.40288
7.2017	61.348
7.2024	61.27825
7.2031	61.19259
7.2038	61.09338
7.2045	60.9878
7.2052	60.89355
7.2059	60.82704
7.2066	60.79783
7.2073	60.80912
7.208	60.84931
7.2087	60.89783
7.2094	60.93945
7.2101	60.96279
7.2108	60.96318
7.2115	60.94786
7.2122	60.92656
7.2129	60.90909
7.2136	60.90512
7.2143	60.9203
7.215	60.9562
7.2157	61.01236
7.2164	61.0865
7.2171	61.17326
7.2178	61.26449
7.2185	61.35218
7.2192	61.42841
7.2199	61.48511
7.2206	61.51751
7.2213	61.52571
7.222	61.51241
7.2227	61.48348
7.2234	61.44788
7.2241	61.41287
7.2248	61.38392
7.2255	61.36498
7.2262	61.35637
7.2269	61.35463
7.2276	61.35577
7.2283	61.35558
7.229	61.35042
7.2297	61.33992
7.2304	61.32549
7.2311	61.30917
7.2318	61.29374
7.2325	61.28029
7.2332	61.26846
7.2339	61.25783
7.2346	61.24797
7.2353	61.24005
7.236	61.23634
7.2367	61.23824
7.2374	61.24631
7.2381	61.25774
7.2388	61.26686
7.2395	61.26927
7.2402	61.26155
7.2409	61.24338
7.2416	61.22016
7.2423	61.198
7.243	61.18278
7.2437	61.17928
7.2444	61.18621
7.2451	61.19915
7.2458	61.21351
7.2465	61.22467
7.2472	61.23211
7.2479	61.2389
7.2486	61.24805
7.2493	61.26252
7.25	61.28174
7.2507	61.30175
7.2514	61.31883
7.2521	61.32941
7.2528	61.33297
7.2535	61.33405
7.2542	61.33826
7.2549	61.35168
7.2556	61.37922
7.2563	61.41939
7.257	61.46704
7.2577	61.51534
7.2584	61.55545
7.2591	61.57938
7.2598	61.58376
7.2605	61.56755
7.2612	61.53296
7.2619	61.48772
7.2626	61.44001
7.2633	61.39832
7.264	61.37217
7.2647	61.36811
7.2654	61.38728
7.2661	61.42827
7.2668	61.48679
7.2675	61.55484
7.2682	61.62377
7.2689	61.68533
7.2696	61.73125
7.2703	61.75317
7.271	61.74788
7.2717	61.7158
7.2724	61.6604
7.2731	61.59267
7.2738	61.52444
7.2745	61.46522
7.2752	61.42323
7.2759	61.40291
7.2766	61.40035
7.2773	61.41023
7.278	61.42672
7.2787	61.4462
7.2794	61.4714
7.2801	61.5039
7.2808	61.54387
7.2815	61.58606
7.2822	61.61879
7.2829	61.6349
7.2836	61.63004
7.2843	61.60595
7.285	61.57518
7.2857	61.54906
7.2864	61.53785
7.2871	61.55017
7.2878	61.58359
7.2885	61.63076
7.2892	61.68314
7.2899	61.73037
7.2906	61.76792
7.2913	61.79537
7.292	61.81288
7.2927	61.82111
7.2934	61.81717
7.2941	61.7975
7.2948	61.75996
7.2955	61.70457
7.2962	61.64085
7.2969	61.57981
7.2976	61.53124
7.2983	61.50391
7.299	61.49499
7.2997	61.4949
7.3004	61.493
7.3011	61.47593
7.3018	61.43875
7.3025	61.38715
7.3032	61.33039
7.3039	61.28403
7.3046	61.26225
7.3053	61.26913
7.306	61.30466
7.3067	61.3626
7.3074	61.43238
7.3081	61.50735
7.3088	61.58223
7.3095	61.65346
7.3102	61.71698
7.3109	61.76945
7.3116	61.80816
7.3123	61.83103
7.313	61.83964
7.3137	61.83733
7.3144	61.82763
7.3151	61.81483
7.3158	61.80062
7.3165	61.78446
7.3172	61.76552
7.3179	61.74251
7.3186	61.7166
7.3193	61.69012
7.32	61.66545
7.3207	61.64507
7.3214	61.62893
7.3221	61.61564
7.3228	61.60362
7.3235	61.5912
7.3242	61.57936
7.3249	61.56993
7.3256	61.56484
7.3263	61.56574
7.327	61.57136
7.3277	61.57929
7.3284	61.58659
7.3291	61.58943
7.3298	61.58605
7.3305	61.57511
7.3312	61.5553
7.3319	61.52386
7.3326	61.47716
7.3333	61.41376
7.334	61.33377
7.3347	61.24617
7.3354	61.1685
7.3361	61.11561
7.3368	61.10216
7.3375	61.13127
7.3382	61.19082
7.3389	61.26847
7.3396	61.3494
7.3403	61.42273
7.341	61.4863
7.3417	61.53958
7.3424	61.58414
7.3431	61.62094
7.3438	61.64915
7.3445	61.66812
7.3452	61.67712
7.3459	61.6779
7.3466	61.67325
7.3473	61.66621
7.348	61.66079
7.3487	61.65909
7.3494	61.6616
7.3501	61.66839
7.3508	61.67871
7.3515	61.69176
7.3522	61.70697
7.3529	61.72383
7.3536	61.74187
7.3543	61.7607
7.355	61.78018
7.3557	61.80034
7.3564	61.82196
7.3571	61.84641
7.3578	61.87474
7.3585	61.90792
7.3592	61.94535
7.3599	61.98436
7.3606	62.02209
7.3613	62.05488
7.362	62.07849
7.3627	62.09131
7.3634	62.09263
7.3641	62.08318
7.3648	62.06582
7.3655	62.04344
7.3662	62.01917
7.3669	61.99759
7.3676	61.98266
7.3683	61.97697
7.369	61.98263
7.3697	61.99993
7.3704	62.02595
7.3711	62.05658
7.3718	62.08634
7.3725	62.10799
7.3732	62.11805
7.3739	62.11489
7.3746	62.09873
7.3753	62.07358
7.376	62.04469
7.3767	62.01735
7.3774	61.99794
7.3781	61.99244
7.3788	62.00459
7.3795	62.03732
7.3802	62.09164
7.3809	62.16424
7.3816	62.25032
7.3823	62.34373
7.383	62.43463
7.3837	62.51594
7.3844	62.58303
7.3851	62.63269
7.3858	62.66498
7.3865	62.68139
7.3872	62.68328
7.3879	62.67208
7.3886	62.64871
7.3893	62.61445
7.39	62.57105
7.3907	62.52265
7.3914	62.47495
7.3921	62.43229
7.3928	62.39889
7.3935	62.3769
7.3942	62.3644
7.3949	62.35875
7.3956	62.35565
7.3963	62.35147
7.397	62.34621
7.3977	62.3408
7.3984	62.33859
7.3991	62.34288
7.3998	62.35434
7.4005	62.37277
7.4012	62.39455
7.4019	62.41496
7.4026	62.43085
7.4033	62.43937
7.404	62.44077
7.4047	62.43751
7.4054	62.4317
7.4061	62.42585
7.4068	62.41948
7.4075	62.41013
7.4082	62.39502
7.4089	62.37014
7.4096	62.33523
7.4103	62.29288
7.411	62.24755
7.4117	62.20888
7.4124	62.184
7.4131	62.17732
7.4138	62.19124
7.4145	62.22061
7.4152	62.25862
7.4159	62.29818
7.4166	62.33011
7.4173	62.35004
7.418	62.35736
7.4187	62.35318
7.4194	62.34314
7.4201	62.33172
7.4208	62.32205
7.4215	62.31647
7.4222	62.31463
7.4229	62.31555
7.4236	62.31815
7.4243	62.32113
7.425	62.32351
7.4257	62.3237
7.4264	62.31966
7.4271	62.30578
7.4278	62.27709
7.4285	62.22991
7.4292	62.16079
7.4299	62.07247
7.4306	61.9707
7.4313	61.86225
7.432	61.75842
7.4327	61.6654
7.4334	61.58598
7.4341	61.52115
7.4348	61.46645
7.4355	61.41797
7.4362	61.37258
7.4369	61.32774
7.4376	61.28418
7.4383	61.24265
7.439	61.20404
7.4397	61.16754
7.4404	61.13027
7.4411	61.0897
7.4418	61.04257
7.4425	60.98786
7.4432	60.92711
7.4439	60.86227
7.4446	60.79705
7.4453	60.73298
7.446	60.67012
7.4467	60.60762
7.4474	60.54309
7.4481	60.476
7.4488	60.4067
7.4495	60.33767
7.4502	60.27365
7.4509	60.21768
7.4516	60.17264
7.4523	60.13887
7.453	60.11374
7.4537	60.09461
7.4544	60.07768
7.4551	60.05898
7.4558	60.03593
7.4565	60.00615
7.4572	59.96727
7.4579	59.91777
7.4586	59.85765
7.4593	59.78777
7.46	59.71467
7.4607	59.64577
7.4614	59.58817
7.4621	59.54988
7.4628	59.5328
7.4635	59.5358
7.4642	59.55551
7.4649	59.58432
7.4656	59.6173
7.4663	59.65057
7.467	59.68185
7.4677	59.71217
7.4684	59.74264
7.4691	59.77481
7.4698	59.80964
7.4705	59.84607
7.4712	59.88286
7.4719	59.91766
7.4726	59.94862
7.4733	59.97535
7.474	59.99787
7.4747	60.01783
7.4754	60.03709
7.4761	60.05703
7.4768	60.07904
7.4775	60.10263
7.4782	60.12634
7.4789	60.14825
7.4796	60.16509
7.4803	60.17593
7.481	60.18092
7.4817	60.18199
7.4824	60.18449
7.4831	60.1919
7.4838	60.2077
7.4845	60.23382
7.4852	60.26877
7.4859	60.3108
7.4866	60.35665
7.4873	60.40258
7.488	60.44694
7.4887	60.48838
7.4894	60.52707
7.4901	60.56351
7.4908	60.59787
7.4915	60.62991
7.4922	60.65847
7.4929	60.68322
7.4936	60.70401
7.4943	60.72297
7.495	60.74375
7.4957	60.76937
7.4964	60.80354
7.4971	60.84672
7.4978	60.89736
7.4985	60.95287
7.4992	61.00791
7.4999	61.0599
7.5006	61.10728
7.5013	61.15047
7.502	61.19229
7.5027	61.23427
7.5034	61.27804
7.5041	61.32262
7.5048	61.36528
7.5055	61.40342
7.5062	61.43352
7.5069	61.45449
7.5076	61.46645
7.5083	61.47043
7.509	61.46853
7.5097	61.46146
7.5104	61.44975
7.5111	61.43304
7.5118	61.41184
7.5125	61.38753
7.5132	61.36271
7.5139	61.34302
7.5146	61.33205
7.5153	61.33332
7.516	61.34767
7.5167	61.37157
7.5174	61.40151
7.5181	61.43142
7.5188	61.45689
7.5195	61.47694
7.5202	61.49143
7.5209	61.50384
7.5216	61.51666
7.5223	61.53172
7.523	61.54945
7.5237	61.56746
7.5244	61.58406
7.5251	61.59694
7.5258	61.60591
7.5265	61.61235
7.5272	61.61786
7.5279	61.62527
7.5286	61.63525
7.5293	61.64789
7.53	61.66223
7.5307	61.67688
7.5314	61.69158
7.5321	61.70625
7.5328	61.72246
7.5335	61.74086
7.5342	61.76163
7.5349	61.7831
7.5356	61.80167
7.5363	61.81481
7.537	61.8193
7.5377	61.81527
7.5384	61.8055
7.5391	61.79326
7.5398	61.78527
7.5405	61.78414
7.5412	61.79097
7.5419	61.80436
7.5426	61.81885
7.5433	61.83088
7.544	61.83629
7.5447	61.83411
7.5454	61.82701
7.5461	61.81792
7.5468	61.81324
7.5475	61.81532
7.5482	61.82462
7.5489	61.83935
7.5496	61.85336
7.5503	61.86317
7.551	61.86503
7.5517	61.85876
7.5524	61.84804
7.5531	61.83654
7.5538	61.83136
7.5545	61.8363
7.5552	61.85279
7.5559	61.88061
7.5566	61.91561
7.5573	61.95531
7.558	61.99698
7.5587	62.03956
7.5594	62.08337
7.5601	62.1285
7.5608	62.17461
7.5615	62.21821
7.5622	62.25632
7.5629	62.28435
7.5636	62.29935
7.5643	62.30194
7.565	62.29349
7.5657	62.27995
7.5664	62.26538
7.5671	62.25294
7.5678	62.24359
7.5685	62.23323
7.5692	62.21871
7.5699	62.19489
7.5706	62.16126
7.5713	62.12091
7.572	62.07849
7.5727	62.04364
7.5734	62.02067
7.5741	62.01298
7.5748	62.01926
7.5755	62.03377
7.5762	62.05208
7.5769	62.06738
7.5776	62.0775
7.5783	62.08261
7.579	62.08415
7.5797	62.08517
7.5804	62.08594
7.5811	62.08652
7.5818	62.08429
7.5825	62.07785
7.5832	62.06655
7.5839	62.05143
7.5846	62.03621
7.5853	62.02334
7.586	62.01593
7.5867	62.01519
7.5874	62.02032
7.5881	62.0301
7.5888	62.04076
7.5895	62.04957
7.5902	62.05412
7.5909	62.05209
7.5916	62.04309
7.5923	62.02712
7.593	62.0051
7.5937	61.97919
7.5944	61.95133
7.5951	61.92413
7.5958	61.90063
7.5965	61.88228
7.5972	61.8705
7.5979	61.86561
7.5986	61.86709
7.5993	61.8745
7.6	61.88699
7.6007	61.90449
7.6014	61.927
7.6021	61.95472
7.6028	61.98753
7.6035	62.02502
7.6042	62.06658
7.6049	62.11086
7.6056	62.15717
7.6063	62.20482
7.607	62.25275
7.6077	62.29923
7.6084	62.3425
7.6091	62.37834
7.6098	62.4022
7.6105	62.41125
7.6112	62.40237
7.6119	62.37792
7.6126	62.34141
7.6133	62.29851
7.614	62.25879
7.6147	62.22731
7.6154	62.20954
7.6161	62.20715
7.6168	62.21777
7.6175	62.23904
7.6182	62.26515
7.6189	62.29217
7.6196	62.31712
7.6203	62.33693
7.621	62.35075
7.6217	62.35821
7.6224	62.35928
7.6231	62.3556
7.6238	62.34877
7.6245	62.34091
7.6252	62.33541
7.6259	62.3335
7.6266	62.33639
7.6273	62.34375
7.628	62.35482
7.6287	62.36908
7.6294	62.38639
7.6301	62.40828
7.6308	62.43585
7.6315	62.47107
7.6322	62.51277
7.6329	62.55893
7.6336	62.60559
7.6343	62.64606
7.635	62.67675
7.6357	62.69335
7.6364	62.69513
7.6371	62.68368
7.6378	62.66089
7.6385	62.63087
7.6392	62.59594
7.6399	62.55829
7.6406	62.52097
7.6413	62.48664
7.642	62.45757
7.6427	62.4377
7.6434	62.42805
7.6441	62.42825
7.6448	62.43592
7.6455	62.44441
7.6462	62.44991
7.6469	62.44738
7.6476	62.4358
7.6483	62.41716
7.649	62.39451
7.6497	62.37452
7.6504	62.36019
7.6511	62.35457
7.6518	62.35796
7.6525	62.36909
7.6532	62.38689
7.6539	62.41005
7.6546	62.43835
7.6553	62.47126
7.656	62.5073
7.6567	62.54254
7.6574	62.57355
7.6581	62.59359
7.6588	62.59845
7.6595	62.58722
7.6602	62.56029
7.6609	62.5248
7.6616	62.48553
7.6623	62.44887
7.663	62.4206
7.6637	62.40199
7.6644	62.3941
7.6651	62.39619
7.6658	62.40838
7.6665	62.43081
7.6672	62.4644
7.6679	62.50804
7.6686	62.56059
7.6693	62.61644
7.67	62.66949
7.6707	62.71496
7.6714	62.74647
7.6721	62.7643
7.6728	62.76927
7.6735	62.76617
7.6742	62.75943
7.6749	62.75117
7.6756	62.74292
7.6763	62.7328
7.677	62.72021
7.6777	62.70393
7.6784	62.6879
7.6791	62.67583
7.6798	62.67337
7.6805	62.68519
7.6812	62.71005
7.6819	62.74613
7.6826	62.78305
7.6833	62.81328
7.684	62.82838
7.6847	62.82284
7.6854	62.79904
7.6861	62.75931
7.6868	62.71377
7.6875	62.66799
7.6882	62.62692
7.6889	62.59428
7.6896	62.56912
7.6903	62.55092
7.691	62.53789
7.6917	62.53022
7.6924	62.52804
7.6931	62.53264
7.6938	62.54349
7.6945	62.5597
7.6952	62.57828
7.6959	62.59556
7.6966	62.60964
7.6973	62.61817
7.698	62.62294
7.6987	62.62554
7.6994	62.6294
7.7001	62.63631
7.7008	62.64583
7.7015	62.65657
7.7022	62.66271
7.7029	62.66127
7.7036	62.6481
7.7043	62.62283
7.705	62.58783
7.7057	62.54653
7.7064	62.50709
7.7071	62.47381
7.7078	62.45196
7.7085	62.44335
7.7092	62.44631
7.7099	62.45891
7.7106	62.47547
7.7113	62.49314
7.712	62.50888
7.7127	62.52108
7.7134	62.53056
7.7141	62.53806
7.7148	62.54592
7.7155	62.55472
7.7162	62.56502
7.7169	62.57601
7.7176	62.58675
7.7183	62.59642
7.719	62.60421
7.7197	62.61031
7.7204	62.61482
7.7211	62.61846
7.7218	62.62125
7.7225	62.62323
7.7232	62.62388
7.7239	62.62273
7.7246	62.61941
7.7253	62.61328
7.726	62.60415
7.7267	62.5918
7.7274	62.57599
7.7281	62.55628
7.7288	62.53233
7.7295	62.50343
7.7302	62.4698
7.7309	62.43183
7.7316	62.39125
7.7323	62.35099
7.733	62.31317
7.7337	62.28196
7.7344	62.25922
7.7351	62.24596
7.7358	62.24238
7.7365	62.24592
7.7372	62.25456
7.7379	62.2638
7.7386	62.26947
7.7393	62.2691
7.74	62.2598
7.7407	62.24234
7.7414	62.21777
7.7421	62.18984
7.7428	62.16401
7.7435	62.14381
7.7442	62.13531
7.7449	62.13993
7.7456	62.15775
7.7463	62.18595
7.747	62.21758
7.7477	62.24793
7.7484	62.26823
7.7491	62.27328
7.7498	62.26045
7.7505	62.22836
7.7512	62.18104
7.7519	62.12144
7.7526	62.05621
7.7533	61.99154
7.754	61.93142
7.7547	61.88184
7.7554	61.84473
7.7561	61.82113
7.7568	61.81079
7.7575	61.81029
7.7582	61.81711
7.7589	61.82561
7.7596	61.83076
7.7603	61.82946
7.761	61.81813
7.7617	61.79729
7.7624	61.76741
7.7631	61.73155
7.7638	61.69304
7.7645	61.65414
7.7652	61.61802
7.7659	61.58513
7.7666	61.55588
7.7673	61.52993
7.768	61.50696
7.7687	61.4868
7.7694	61.46975
7.7701	61.45627
7.7708	61.44668
7.7715	61.44113
7.7722	61.43874
7.7729	61.43879
7.7736	61.43892
7.7743	61.43703
7.775	61.4313
7.7757	61.41857
7.7764	61.3978
7.7771	61.36797
7.7778	61.3296
7.7785	61.28485
7.7792	61.23564
7.7799	61.18745
7.7806	61.14392
7.7813	61.10891
7.782	61.08585
7.7827	61.07425
7.7834	61.07392
7.7841	61.07955
7.7848	61.08678
7.7855	61.0905
7.7862	61.08396
7.7869	61.06557
7.7876	61.0332
7.7883	60.9894
7.789	60.93704
7.7897	60.88015
7.7904	60.82498
7.7911	60.77448
7.7918	60.73292
7.7925	60.70205
7.7932	60.68192
7.7939	60.6721
7.7946	60.66933
7.7953	60.67134
7.796	60.67388
7.7967	60.67247
7.7974	60.665
7.7981	60.64869
7.7988	60.62446
7.7995	60.5933
7.8002	60.55913
7.8009	60.5261
7.8016	60.49667
7.8023	60.47395
7.803	60.45606
7.8037	60.44169
7.8044	60.42445
7.8051	60.4001
7.8058	60.3652
7.8065	60.31757
7.8072	60.26066
7.8079	60.19711
7.8086	60.13572
7.8093	60.08143
7.81	60.03969
7.8107	60.01346
7.8114	60.00131
7.8121	60.00187
7.8128	60.00886
7.8135	60.01922
7.8142	60.02892
7.8149	60.03421
7.8156	60.03357
7.8163	60.02509
7.817	60.00711
7.8177	59.97895
7.8184	59.93946
7.8191	59.88969
7.8198	59.83099
7.8205	59.76722
7.8212	59.70346
7.8219	59.64272
7.8226	59.58992
7.8233	59.54544
7.824	59.50963
7.8247	59.47971
7.8254	59.45297
7.8261	59.42727
7.8268	59.40075
7.8275	59.37412
7.8282	59.34783
7.8289	59.32399
7.8296	59.30262
7.8303	59.28403
7.831	59.2653
7.8317	59.24452
7.8324	59.21894
7.8331	59.18667
7.8338	59.14776
7.8345	59.10271
7.8352	59.05396
7.8359	59.00263
7.8366	58.95078
7.8373	58.8987
7.838	58.8466
7.8387	58.79409
7.8394	58.74149
7.8401	58.68907
7.8408	58.63837
7.8415	58.59068
7.8422	58.54708
7.8429	58.50828
7.8436	58.47344
7.8443	58.44191
7.845	58.41102
7.8457	58.37959
7.8464	58.34611
7.8471	58.30925
7.8478	58.26861
7.8485	58.22363
7.8492	58.17443
7.8499	58.12129
7.8506	58.06475
7.8513	58.00676
7.852	57.94882
7.8527	57.895
7.8534	57.84888
7.8541	57.81291
7.8548	57.79075
7.8555	57.78227
7.8562	57.78778
7.8569	57.8041
7.8576	57.82774
7.8583	57.85503
7.859	57.87983
7.8597	57.89961
7.8604	57.91074
7.8611	57.91129
7.8618	57.90103
7.8625	57.8801
7.8632	57.8508
7.8639	57.8144
7.8646	57.77359
7.8653	57.73032
7.866	57.68595
7.8667	57.64273
7.8674	57.60154
7.8681	57.56323
7.8688	57.52898
7.8695	57.49882
7.8702	57.473
7.8709	57.4499
7.8716	57.42784
7.8723	57.40442
7.873	57.37584
7.8737	57.34035
7.8744	57.29481
7.8751	57.23901
7.8758	57.1731
7.8765	57.09907
7.8772	57.02047
7.8779	56.93976
7.8786	56.86191
7.8793	56.79007
7.88	56.72737
7.8807	56.67764
7.8814	56.64174
7.8821	56.62115
7.8828	56.61407
7.8835	56.61833
7.8842	56.63018
7.8849	56.64206
7.8856	56.6502
7.8863	56.64741
7.887	56.63153
7.8877	56.60096
7.8884	56.55738
7.8891	56.50447
7.8898	56.44522
7.8905	56.38609
7.8912	56.32932
7.8919	56.27795
7.8926	56.23375
7.8933	56.19731
7.894	56.16933
7.8947	56.15002
7.8954	56.13921
7.8961	56.13613
7.8968	56.1381
7.8975	56.14339
7.8982	56.14698
7.8989	56.14642
7.8996	56.13896
7.9003	56.12433
7.901	56.10404
7.9017	56.08021
7.9024	56.05585
7.9031	56.03141
7.9038	56.00734
7.9045	55.97992
7.9052	55.94735
7.9059	55.90526
7.9066	55.85435
7.9073	55.79465
7.908	55.73278
7.9087	55.67452
7.9094	55.62642
7.9101	55.59631
7.9108	55.58482
7.9115	55.59319
7.9122	55.61396
7.9129	55.64313
7.9136	55.67081
7.9143	55.69091
7.915	55.6992
7.9157	55.69132
7.9164	55.6684
7.9171	55.63069
7.9178	55.58386
7.9185	55.53185
7.9192	55.48033
7.9199	55.43693
7.9206	55.40447
7.9213	55.38808
7.922	55.38544
7.9227	55.39516
7.9234	55.40756
7.9241	55.41468
7.9248	55.40917
7.9255	55.38188
7.9262	55.33303
7.9269	55.26162
7.9276	55.17722
7.9283	55.08533
7.929	54.99881
7.9297	54.9259
7.9304	54.8715
7.9311	54.84032
7.9318	54.82972
7.9325	54.83841
7.9332	54.85883
7.9339	54.88614
7.9346	54.91347
7.9353	54.93312
7.936	54.94197
7.9367	54.93446
7.9374	54.91018
7.9381	54.86874
7.9388	54.81374
7.9395	54.75069
7.9402	54.6844
7.9409	54.624
7.9416	54.57239
7.9423	54.53443
7.943	54.51091
7.9437	54.50172
7.9444	54.50502
7.9451	54.51809
7.9458	54.53922
7.9465	54.56545
7.9472	54.59494
7.9479	54.62579
7.9486	54.65396
7.9493	54.67787
7.95	54.6945
7.9507	54.70334
7.9514	54.70455
7.9521	54.70124
7.9528	54.69743
7.9535	54.69618
7.9542	54.70138
7.9549	54.7113
7.9556	54.72493
7.9563	54.73249
7.957	54.72973
7.9577	54.70703
7.9584	54.66229
7.9591	54.5941
7.9598	54.50824
7.9605	54.41247
7.9612	54.31378
7.9619	54.22599
7.9626	54.1528
7.9633	54.10089
7.964	54.06926
7.9647	54.05723
7.9654	54.05958
7.9661	54.07205
7.9668	54.09126
7.9675	54.11128
7.9682	54.13028
7.9689	54.14548
7.9696	54.15527
7.9703	54.15941
7.971	54.15804
7.9717	54.15371
7.9724	54.14785
7.9731	54.14582
7.9738	54.14977
7.9745	54.1628
7.9752	54.18502
7.9759	54.21475
7.9766	54.24808
7.9773	54.27805
7.978	54.30094
7.9787	54.30795
7.9794	54.29756
7.9801	54.26706
7.9808	54.21939
7.9815	54.15766
7.9822	54.0876
7.9829	54.01615
7.9836	53.94666
7.9843	53.88589
7.985	53.83513
7.9857	53.79624
7.9864	53.76895
7.9871	53.75232
7.9878	53.74498
7.9885	53.7442
7.9892	53.74855
7.9899	53.75435
7.9906	53.7592
7.9913	53.76106
7.992	53.75707
7.9927	53.74724
7.9934	53.73108
7.9941	53.71152
7.9948	53.69007
7.9955	53.67163
7.9962	53.65835
7.9969	53.65226
7.9976	53.65293
7.9983	53.65804
7.999	53.66455
7.9997	53.66706
8.0004	53.66373
8.0011	53.65098
8.0018	53.63141
8.0025	53.6061
8.0032	53.58249
8.0039	53.56413
8.0046	53.5569
8.0053	53.56332
8.006	53.58388
8.0067	53.61727
8.0074	53.6599
8.0081	53.70943
8.0088	53.76001
8.0095	53.80904
8.0102	53.85235
8.0109	53.88659
8.0116	53.91036
8.0123	53.92106
8.013	53.91963
8.0137	53.90615
8.0144	53.88551
8.0151	53.86131
8.0158	53.83963
8.0165	53.82645
8.0172	53.8242
8.0179	53.83629
8.0186	53.86021
8.0193	53.89478
8.02	53.93356
8.0207	53.97419
8.0214	54.01179
8.0221	54.04534
8.0228	54.07416
8.0235	54.09938
8.0242	54.12175
8.0249	54.14221
8.0256	54.16053
8.0263	54.17637
8.027	54.18864
8.0277	54.19708
8.0284	54.20148
8.0291	54.20296
8.0298	54.20213
8.0305	54.19998
8.0312	54.19638
8.0319	54.19112
8.0326	54.18306
8.0333	54.17206
8.034	54.15781
8.0347	54.14238
8.0354	54.12738
8.0361	54.11545
8.0368	54.10866
8.0375	54.1076
8.0382	54.1118
8.0389	54.11897
8.0396	54.12736
8.0403	54.1337
8.041	54.13776
8.0417	54.13903
8.0424	54.1397
8.0431	54.14073
8.0438	54.14484
8.0445	54.15224
8.0452	54.1635
8.0459	54.17802
8.0466	54.19593
8.0473	54.21762
8.048	54.24547
8.0487	54.28093
8.0494	54.3275
8.0501	54.38484
8.0508	54.45343
8.0515	54.52733
8.0522	54.60398
8.0529	54.67471
8.0536	54.73691
8.0543	54.78658
8.055	54.82529
8.0557	54.8548
8.0564	54.88043
8.0571	54.90672
8.0578	54.93672
8.0585	54.97192
8.0592	55.01036
8.0599	55.04968
8.0606	55.08467
8.0613	55.11353
8.062	55.13335
8.0627	55.14531
8.0634	55.14978
8.0641	55.15008
8.0648	55.14728
8.0655	55.1438
8.0662	55.14037
8.0669	55.13763
8.0676	55.13645
8.0683	55.13766
8.069	55.14257
8.0697	55.15257
8.0704	55.16808
8.0711	55.18908
8.0718	55.21388
8.0725	55.24106
8.0732	55.26769
8.0739	55.2932
8.0746	55.31629
8.0753	55.33889
8.076	55.36185
8.0767	55.38893
8.0774	55.42096
8.0781	55.46003
8.0788	55.50475
8.0795	55.55455
8.0802	55.60525
8.0809	55.65479
8.0816	55.7003
8.0823	55.74017
8.083	55.7742
8.0837	55.80313
8.0844	55.82885
8.0851	55.85269
8.0858	55.87764
8.0865	55.90434
8.0872	55.93422
8.0879	55.967
8.0886	56.00271
8.0893	56.0399
8.09	56.07782
8.0907	56.11523
8.0914	56.15102
8.0921	56.18472
8.0928	56.21576
8.0935	56.24395
8.0942	56.26918
8.0949	56.29014
8.0956	56.30615
8.0963	56.31495
8.097	56.31523
8.0977	56.30554
8.0984	56.28663
8.0991	56.26042
8.0998	56.23112
8.1005	56.20622
8.1012	56.18991
8.1019	56.1905
8.1026	56.20869
8.1033	56.24749
8.104	56.30116
8.1047	56.36746
8.1054	56.43575
8.1061	56.50153
8.1068	56.55776
8.1075	56.60162
8.1082	56.63237
8.1089	56.65151
8.1096	56.66178
8.1103	56.66558
8.111	56.66652
8.1117	56.6657
8.1124	56.66558
8.1131	56.66737
8.1138	56.67209
8.1145	56.68231
8.1152	56.69875
8.1159	56.72333
8.1166	56.75522
8.1173	56.79434
8.118	56.83709
8.1187	56.8819
8.1194	56.92556
8.1201	56.9661
8.1208	57.00241
8.1215	57.03434
8.1222	57.06209
8.1229	57.08625
8.1236	57.10561
8.1243	57.11967
8.125	57.12558
8.1257	57.12239
8.1264	57.10811
8.1271	57.08461
8.1278	57.05298
8.1285	57.01912
8.1292	56.98727
8.1299	56.96228
8.1306	56.94778
8.1313	56.94426
8.132	56.95104
8.1327	56.96497
8.1334	56.98365
8.1341	57.00329
8.1348	57.02352
8.1355	57.04402
8.1362	57.06743
8.1369	57.09525
8.1376	57.13178
8.1383	57.17766
8.139	57.23466
8.1397	57.3008
8.1404	57.37543
8.1411	57.45393
8.1418	57.53456
8.1425	57.61351
8.1432	57.68749
8.1439	57.75445
8.1446	57.81057
8.1453	57.85477
8.146	57.88442
8.1467	57.89912
8.1474	57.89833
8.1481	57.88397
8.1488	57.85801
8.1495	57.82389
8.1502	57.78593
8.1509	57.74624
8.1516	57.70896
8.1523	57.67484
8.153	57.64557
8.1537	57.62168
8.1544	57.60355
8.1551	57.59248
8.1558	57.58923
8.1565	57.59528
8.1572	57.61121
8.1579	57.6373
8.1586	57.67112
8.1593	57.70996
8.16	57.75008
8.1607	57.78513
8.1614	57.81252
8.1621	57.8274
8.1628	57.83074
8.1635	57.82235
8.1642	57.80816
8.1649	57.79035
8.1656	57.77619
8.1663	57.76731
8.167	57.76769
8.1677	57.77597
8.1684	57.7919
8.1691	57.81063
8.1698	57.82997
8.1705	57.84585
8.1712	57.85671
8.1719	57.86173
8.1726	57.86192
8.1733	57.85896
8.174	57.85521
8.1747	57.85422
8.1754	57.8575
8.1761	57.86908
8.1768	57.88986
8.1775	57.922
8.1782	57.96563
8.1789	58.02102
8.1796	58.08577
8.1803	58.15737
8.181	58.23196
8.1817	58.3026
8.1824	58.3661
8.1831	58.41519
8.1838	58.44876
8.1845	58.46331
8.1852	58.46103
8.1859	58.44234
8.1866	58.41286
8.1873	58.37449
8.188	58.332
8.1887	58.28683
8.1894	58.24027
8.1901	58.19329
8.1908	58.14645
8.1915	58.10062
8.1922	58.05909
8.1929	58.02351
8.1936	58.00043
8.1943	57.99132
8.195	58.00057
8.1957	58.02715
8.1964	58.07173
8.1971	58.1281
8.1978	58.19372
8.1985	58.26019
8.1992	58.32251
8.1999	58.37557
8.2006	58.4144
8.2013	58.43784
8.202	58.44376
8.2027	58.43373
8.2034	58.40827
8.2041	58.37191
8.2048	58.32633
8.2055	58.27865
8.2062	58.23228
8.2069	58.19201
8.2076	58.16313
8.2083	58.14754
8.209	58.1475
8.2097	58.16142
8.2104	58.18795
8.2111	58.22186
8.2118	58.26111
8.2125	58.30023
8.2132	58.33799
8.2139	58.37118
8.2146	58.39928
8.2153	58.42165
8.216	58.43791
8.2167	58.44795
8.2174	58.45128
8.2181	58.44838
8.2188	58.4392
8.2195	58.42618
8.2202	58.41038
8.2209	58.39559
8.2216	58.3839
8.2223	58.37784
8.223	58.37819
8.2237	58.38492
8.2244	58.39597
8.2251	58.40944
8.2258	58.4227
8.2265	58.43439
8.2272	58.44397
8.2279	58.4534
8.2286	58.46461
8.2293	58.48103
8.23	58.50501
8.2307	58.53801
8.2314	58.57936
8.2321	58.62714
8.2328	58.67705
8.2335	58.72327
8.2342	58.76216
8.2349	58.78594
8.2356	58.79322
8.2363	58.78007
8.237	58.74852
8.2377	58.69867
8.2384	58.63757
8.2391	58.56754
8.2398	58.49875
8.2405	58.4358
8.2412	58.38643
8.2419	58.35516
8.2426	58.34421
8.2433	58.35397
8.244	58.38199
8.2447	58.42419
8.2454	58.47334
8.2461	58.5256
8.2468	58.57181
8.2475	58.61048
8.2482	58.63726
8.2489	58.65336
8.2496	58.65845
8.2503	58.65666
8.251	58.64912
8.2517	58.64034
8.2524	58.63143
8.2531	58.62475
8.2538	58.62067
8.2545	58.61956
8.2552	58.62027
8.2559	58.62191
8.2566	58.62263
8.2573	58.62037
8.258	58.61384
8.2587	58.60055
8.2594	58.58028
8.2601	58.55243
8.2608	58.51914
8.2615	58.4816
8.2622	58.44499
8.2629	58.41089
8.2636	58.38534
8.2643	58.36966
8.265	58.36736
8.2657	58.37819
8.2664	58.40264
8.2671	58.43815
8.2678	58.48358
8.2685	58.53557
8.2692	58.59141
8.2699	58.64898
8.2706	58.70363
8.2713	58.75408
8.272	58.79587
8.2727	58.82769
8.2734	58.84665
8.2741	58.85258
8.2748	58.84502
8.2755	58.82658
8.2762	58.799
8.2769	58.76701
8.2776	58.73397
8.2783	58.70267
8.279	58.67713
8.2797	58.65821
8.2804	58.64775
8.2811	58.64547
8.2818	58.65149
8.2825	58.66515
8.2832	58.68628
8.2839	58.71382
8.2846	58.74675
8.2853	58.78276
8.286	58.81832
8.2867	58.85123
8.2874	58.87533
8.2881	58.88919
8.2888	58.88802
8.2895	58.87297
8.2902	58.84348
8.2909	58.80565
8.2916	58.76139
8.2923	58.71999
8.293	58.68342
8.2937	58.65857
8.2944	58.64559
8.2951	58.64639
8.2958	58.65755
8.2965	58.67809
8.2972	58.70212
8.2979	58.72799
8.2986	58.75195
8.2993	58.77273
8.3	58.7893
8.3007	58.80122
8.3014	58.80848
8.3021	58.81109
8.3028	58.80933
8.3035	58.80323
8.3042	58.79406
8.3049	58.78218
8.3056	58.77066
8.3063	58.76074
8.307	58.75573
8.3077	58.75661
8.3084	58.76475
8.3091	58.77867
8.3098	58.79771
8.3105	58.81759
8.3112	58.83636
8.3119	58.85042
8.3126	58.85858
8.3133	58.8598
8.314	58.85615
8.3147	58.8488
8.3154	58.84201
8.3161	58.83769
8.3168	58.83841
8.3175	58.84502
8.3182	58.85788
8.3189	58.8753
8.3196	58.89629
8.3203	58.91857
8.321	58.94034
8.3217	58.96023
8.3224	58.97666
8.3231	58.98931
8.3238	58.99757
8.3245	59.00187
8.3252	59.00244
8.3259	59.00089
8.3266	58.99775
8.3273	58.996
8.328	58.99616
8.3287	59.00038
8.3294	59.00786
8.3301	59.01886
8.3308	59.02961
8.3315	59.03902
8.3322	59.04209
8.3329	59.03822
8.3336	59.02443
8.3343	59.00291
8.335	58.97402
8.3357	58.94386
8.3364	58.91404
8.3371	58.89146
8.3378	58.8766
8.3385	58.87232
8.3392	58.87629
8.3399	58.888
8.3406	58.90247
8.3413	58.91857
8.342	58.93203
8.3427	58.94278
8.3434	58.94943
8.3441	58.95351
8.3448	58.95542
8.3455	58.9578
8.3462	58.96122
8.3469	58.96785
8.3476	58.97821
8.3483	58.99352
8.349	59.01449
8.3497	59.04168
8.3504	59.07503
8.3511	59.11419
8.3518	59.15712
8.3525	59.20164
8.3532	59.24495
8.3539	59.28309
8.3546	59.3142
8.3553	59.33507
8.356	59.34561
8.3567	59.34601
8.3574	59.33828
8.3581	59.32446
8.3588	59.30787
8.3595	59.28986
8.3602	59.27343
8.3609	59.25909
8.3616	59.24861
8.3623	59.24243
8.363	59.2414
8.3637	59.24616
8.3644	59.25716
8.3651	59.27336
8.3658	59.29377
8.3665	59.31468
8.3672	59.33247
8.3679	59.34266
8.3686	59.34083
8.3693	59.32485
8.37	59.29385
8.3707	59.24898
8.3714	59.19491
8.3721	59.13656
8.3728	59.07964
8.3735	59.03163
8.3742	58.9958
8.3749	58.97674
8.3756	58.97466
8.3763	58.99002
8.377	59.02052
8.3777	59.06441
8.3784	59.11638
8.3791	59.17475
8.3798	59.23088
8.3805	59.28285
8.3812	59.32226
8.3819	59.34681
8.3826	59.35072
8.3833	59.33508
8.384	59.29872
8.3847	59.25036
8.3854	59.19262
8.3861	59.14013
8.3868	59.0971
8.3875	59.07385
8.3882	59.07204
8.3889	59.09507
8.3896	59.13576
8.3903	59.19216
8.391	59.25079
8.3917	59.30758
8.3924	59.3513
8.3931	59.38061
8.3938	59.39198
8.3945	59.39022
8.3952	59.37638
8.3959	59.36025
8.3966	59.34443
8.3973	59.33732
8.398	59.34037
8.3987	59.35698
8.3994	59.38431
8.4001	59.42201
8.4008	59.46165
8.4015	59.50057
8.4022	59.52945
8.4029	59.54447
8.4036	59.53982
8.4043	59.51361
8.405	59.4643
8.4057	59.39646
8.4064	59.31244
8.4071	59.22294
8.4078	59.13357
8.4085	59.05353
8.4092	58.98916
8.4099	58.94462
8.4106	58.92138
8.4113	58.91914
8.412	58.93287
8.4127	58.95927
8.4134	58.99124
8.4141	59.02515
8.4148	59.05737
8.4155	59.08692
8.4162	59.11345
8.4169	59.14051
8.4176	59.16933
8.4183	59.20433
8.419	59.24613
8.4197	59.29695
8.4204	59.35389
8.4211	59.41666
8.4218	59.47788
8.4225	59.53575
8.4232	59.58156
8.4239	59.61383
8.4246	59.62787
8.4253	59.62452
8.426	59.6028
8.4267	59.56815
8.4274	59.52173
8.4281	59.47127
8.4288	59.41839
8.4295	59.36903
8.4302	59.32357
8.4309	59.28383
8.4316	59.24838
8.4323	59.21706
8.433	59.1875
8.4337	59.15961
8.4344	59.13255
8.4351	59.10753
8.4358	59.08553
8.4365	59.06892
8.4372	59.05874
8.4379	59.05761
8.4386	59.06594
8.4393	59.08438
8.44	59.11219
8.4407	59.14823
8.4414	59.1902
8.4421	59.23654
8.4428	59.2834
8.4435	59.32973
8.4442	59.37057
8.4449	59.40518
8.4456	59.42996
8.4463	59.44482
8.447	59.44824
8.4477	59.44186
8.4484	59.42588
8.4491	59.40384
8.4498	59.37645
8.4505	59.34785
8.4512	59.3185
8.4519	59.29082
8.4526	59.26486
8.4533	59.24128
8.454	59.22026
8.4547	59.20184
8.4554	59.18707
8.4561	59.17617
8.4568	59.17085
8.4575	59.17118
8.4582	59.17808
8.4589	59.19046
8.4596	59.20816
8.4603	59.22812
8.461	59.24959
8.4617	59.26933
8.4624	59.28701
8.4631	59.30091
8.4638	59.31153
8.4645	59.319
8.4652	59.32449
8.4659	59.32868
8.4666	59.33235
8.4673	59.33572
8.468	59.33811
8.4687	59.33915
8.4694	59.33735
8.4701	59.33216
8.4708	59.3224
8.4715	59.3079
8.4722	59.28813
8.4729	59.2645
8.4736	59.23726
8.4743	59.20939
8.475	59.18219
8.4757	59.16042
8.4764	59.14666
8.4771	59.14486
8.4778	59.15774
8.4785	59.1873
8.4792	59.23306
8.4799	59.29484
8.4806	59.36715
8.4813	59.44729
8.482	59.52613
8.4827	59.59913
8.4834	59.65948
8.4841	59.70273
8.4848	59.72583
8.4855	59.72845
8.4862	59.71058
8.4869	59.67706
8.4876	59.63028
8.4883	59.57817
8.489	59.52504
8.4897	59.47697
8.4904	59.43905
8.4911	59.41438
8.4918	59.40498
8.4925	59.4112
8.4932	59.42975
8.4939	59.4584
8.4946	59.48966
8.4953	59.51977
8.496	59.54247
8.4967	59.55533
8.4974	59.55569
8.4981	59.54651
8.4988	59.52817
8.4995	59.5082
8.5002	59.48812
8.5009	59.47568
8.5016	59.47077
8.5023	59.47631
8.503	59.4887
8.5037	59.50733
8.5044	59.52566
8.5051	59.54238
8.5058	59.55298
8.5065	59.55754
8.5072	59.55569
8.5079	59.54907
8.5086	59.53991
8.5093	59.53029
8.51	59.52201
8.5107	59.51591
8.5114	59.51244
8.5121	59.5107
8.5128	59.5105
8.5135	59.5105
8.5142	59.51058
8.5149	59.51014
8.5156	59.50908
8.5163	59.5073
8.517	59.50424
8.5177	59.4997
8.5184	59.49336
8.5191	59.48524
8.5198	59.47634
8.5205	59.46744
8.5212	59.46098
8.5219	59.45844
8.5226	59.46235
8.5233	59.47315
8.524	59.49194
8.5247	59.51612
8.5254	59.5454
8.5261	59.57377
8.5268	59.60024
8.5275	59.61887
8.5282	59.62901
8.5289	59.62738
8.5296	59.61462
8.5303	59.59001
8.531	59.55605
8.5317	59.51307
8.5324	59.4657
8.5331	59.41471
8.5338	59.36549
8.5345	59.31929
8.5352	59.28129
8.5359	59.25307
8.5366	59.2382
8.5373	59.23661
8.538	59.24951
8.5387	59.27308
8.5394	59.30689
8.5401	59.34396
8.5408	59.38319
8.5415	59.41757
8.5422	59.44644
8.5429	59.46574
8.5436	59.47646
8.5443	59.4779
8.545	59.47302
8.5457	59.46248
8.5464	59.45013
8.5471	59.43656
8.5478	59.42516
8.5485	59.41632
8.5492	59.41254
8.5499	59.41399
8.5506	59.42196
8.5513	59.43573
8.552	59.45563
8.5527	59.47877
8.5534	59.50475
8.5541	59.5283
8.5548	59.54866
8.5555	59.56007
8.5562	59.56231
8.5569	59.55253
8.5576	59.53227
8.5583	59.50196
8.559	59.46581
8.5597	59.42578
8.5604	59.38787
8.5611	59.35369
8.5618	59.32854
8.5625	59.31298
8.5632	59.3087
8.5639	59.31485
8.5646	59.32957
8.5653	59.35051
8.566	59.37439
8.5667	59.39781
8.5674	59.4181
8.5681	59.43293
8.5688	59.44113
8.5695	59.44425
8.5702	59.44265
8.5709	59.44195
8.5716	59.44332
8.5723	59.45285
8.573	59.47065
8.5737	59.4998
8.5744	59.53684
8.5751	59.58126
8.5758	59.62589
8.5765	59.66906
8.5772	59.70273
8.5779	59.72588
8.5786	59.73592
8.5793	59.73393
8.58	59.72334
8.5807	59.70725
8.5814	59.69193
8.5821	59.68044
8.5828	59.67687
8.5835	59.68208
8.5842	59.69747
8.5849	59.71984
8.5856	59.74889
8.5863	59.77854
8.587	59.80774
8.5877	59.82938
8.5884	59.84221
8.5891	59.841
8.5898	59.8246
8.5905	59.7897
8.5912	59.738
8.5919	59.66855
8.5926	59.58849
8.5933	59.49859
8.594	59.41131
8.5947	59.32814
8.5954	59.26074
8.5961	59.20982
8.5968	59.1826
8.5975	59.1772
8.5982	59.19406
8.5989	59.22873
8.5996	59.27884
8.6003	59.33871
8.601	59.40623
8.6017	59.47761
8.6024	59.55218
8.6031	59.62712
8.6038	59.70188
8.6045	59.77284
8.6052	59.83844
8.6059	59.89374
8.6066	59.93658
8.6073	59.96264
8.608	59.97182
8.6087	59.96225
8.6094	59.93857
8.6101	59.9012
8.6108	59.85789
8.6115	59.80959
8.6122	59.76326
8.6129	59.71931
8.6136	59.6817
8.6143	59.65023
8.615	59.6258
8.6157	59.60888
8.6164	59.6
8.6171	59.60037
8.6178	59.61084
8.6185	59.63143
8.6192	59.66258
8.6199	59.70106
8.6206	59.74646
8.6213	59.79309
8.622	59.84011
8.6227	59.88153
8.6234	59.91735
8.6241	59.94506
8.6248	59.96573
8.6255	59.97963
8.6262	59.98794
8.6269	59.99151
8.6276	59.9901
8.6283	59.98386
8.629	59.97122
8.6297	59.952
8.6304	59.92623
8.6311	59.89458
8.6318	59.86055
8.6325	59.82586
8.6332	59.79601
8.6339	59.77225
8.6346	59.7583
8.6353	59.75305
8.636	59.75734
8.6367	59.76719
8.6374	59.78175
8.6381	59.79702
8.6388	59.81233
8.6395	59.82624
8.6402	59.83881
8.6409	59.85114
8.6416	59.86301
8.6423	59.87461
8.643	59.88414
8.6437	59.88929
8.6444	59.88707
8.6451	59.87431
8.6458	59.84982
8.6465	59.81164
8.6472	59.76395
8.6479	59.70665
8.6486	59.64995
8.6493	59.59491
8.65	59.55202
8.6507	59.52174
8.6514	59.51004
8.6521	59.51562
8.6528	59.53832
8.6535	59.57505
8.6542	59.62254
8.6549	59.67619
8.6556	59.73252
8.6563	59.78736
8.657	59.83882
8.6577	59.88405
8.6584	59.92231
8.6591	59.95261
8.6598	59.97493
8.6605	59.99059
8.6612	60.00031
8.6619	60.00788
8.6626	60.01469
8.6633	60.02536
8.664	60.04111
8.6647	60.06538
8.6654	60.09739
8.6661	60.13832
8.6668	60.18394
8.6675	60.23378
8.6682	60.28061
8.6689	60.32326
8.6696	60.35558
8.6703	60.37703
8.671	60.38507
8.6717	60.38024
8.6724	60.36451
8.6731	60.33933
8.6738	60.30899
8.6745	60.27565
8.6752	60.2438
8.6759	60.21515
8.6766	60.19234
8.6773	60.17581
8.678	60.1666
8.6787	60.16294
8.6794	60.16485
8.6801	60.16876
8.6808	60.17432
8.6815	60.17703
8.6822	60.17661
8.6829	60.16989
8.6836	60.15707
8.6843	60.13711
8.685	60.1111
8.6857	60.0804
8.6864	60.04689
8.6871	60.0127
8.6878	59.98036
8.6885	59.95195
8.6892	59.92895
8.6899	59.91256
8.6906	59.90176
8.6913	59.89682
8.692	59.89378
8.6927	59.8923
8.6934	59.8874
8.6941	59.87874
8.6948	59.86218
8.6955	59.83826
8.6962	59.80644
8.6969	59.76883
8.6976	59.72848
8.6983	59.68897
8.699	59.65497
8.6997	59.62949
8.7004	59.61575
8.7011	59.61449
8.7018	59.62713
8.7025	59.65072
8.7032	59.68519
8.7039	59.72557
8.7046	59.77139
8.7053	59.81815
8.706	59.86564
8.7067	59.91173
8.7074	59.95642
8.7081	59.99882
8.7088	60.03876
8.7095	60.07556
8.7102	60.10877
8.7109	60.1375
8.7116	60.16157
8.7123	60.18035
8.713	60.19474
8.7137	60.20473
8.7144	60.21243
8.7151	60.21835
8.7158	60.22432
8.7165	60.23076
8.7172	60.23802
8.7179	60.24616
8.7186	60.25418
8.7193	60.262
8.72	60.26864
8.7207	60.27419
8.7214	60.27855
8.7221	60.28178
8.7228	60.28416
8.7235	60.28511
8.7242	60.28417
8.7249	60.28017
8.7256	60.27191
8.7263	60.25915
8.727	60.24087
8.7277	60.21972
8.7284	60.19564
8.7291	60.17406
8.7298	60.15568
8.7305	60.14584
8.7312	60.1451
8.7319	60.15456
8.7326	60.17389
8.7333	60.19877
8.734	60.2281
8.7347	60.25431
8.7354	60.2768
8.7361	60.29002
8.7368	60.29481
8.7375	60.28984
8.7382	60.27741
8.7389	60.25928
8.7396	60.23788
8.7403	60.21519
8.741	60.19293
8.7417	60.1722
8.7424	60.15396
8.7431	60.13843
8.7438	60.12719
8.7445	60.12042
8.7452	60.12021
8.7459	60.12676
8.7466	60.14037
8.7473	60.16074
8.748	60.18394
8.7487	60.20898
8.7494	60.22881
8.7501	60.24257
8.7508	60.24376
8.7515	60.23321
8.7522	60.20882
8.7529	60.17393
8.7536	60.13099
8.7543	60.08529
8.755	60.04154
8.7557	60.0038
8.7564	59.97557
8.7571	59.95751
8.7578	59.95105
8.7585	59.95323
8.7592	59.96395
8.7599	59.97895
8.7606	59.99779
8.7613	60.01674
8.762	60.03552
8.7627	60.05197
8.7634	60.06599
8.7641	60.07613
8.7648	60.08239
8.7655	60.08379
8.7662	60.08064
8.7669	60.07315
8.7676	60.06216
8.7683	60.04943
8.769	60.03577
8.7697	60.02313
8.7704	60.01159
8.7711	60.00209
8.7718	59.99377
8.7725	59.98636
8.7732	59.97911
8.7739	59.97132
8.7746	59.96401
8.7753	59.95702
8.776	59.95288
8.7767	59.95209
8.7774	59.95595
8.7781	59.96494
8.7788	59.97593
8.7795	59.98876
8.7802	59.99656
8.7809	59.99891
8.7816	59.98835
8.7823	59.96523
8.783	59.92734
8.7837	59.87649
8.7844	59.81735
8.7851	59.75284
8.7858	59.69223
8.7865	59.63729
8.7872	59.59551
8.7879	59.56624
8.7886	59.55262
8.7893	59.55047
8.79	59.5583
8.7907	59.56988
8.7914	59.58177
8.7921	59.58828
8.7928	59.58621
8.7935	59.57332
8.7942	59.54803
8.7949	59.51157
8.7956	59.46352
8.7963	59.40793
8.797	59.34499
8.7977	59.27988
8.7984	59.21291
8.7991	59.14896
8.7998	59.08822
8.8005	59.03308
8.8012	58.98339
8.8019	58.93869
8.8026	58.89865
8.8033	58.86103
8.804	58.82579
8.8047	58.79122
8.8054	58.75814
8.8061	58.72741
8.8068	58.70034
8.8075	58.67981
8.8082	58.66624
8.8089	58.66216
8.8096	58.66542
8.8103	58.6759
8.811	58.68864
8.8117	58.70092
8.8124	58.70681
8.8131	58.70231
8.8138	58.68501
8.8145	58.65229
8.8152	58.60685
8.8159	58.54807
8.8166	58.48256
8.8173	58.41116
8.818	58.34024
8.8187	58.27096
8.8194	58.20557
8.8201	58.14464
8.8208	58.0857
8.8215	58.02872
8.8222	57.96939
8.8229	57.90759
8.8236	57.84111
8.8243	57.7702
8.825	57.69635
8.8257	57.62015
8.8264	57.54585
8.8271	57.47385
8.8278	57.40819
8.8285	57.34898
8.8292	57.29901
8.8299	57.25771
8.8306	57.22554
8.8313	57.20131
8.832	57.18363
8.8327	57.17058
8.8334	57.15935
8.8341	57.14767
8.8348	57.13247
8.8355	57.11144
8.8362	57.08153
8.8369	57.04213
8.8376	56.99144
8.8383	56.93134
8.839	56.86144
8.8397	56.7864
8.8404	56.70733
8.8411	56.62952
8.8418	56.55454
8.8425	56.4865
8.8432	56.42684
8.8439	56.37628
8.8446	56.33554
8.8453	56.30228
8.846	56.27654
8.8467	56.25449
8.8474	56.2358
8.8481	56.21818
8.8488	56.20142
8.8495	56.18569
8.8502	56.17096
8.8509	56.15995
8.8516	56.15277
8.8523	56.15296
8.853	56.16045
8.8537	56.17667
8.8544	56.20108
8.8551	56.23127
8.8558	56.26604
8.8565	56.29796
8.8572	56.32574
8.8579	56.33985
8.8586	56.33967
8.8593	56.31727
8.86	56.27354
8.8607	56.20548
8.8614	56.11605
8.8621	56.00865
8.8628	55.8883
8.8635	55.76457
8.8642	55.6423
8.8649	55.53239
8.8656	55.4381
8.8663	55.36838
8.867	55.32293
8.8677	55.30606
8.8684	55.31324
8.8691	55.3436
8.8698	55.38944
8.8705	55.44605
8.8712	55.50567
8.8719	55.56283
8.8726	55.61188
8.8733	55.64844
8.874	55.67032
8.8747	55.67508
8.8754	55.66378
8.8761	55.63576
8.8768	55.59416
8.8775	55.53931
8.8782	55.47534
8.8789	55.40285
8.8796	55.3268
8.8803	55.24764
8.881	55.17201
8.8817	55.10072
8.8824	55.04003
8.8831	54.99081
8.8838	54.95767
8.8845	54.94161
8.8852	54.94261
8.8859	54.96132
8.8866	54.99238
8.8873	55.03588
8.888	55.08358
8.8887	55.13513
8.8894	55.18412
8.8901	55.23024
8.8908	55.27056
8.8915	55.30496
8.8922	55.33396
8.8929	55.3576
8.8936	55.3761
8.8943	55.3894
8.895	55.39535
8.8957	55.39386
8.8964	55.38183
8.8971	55.35942
8.8978	55.32625
8.8985	55.28296
8.8992	55.23508
8.8999	55.18341
8.9006	55.13809
8.9013	55.09947
8.902	55.07743
8.9027	55.07117
8.9034	55.08388
8.9041	55.11382
8.9048	55.1554
8.9055	55.2068
8.9062	55.25696
8.9069	55.30483
8.9076	55.33907
8.9083	55.35988
8.909	55.3601
8.9097	55.34125
8.9104	55.30294
8.9111	55.24736
8.9118	55.17995
8.9125	55.10297
8.9132	55.02502
8.9139	54.94811
8.9146	54.88186
8.9153	54.82737
8.916	54.79301
8.9167	54.77799
8.9174	54.78605
8.9181	54.81459
8.9188	54.86134
8.9195	54.92273
8.9202	54.99134
8.9209	55.06426
8.9216	55.13241
8.9223	55.19492
8.923	55.24509
8.9237	55.2845
8.9244	55.31187
8.9251	55.32955
8.9258	55.34046
8.9265	55.34613
8.9272	55.35032
8.9279	55.35331
8.9286	55.35734
8.9293	55.3621
8.93	55.36805
8.9307	55.37534
8.9314	55.38408
8.9321	55.3951
8.9328	55.40952
8.9335	55.4278
8.9342	55.45142
8.9349	55.47945
8.9356	55.51213
8.9363	55.54688
8.937	55.58119
8.9377	55.61227
8.9384	55.63596
8.9391	55.65021
8.9398	55.65047
8.9405	55.63701
8.9412	55.60748
8.9419	55.56426
8.9426	55.50815
8.9433	55.44313
8.944	55.37339
8.9447	55.30289
8.9454	55.23722
8.9461	55.18004
8.9468	55.13805
8.9475	55.11228
8.9482	55.10759
8.9489	55.1217
8.9496	55.15553
8.9503	55.20354
8.951	55.26074
8.9517	55.32147
8.9524	55.3773
8.9531	55.42462
8.9538	55.45436
8.9545	55.46807
8.9552	55.46211
8.9559	55.44184
8.9566	55.41112
8.9573	55.37604
8.958	55.34624
8.9587	55.32434
8.9594	55.31892
8.9601	55.32893
8.9608	55.35804
8.9615	55.40246
8.9622	55.45922
8.9629	55.52466
8.9636	55.59211
8.9643	55.65962
8.965	55.72064
8.9657	55.77522
8.9664	55.82
8.9671	55.85554
8.9678	55.88096
8.9685	55.89676
8.9692	55.90331
8.9699	55.90098
8.9706	55.8903
8.9713	55.87212
8.972	55.84814
8.9727	55.81927
8.9734	55.78827
8.9741	55.75584
8.9748	55.72544
8.9755	55.69674
8.9762	55.67155
8.9769	55.64864
8.9776	55.62643
8.9783	55.60354
8.979	55.57523
8.9797	55.54089
8.9804	55.49523
8.9811	55.43876
8.9818	55.3688
8.9825	55.28695
8.9832	55.19626
8.9839	55.09863
8.9846	55.0034
8.9853	54.91198
8.986	54.83835
8.9867	54.78231
8.9874	54.75489
8.9881	54.75472
8.9888	54.78409
8.9895	54.84112
8.9902	54.91501
8.9909	55.00453
8.9916	55.08868
8.9923	55.16744
8.993	55.21865
8.9937	55.24333
8.9944	55.23231
8.9951	55.18644
8.9958	55.11456
8.9965	55.01675
8.9972	54.91511
8.9979	54.80928
8.9986	54.72216
8.9993	54.65379
9	54.61482
9.0007	54.60608
9.0014	54.62121
9.0021	54.66115
9.0028	54.70904
9.0035	54.76474
9.0042	54.81359
9.0049	54.85416
9.0056	54.88206
9.0063	54.89548
9.007	54.90095
9.0077	54.89787
9.0084	54.89673
9.0091	54.89856
9.0098	54.91131
9.0105	54.93744
9.0112	54.97675
9.0119	55.0311
9.0126	55.09365
9.0133	55.16447
9.014	55.23373
9.0147	55.29892
9.0154	55.35299
9.0161	55.39237
9.0168	55.41492
9.0175	55.41744
9.0182	55.40362
9.0189	55.37291
9.0196	55.3323
9.0203	55.2849
9.021	55.23732
9.0217	55.19577
9.0224	55.16247
9.0231	55.14265
9.0238	55.13465
9.0245	55.14001
9.0252	55.155
9.0259	55.17605
9.0266	55.2005
9.0273	55.2222
9.028	55.24076
9.0287	55.25147
9.0294	55.25552
9.0301	55.25239
9.0308	55.24304
9.0315	55.22975
9.0322	55.21252
9.0329	55.19319
9.0336	55.17132
9.0343	55.14649
9.035	55.11859
9.0357	55.08636
9.0364	55.05011
9.0371	55.01081
9.0378	54.96874
9.0385	54.92876
9.0392	54.89079
9.0399	54.86095
9.0406	54.8391
9.0413	54.82863
9.042	54.82972
9.0427	54.84042
9.0434	54.86118
9.0441	54.88584
9.0448	54.91467
9.0455	54.93977
9.0462	54.96057
9.0469	54.97187
9.0476	54.97261
9.0483	54.96107
9.049	54.93612
9.0497	54.89954
9.0504	54.85083
9.0511	54.79375
9.0518	54.72864
9.0525	54.66042
9.0532	54.5908
9.0539	54.52413
9.0546	54.46318
9.0553	54.41087
9.056	54.37048
9.0567	54.34303
9.0574	54.33136
9.0581	54.33459
9.0588	54.35361
9.0595	54.38643
9.0602	54.43095
9.0609	54.48515
9.0616	54.544
9.0623	54.60596
9.063	54.66358
9.0637	54.71617
9.0644	54.75494
9.0651	54.78045
9.0658	54.78705
9.0665	54.77558
9.0672	54.74617
9.0679	54.69922
9.0686	54.64206
9.0693	54.5744
9.07	54.50825
9.0707	54.44323
9.0714	54.38985
9.0721	54.34864
9.0728	54.32255
9.0735	54.31276
9.0742	54.31492
9.0749	54.3295
9.0756	54.3497
9.0763	54.37416
9.077	54.39975
9.0777	54.42429
9.0784	54.44984
9.0791	54.47583
9.0798	54.506
9.0805	54.54252
9.0812	54.58627
9.0819	54.64013
9.0826	54.7005
9.0833	54.76622
9.084	54.83239
9.0847	54.89176
9.0854	54.94193
9.0861	54.97295
9.0868	54.98619
9.0875	54.97706
9.0882	54.94826
9.0889	54.90547
9.0896	54.85016
9.0903	54.79671
9.091	54.74475
9.0917	54.70975
9.0924	54.69087
9.0931	54.69516
9.0938	54.72291
9.0945	54.76833
9.0952	54.83271
9.0959	54.9002
9.0966	54.97104
9.0973	55.02913
9.098	55.07222
9.0987	55.09183
9.0994	55.08383
9.1001	55.05062
9.1008	54.9895
9.1015	54.91016
9.1022	54.81458
9.1029	54.71375
9.1036	54.61639
9.1043	54.52767
9.105	54.45797
9.1057	54.40688
9.1064	54.38057
9.1071	54.37617
9.1078	54.39204
9.1085	54.42619
9.1092	54.47127
9.1099	54.52688
9.1106	54.58392
9.1113	54.64298
9.112	54.69823
9.1127	54.75005
9.1134	54.79597
9.1141	54.83601
9.1148	54.86971
9.1155	54.89701
9.1162	54.91791
9.1169	54.93232
9.1176	54.94067
9.1183	54.94283
9.119	54.93981
9.1197	54.93178
9.1204	54.91955
9.1211	54.90352
9.1218	54.88407
9.1225	54.86166
9.1232	54.83631
9.1239	54.80799
9.1246	54.77732
9.1253	54.74473
9.126	54.71141
9.1267	54.67997
9.1274	54.65122
9.1281	54.63012
9.1288	54.61657
9.1295	54.61566
9.1302	54.62685
9.1309	54.65096
9.1316	54.68809
9.1323	54.73284
9.133	54.78577
9.1337	54.83857
9.1344	54.89113
9.1351	54.93705
9.1358	54.97494
9.1365	55.00334
9.1372	55.02064
9.1379	55.02935
9.1386	55.02948
9.1393	55.02407
9.14	55.01527
9.1407	55.00427
9.1414	54.99356
9.1421	54.98312
9.1428	54.97437
9.1435	54.96724
9.1442	54.96256
9.1449	54.96035
9.1456	54.96148
9.1463	54.96584
9.147	54.97373
9.1477	54.98511
9.1484	54.99788
9.1491	55.01237
9.1498	55.02396
9.1505	55.03283
9.1512	55.03424
9.1519	55.02728
9.1526	55.01089
9.1533	54.98355
9.154	54.94841
9.1547	54.90538
9.1554	54.85895
9.1561	54.81205
9.1568	54.7673
9.1575	54.7296
9.1582	54.69889
9.1589	54.6787
9.1596	54.6679
9.1603	54.66614
9.161	54.67284
9.1617	54.68446
9.1624	54.70117
9.1631	54.71934
9.1638	54.73914
9.1645	54.75901
9.1652	54.77881
9.1659	54.7989
9.1666	54.81916
9.1673	54.84035
9.168	54.86281
9.1687	54.88608
9.1694	54.91061
9.1701	54.9346
9.1708	54.95741
9.1715	54.97724
9.1722	54.9918
9.1729	55.00042
9.1736	55.00006
9.1743	54.99127
9.175	54.97287
9.1757	54.94559
9.1764	54.91258
9.1771	54.87377
9.1778	54.83551
9.1785	54.79736
9.1792	54.76538
9.1799	54.73981
9.1806	54.72304
9.1813	54.71616
9.182	54.71722
9.1827	54.72654
9.1834	54.74124
9.1841	54.75966
9.1848	54.7814
9.1855	54.80466
9.1862	54.83105
9.1869	54.86156
9.1876	54.89742
9.1883	54.94284
9.189	54.99739
9.1897	55.06389
9.1904	55.14173
9.1911	55.22735
9.1918	55.32126
9.1925	55.41392
9.1932	55.50602
9.1939	55.58713
9.1946	55.65613
9.1953	55.70783
9.196	55.73926
9.1967	55.7523
9.1974	55.74551
9.1981	55.72357
9.1988	55.68965
9.1995	55.64658
9.2002	55.6009
9.2009	55.55292
9.2016	55.50894
9.2023	55.46833
9.203	55.43482
9.2037	55.40802
9.2044	55.38863
9.2051	55.37673
9.2058	55.37117
9.2065	55.37221
9.2072	55.37759
9.2079	55.38742
9.2086	55.39889
9.2093	55.41138
9.21	55.42242
9.2107	55.42994
9.2114	55.43332
9.2121	55.43032
9.2128	55.42165
9.2135	55.40688
9.2142	55.38675
9.2149	55.36392
9.2156	55.33836
9.2163	55.31481
9.217	55.2929
9.2177	55.27685
9.2184	55.26681
9.2191	55.2643
9.2198	55.26994
9.2205	55.28299
9.2212	55.30377
9.2219	55.33073
9.2226	55.36323
9.2233	55.40016
9.224	55.44004
9.2247	55.48226
9.2254	55.52455
9.2261	55.56679
9.2268	55.60633
9.2275	55.64325
9.2282	55.67353
9.2289	55.69752
9.2296	55.71118
9.2303	55.71445
9.231	55.70522
9.2317	55.68245
9.2324	55.64779
9.2331	55.60027
9.2338	55.54436
9.2345	55.48169
9.2352	55.41684
9.2359	55.35694
9.2366	55.30321
9.2373	55.265
9.238	55.24128
9.2387	55.23798
9.2394	55.25441
9.2401	55.28779
9.2408	55.33909
9.2415	55.39828
9.2422	55.46618
9.2429	55.53097
9.2436	55.58999
9.2443	55.63776
9.245	55.66913
9.2457	55.68539
9.2464	55.68397
9.2471	55.6682
9.2478	55.64252
9.2485	55.60792
9.2492	55.57308
9.2499	55.53732
9.2506	55.50925
9.2513	55.48843
9.252	55.4782
9.2527	55.47924
9.2534	55.49018
9.2541	55.51157
9.2548	55.54053
9.2555	55.57617
9.2562	55.61665
9.2569	55.65987
9.2576	55.70521
9.2583	55.74997
9.259	55.79438
9.2597	55.83653
9.2604	55.87667
9.2611	55.9142
9.2618	55.94904
9.2625	55.9828
9.2632	56.0152
9.2639	56.04865
9.2646	56.08354
9.2653	56.121
9.266	56.1624
9.2667	56.20631
9.2674	56.25286
9.2681	56.29984
9.2688	56.3434
9.2695	56.38288
9.2702	56.41112
9.2709	56.42887
9.2716	56.43141
9.2723	56.41866
9.273	56.39252
9.2737	56.3517
9.2744	56.30382
9.2751	56.24918
9.2758	56.19504
9.2765	56.14577
9.2772	56.10366
9.2779	56.07482
9.2786	56.05761
9.2793	56.05366
9.28	56.0618
9.2807	56.07706
9.2814	56.09995
9.2821	56.12323
9.2828	56.14714
9.2835	56.16769
9.2842	56.18372
9.2849	56.19595
9.2856	56.20348
9.2863	56.20876
9.287	56.21329
9.2877	56.21799
9.2884	56.22591
9.2891	56.23633
9.2898	56.24998
9.2905	56.26653
9.2912	56.28307
9.2919	56.29999
9.2926	56.31304
9.2933	56.32196
9.294	56.32508
9.2947	56.32113
9.2954	56.3118
9.2961	56.29692
9.2968	56.27878
9.2975	56.26024
9.2982	56.24179
9.2989	56.22775
9.2996	56.21751
9.3003	56.21324
9.301	56.21489
9.3017	56.22064
9.3024	56.23095
9.3031	56.24226
9.3038	56.25393
9.3045	56.26445
9.3052	56.2721
9.3059	56.27793
9.3066	56.28168
9.3073	56.28462
9.308	56.28988
9.3087	56.29732
9.3094	56.31096
9.3101	56.33045
9.3108	56.35687
9.3115	56.39092
9.3122	56.42912
9.3129	56.472
9.3136	56.51463
9.3143	56.55487
9.315	56.59022
9.3157	56.61582
9.3164	56.6324
9.3171	56.63714
9.3178	56.63085
9.3185	56.61568
9.3192	56.5912
9.3199	56.563
9.3206	56.53075
9.3213	56.49915
9.322	56.46957
9.3227	56.44274
9.3234	56.42053
9.3241	56.40115
9.3248	56.3837
9.3255	56.36722
9.3262	56.34762
9.3269	56.32537
9.3276	56.29743
9.3283	56.26376
9.329	56.22623
9.3297	56.18374
9.3304	56.14252
9.3311	56.10332
9.3318	56.07091
9.3325	56.04963
9.3332	56.04005
9.3339	56.04722
9.3346	56.06949
9.3353	56.10595
9.336	56.15656
9.3367	56.21322
9.3374	56.2771
9.3381	56.33812
9.3388	56.39504
9.3395	56.44397
9.3402	56.48124
9.3409	56.50918
9.3416	56.52705
9.3423	56.53769
9.343	56.54747
9.3437	56.5562
9.3444	56.5734
9.3451	56.59821
9.3458	56.63513
9.3465	56.68548
9.3472	56.74537
9.3479	56.81612
9.3486	56.89053
9.3493	56.96446
9.35	57.03493
9.3507	57.09341
9.3514	57.14086
9.3521	57.17093
9.3528	57.18446
9.3535	57.18157
9.3542	57.16161
9.3549	57.12909
9.3556	57.08386
9.3563	57.03021
9.357	56.97039
9.3577	56.90561
9.3584	56.83882
9.3591	56.76998
9.3598	56.70167
9.3605	56.63368
9.3612	56.56967
9.3619	56.50908
9.3626	56.45657
9.3633	56.41199
9.364	56.37946
9.3647	56.36103
9.3654	56.35701
9.3661	56.36986
9.3668	56.39763
9.3675	56.43832
9.3682	56.49138
9.3689	56.54847
9.3696	56.61072
9.3703	56.6688
9.371	56.7226
9.3717	56.76676
9.3724	56.79831
9.3731	56.81828
9.3738	56.82505
9.3745	56.82086
9.3752	56.80904
9.3759	56.78976
9.3766	56.76969
9.3773	56.74813
9.378	56.72922
9.3787	56.71353
9.3794	56.70085
9.3801	56.69203
9.3808	56.68512
9.3815	56.67887
9.3822	56.67286
9.3829	56.66481
9.3836	56.65524
9.3843	56.64392
9.385	56.63072
9.3857	56.61819
9.3864	56.60604
9.3871	56.59697
9.3878	56.59201
9.3885	56.59141
9.3892	56.5964
9.3899	56.60611
9.3906	56.61978
9.3913	56.63723
9.392	56.65562
9.3927	56.67526
9.3934	56.69428
9.3941	56.71236
9.3948	56.72971
9.3955	56.74594
9.3962	56.76198
9.3969	56.77869
9.3976	56.79601
9.3983	56.8149
9.399	56.835
9.3997	56.85463
9.4004	56.8742
9.4011	56.89017
9.4018	56.90252
9.4025	56.90889
9.4032	56.90742
9.4039	56.89922
9.4046	56.88364
9.4053	56.86233
9.406	56.83974
9.4067	56.81544
9.4074	56.79757
9.4081	56.78563
9.4088	56.78388
9.4095	56.79436
9.4102	56.81439
9.4109	56.84505
9.4116	56.88169
9.4123	56.91811
9.413	56.95367
9.4137	56.9765
9.4144	56.98814
9.4151	56.9808
9.4158	56.95317
9.4165	56.90849
9.4172	56.84432
9.4179	56.76951
9.4186	56.68957
9.4193	56.6079
9.42	56.53799
9.4207	56.47799
9.4214	56.43879
9.4221	56.42003
9.4228	56.42065
9.4235	56.44312
9.4242	56.47806
9.4249	56.52386
9.4256	56.57348
9.4263	56.61586
9.427	56.65184
9.4277	56.67053
9.4284	56.67345
9.4291	56.65979
9.4298	56.62778
9.4305	56.58672
9.4312	56.53652
9.4319	56.48545
9.4326	56.44033
9.4333	56.40253
9.434	56.38229
9.4347	56.37758
9.4354	56.39115
9.4361	56.4236
9.4368	56.46774
9.4375	56.52504
9.4382	56.58568
9.4389	56.6455
9.4396	56.70129
9.4403	56.74478
9.441	56.77739
9.4417	56.79381
9.4424	56.79459
9.4431	56.78324
9.4438	56.75833
9.4445	56.72799
9.4452	56.69326
9.4459	56.65949
9.4466	56.63322
9.4473	56.614
9.448	56.60784
9.4487	56.61365
9.4494	56.63188
9.4501	56.66327
9.4508	56.70286
9.4515	56.75108
9.4522	56.80284
9.4529	56.85484
9.4536	56.9057
9.4543	56.94939
9.455	56.98692
9.4557	57.01449
9.4564	57.03233
9.4571	57.04029
9.4578	57.03771
9.4585	57.02661
9.4592	57.00737
9.4599	56.98144
9.4606	56.95126
9.4613	56.91685
9.462	56.88202
9.4627	56.84622
9.4634	56.81268
9.4641	56.78124
9.4648	56.75427
9.4655	56.73274
9.4662	56.71734
9.4669	56.70975
9.4676	56.70964
9.4683	56.71807
9.469	56.73491
9.4697	56.75888
9.4704	56.79061
9.4711	56.82668
9.4718	56.867
9.4725	56.90845
9.4732	56.94753
9.4739	56.98407
9.4746	57.01314
9.4753	57.03551
9.476	57.0492
9.4767	57.05348
9.4774	57.05158
9.4781	57.04297
9.4788	57.03164
9.4795	57.02109
9.4802	57.01208
9.4809	57.01133
9.4816	57.01774
9.4823	57.0337
9.483	57.06016
9.4837	57.09243
9.4844	57.13137
9.4851	57.17096
9.4858	57.20585
9.4865	57.2356
9.4872	57.25237
9.4879	57.2575
9.4886	57.24917
9.4893	57.22604
9.49	57.19501
9.4907	57.15553
9.4914	57.11459
9.4921	57.07878
9.4928	57.04844
9.4935	57.03284
9.4942	57.03039
9.4949	57.04235
9.4956	57.07015
9.4963	57.10654
9.497	57.15141
9.4977	57.19898
9.4984	57.24276
9.4991	57.28312
9.4998	57.31306
9.5005	57.33369
9.5012	57.34492
9.5019	57.34578
9.5026	57.34089
9.5033	57.33098
9.504	57.31834
9.5047	57.30677
9.5054	57.29514
9.5061	57.28442
9.5068	57.27457
9.5075	57.26195
9.5082	57.24692
9.5089	57.22658
9.5096	57.19898
9.5103	57.16546
9.511	57.12542
9.5117	57.0803
9.5124	57.03598
9.5131	56.99132
9.5138	56.95468
9.5145	56.92627
9.5152	56.90967
9.5159	56.90836
9.5166	56.92019
9.5173	56.9453
9.518	56.98264
9.5187	57.02504
9.5194	57.07408
9.5201	57.11943
9.5208	57.16042
9.5215	57.19241
9.5222	57.21073
9.5229	57.21656
9.5236	57.20731
9.5243	57.18381
9.525	57.14955
9.5257	57.10356
9.5264	57.0517
9.5271	56.99431
9.5278	56.9352
9.5285	56.87835
9.5292	56.82374
9.5299	56.77607
9.5306	56.73454
9.5313	56.70249
9.532	56.67984
9.5327	56.66793
9.5334	56.66777
9.5341	56.67866
9.5348	56.70094
9.5355	56.73384
9.5362	56.77409
9.5369	56.82252
9.5376	56.87273
9.5383	56.92522
9.539	56.97479
9.5397	57.01818
9.5404	57.05493
9.5411	57.08042
9.5418	57.09576
9.5425	57.101
9.5432	57.09535
9.5439	57.08378
9.5446	57.06627
9.5453	57.04655
9.546	57.02862
9.5467	57.01213
9.5474	57.00137
9.5481	56.99569
9.5488	56.99512
9.5495	57.00036
9.5502	57.00864
9.5509	57.01941
9.5516	57.03123
9.5523	57.0411
9.553	57.04963
9.5537	57.05501
9.5544	57.05727
9.5551	57.05708
9.5558	57.05423
9.5565	57.04967
9.5572	57.04417
9.5579	57.03766
9.5586	57.03094
9.5593	57.02385
9.56	57.0168
9.5607	57.00951
9.5614	57.00328
9.5621	56.99797
9.5628	56.99516
9.5635	56.99699
9.5642	57.00339
9.5649	57.01814
9.5656	57.04093
9.5663	57.07247
9.567	57.1142
9.5677	57.16251
9.5684	57.21629
9.5691	57.27344
9.5698	57.32662
9.5705	57.37714
9.5712	57.41635
9.5719	57.44406
9.5726	57.45836
9.5733	57.45622
9.574	57.44121
9.5747	57.41545
9.5754	57.37973
9.5761	57.34511
9.5768	57.30967
9.5775	57.28356
9.5782	57.26907
9.5789	57.26764
9.5796	57.284
9.5803	57.31531
9.581	57.35831
9.5817	57.41397
9.5824	57.47125
9.5831	57.53139
9.5838	57.58525
9.5845	57.62709
9.5852	57.657
9.5859	57.66852
9.5866	57.66324
9.5873	57.64293
9.588	57.60608
9.5887	57.56054
9.5894	57.50739
9.5901	57.45049
9.5908	57.39619
9.5915	57.34347
9.5922	57.2982
9.5929	57.25991
9.5936	57.22874
9.5943	57.2055
9.595	57.18831
9.5957	57.17601
9.5964	57.16851
9.5971	57.16381
9.5978	57.16222
9.5985	57.1638
9.5992	57.16827
9.5999	57.17661
9.6006	57.1895
9.6013	57.20658
9.602	57.22818
9.6027	57.25409
9.6034	57.28137
9.6041	57.31089
9.6048	57.33806
9.6055	57.36173
9.6062	57.38031
9.6069	57.3901
9.6076	57.39194
9.6083	57.38395
9.609	57.36582
9.6097	57.34015
9.6104	57.30637
9.6111	57.26763
9.6118	57.22682
9.6125	57.18406
9.6132	57.14467
9.6139	57.10782
9.6146	57.07628
9.6153	57.05071
9.616	57.03081
9.6167	57.01723
9.6174	57.0092
9.6181	57.00524
9.6188	57.00569
9.6195	57.00803
9.6202	57.01242
9.6209	57.01732
9.6216	57.02163
9.6223	57.02546
9.623	57.02772
9.6237	57.02863
9.6244	57.02845
9.6251	57.02682
9.6258	57.02528
9.6265	57.02402
9.6272	57.02406
9.6279	57.02752
9.6286	57.03403
9.6293	57.04607
9.63	57.06365
9.6307	57.0869
9.6314	57.11664
9.6321	57.15139
9.6328	57.18991
9.6335	57.23211
9.6342	57.2739
9.6349	57.31604
9.6356	57.35481
9.6363	57.38928
9.637	57.41861
9.6377	57.44061
9.6384	57.4559
9.6391	57.46387
9.6398	57.46443
9.6405	57.45858
9.6412	57.44632
9.6419	57.42829
9.6426	57.40525
9.6433	57.37712
9.644	57.34479
9.6447	57.30799
9.6454	57.26832
9.6461	57.22543
9.6468	57.18128
9.6475	57.13715
9.6482	57.09367
9.6489	57.05595
9.6496	57.02288
9.6503	56.99985
9.651	56.9876
9.6517	56.98732
9.6524	57.00169
9.6531	57.02929
9.6538	57.06878
9.6545	57.12098
9.6552	57.1791
9.6559	57.24416
9.6566	57.30965
9.6573	57.36997
9.658	57.42528
9.6587	57.46729
9.6594	57.49735
9.6601	57.51171
9.6608	57.50889
9.6615	57.49087
9.6622	57.45745
9.6629	57.4101
9.6636	57.35412
9.6643	57.28814
9.665	57.22035
9.6657	57.15086
9.6664	57.08384
9.6671	57.02371
9.6678	56.96993
9.6685	56.92744
9.6692	56.89552
9.6699	56.87574
9.6706	56.86889
9.6713	56.8739
9.672	56.89078
9.6727	56.91888
9.6734	56.95548
9.6741	57.00126
9.6748	57.0524
9.6755	57.10879
9.6762	57.16843
9.6769	57.22901
9.6776	57.2908
9.6783	57.35097
9.679	57.40991
9.6797	57.46662
9.6804	57.5207
9.6811	57.57238
9.6818	57.62157
9.6825	57.66834
9.6832	57.71287
9.6839	57.75524
9.6846	57.79502
9.6853	57.83249
9.686	57.86675
9.6867	57.89696
9.6874	57.92313
9.6881	57.94326
9.6888	57.95768
9.6895	57.96486
9.6902	57.96428
9.6909	57.95584
9.6916	57.9387
9.6923	57.91318
9.693	57.87988
9.6937	57.83827
9.6944	57.79087
9.6951	57.73782
9.6958	57.68085
9.6965	57.62298
9.6972	57.56372
9.6979	57.50945
9.6986	57.45925
9.6993	57.41789
9.7	57.38795
9.7007	57.36955
9.7014	57.36655
9.7021	57.37818
9.7028	57.40358
9.7035	57.4442
9.7042	57.49495
9.7049	57.55437
9.7056	57.62007
9.7063	57.6825
9.707	57.74379
9.7077	57.79449
9.7084	57.83368
9.7091	57.85944
9.7098	57.8677
9.7105	57.86054
9.7112	57.83976
9.7119	57.80425
9.7126	57.76152
9.7133	57.71162
9.714	57.65889
9.7147	57.60951
9.7154	57.56203
9.7161	57.52112
9.7168	57.48675
9.7175	57.45796
9.7182	57.43532
9.7189	57.41729
9.7196	57.40149
9.7203	57.38852
9.721	57.37756
9.7217	57.36777
9.7224	57.36232
9.7231	57.36178
9.7238	57.36764
9.7245	57.38461
9.7252	57.41167
9.7259	57.45131
9.7266	57.50509
9.7273	57.56914
9.728	57.64271
9.7287	57.72382
9.7294	57.8036
9.7301	57.8843
9.7308	57.95543
9.7315	58.01507
9.7322	58.06185
9.7329	58.09082
9.7336	58.10406
9.7343	58.10449
9.735	58.09032
9.7357	58.07031
9.7364	58.0465
9.7371	58.02126
9.7378	58.00201
9.7385	57.98696
9.7392	57.97865
9.7399	57.97861
9.7406	57.98196
9.7413	57.9875
9.742	57.99337
9.7427	57.99174
9.7434	57.98423
9.7441	57.96591
9.7448	57.93482
9.7455	57.89363
9.7462	57.84221
9.7469	57.782
9.7476	57.72156
9.7483	57.65894
9.749	57.60241
9.7497	57.55484
9.7504	57.5165
9.7511	57.49184
9.7518	57.47963
9.7525	57.47707
9.7532	57.48575
9.7539	57.49944
9.7546	57.51546
9.7553	57.53258
9.756	57.54268
9.7567	57.54735
9.7574	57.54228
9.7581	57.52608
9.7588	57.49991
9.7595	57.46314
9.7602	57.41654
9.7609	57.36411
9.7616	57.30482
9.7623	57.24307
9.763	57.18
9.7637	57.11686
9.7644	57.0578
9.7651	57.00183
9.7658	56.95203
9.7665	56.90855
9.7672	56.87194
9.7679	56.84334
9.7686	56.82206
9.7693	56.80738
9.77	56.79983
9.7707	56.79615
9.7714	56.79667
9.7721	56.79871
9.7728	56.79841
9.7735	56.79659
9.7742	56.78814
9.7749	56.77321
9.7756	56.75055
9.7763	56.71827
9.777	56.67786
9.7777	56.6309
9.7784	56.57661
9.7791	56.52068
9.7798	56.4627
9.7805	56.40649
9.7812	56.35695
9.7819	56.31292
9.7826	56.27904
9.7833	56.25535
9.784	56.24131
9.7847	56.23809
9.7854	56.24365
9.7861	56.25449
9.7868	56.2716
9.7875	56.28914
9.7882	56.30717
9.7889	56.323
9.7896	56.33295
9.7903	56.33812
9.791	56.33669
9.7917	56.32835
9.7924	56.31501
9.7931	56.29659
9.7938	56.27448
9.7945	56.25187
9.7952	56.22799
9.7959	56.20587
9.7966	56.18593
9.7973	56.16822
9.798	56.15373
9.7987	56.14182
9.7994	56.13082
9.8001	56.12131
9.8008	56.1108
9.8015	56.0984
9.8022	56.08387
9.8029	56.06521
9.8036	56.04281
9.8043	56.01738
9.805	55.98808
9.8057	55.95735
9.8064	55.92693
9.8071	55.89678
9.8078	55.87122
9.8085	55.84956
9.8092	55.83429
9.8099	55.82704
9.8106	55.82702
9.8113	55.83478
9.812	55.85041
9.8127	55.87102
9.8134	55.89734
9.8141	55.9263
9.8148	55.95478
9.8155	55.98332
9.8162	56.00703
9.8169	56.02647
9.8176	56.03951
9.8183	56.04455
9.819	56.04219
9.8197	56.03158
9.8204	56.01266
9.8211	55.9874
9.8218	55.95514
9.8225	55.91838
9.8232	55.87989
9.8239	55.83913
9.8246	55.80179
9.8253	55.76684
9.826	55.73852
9.8267	55.7197
9.8274	55.71013
9.8281	55.71435
9.8288	55.73181
9.8295	55.76278
9.8302	55.80883
9.8309	55.86719
9.8316	55.93507
9.8323	56.01326
9.833	56.09297
9.8337	56.17558
9.8344	56.25449
9.8351	56.32354
9.8358	56.38388
9.8365	56.42696
9.8372	56.45329
9.8379	56.46226
9.8386	56.45133
9.8393	56.42373
9.84	56.38412
9.8407	56.33066
9.8414	56.27468
9.8421	56.2161
9.8428	56.16056
9.8435	56.11719
9.8442	56.08357
9.8449	56.06744
9.8456	56.0698
9.8463	56.08857
9.847	56.12519
9.8477	56.17715
9.8484	56.23562
9.8491	56.30347
9.8498	56.36905
9.8505	56.42922
9.8512	56.48185
9.8519	56.51692
9.8526	56.5367
9.8533	56.53787
9.854	56.5179
9.8547	56.48135
9.8554	56.43041
9.8561	56.36521
9.8568	56.29833
9.8575	56.22742
9.8582	56.16174
9.8589	56.10817
9.8596	56.06531
9.8603	56.04134
9.861	56.03572
9.8617	56.04717
9.8624	56.07765
9.8631	56.12326
9.8638	56.17787
9.8645	56.24353
9.8652	56.3088
9.8659	56.37295
9.8666	56.4328
9.8673	56.4817
9.868	56.52166
9.8687	56.5513
9.8694	56.56898
9.8701	56.5797
9.8708	56.58561
9.8715	56.58729
9.8722	56.59291
9.8729	56.60092
9.8736	56.61617
9.8743	56.64198
9.875	56.67654
9.8757	56.72044
9.8764	56.77426
9.8771	56.83154
9.8778	56.89282
9.8785	56.95383
9.8792	57.00734
9.8799	57.05533
9.8806	57.09146
9.8813	57.11491
9.882	57.12602
9.8827	57.12304
9.8834	57.10708
9.8841	57.08253
9.8848	57.04783
9.8855	57.00862
9.8862	56.96781
9.8869	56.92555
9.8876	56.88841
9.8883	56.85528
9.889	56.82874
9.8897	56.81038
9.8904	56.79935
9.8911	56.79604
9.8918	56.8006
9.8925	56.81051
9.8932	56.82612
9.8939	56.84554
9.8946	56.86605
9.8953	56.8884
9.896	56.90857
9.8967	56.92662
9.8974	56.94123
9.8981	56.95033
9.8988	56.95466
9.8995	56.9538
9.9002	56.94705
9.9009	56.93687
9.9016	56.92392
9.9023	56.90894
9.903	56.89695
9.9037	56.88666
9.9044	56.88244
9.9051	56.88664
9.9058	56.89846
9.9065	56.91988
9.9072	56.95106
9.9079	56.98827
9.9086	57.03225
9.9093	57.07969
9.91	57.12473
9.9107	57.16911
9.9114	57.20583
9.9121	57.23382
9.9128	57.25278
9.9135	57.2599
9.9142	57.25611
9.9149	57.2449
9.9156	57.22469
9.9163	57.20067
9.917	57.17728
9.9177	57.1535
9.9184	57.13581
9.9191	57.12408
9.9198	57.11884
9.9205	57.122
9.9212	57.13211
9.9219	57.14606
9.9226	57.16504
9.9233	57.18467
9.924	57.20296
9.9247	57.21994
9.9254	57.23179
9.9261	57.23897
9.9268	57.24164
9.9275	57.23905
9.9282	57.2324
9.9289	57.22363
9.9296	57.21215
9.9303	57.20017
9.931	57.18835
9.9317	57.17646
9.9324	57.16511
9.9331	57.15418
9.9338	57.14289
9.9345	57.13114
9.9352	57.11884
9.9359	57.10541
9.9366	57.09105
9.9373	57.077
9.938	57.06281
9.9387	57.04999
9.9394	57.04013
9.9401	57.03275
9.9408	57.0295
9.9415	57.03063
9.9422	57.03554
9.9429	57.04435
9.9436	57.05676
9.9443	57.07061
9.945	57.08636
9.9457	57.10249
9.9464	57.11774
9.9471	57.13256
9.9478	57.14631
9.9485	57.15875
9.9492	57.17101
9.9499	57.18339
9.9506	57.19608
9.9513	57.21052
9.952	57.22661
9.9527	57.24417
9.9534	57.26368
9.9541	57.28435
9.9548	57.30447
9.9555	57.32469
9.9562	57.34247
9.9569	57.35694
9.9576	57.36816
9.9583	57.3746
9.959	57.37643
9.9597	57.37466
9.9604	57.3688
9.9611	57.36019
9.9618	57.35107
9.9625	57.3407
9.9632	57.33199
9.9639	57.32551
9.9646	57.32145
9.9653	57.32135
9.966	57.32488
9.9667	57.33125
9.9674	57.34106
9.9681	57.35276
9.9688	57.36447
9.9695	57.37682
9.9702	57.38668
9.9709	57.394
9.9716	57.39784
9.9723	57.39628
9.973	57.38989
9.9737	57.37818
9.9744	57.36049
9.9751	57.33828
9.9758	57.31246
9.9765	57.2828
9.9772	57.25365
9.9779	57.22428
9.9786	57.19761
9.9793	57.1771
9.98	57.16171
9.9807	57.15525
9.9814	57.15827
9.9821	57.17007
9.9828	57.19146
9.9835	57.22192
9.9842	57.25697
9.9849	57.29832
9.9856	57.34053
9.9863	57.37878
9.987	57.41439
9.9877	57.43975
9.9884	57.45498
9.9891	57.45879
9.9898	57.44814
9.9905	57.42439
9.9912	57.39003
9.9919	57.34346
9.9926	57.28956
9.9933	57.2317
9.994	57.16923
9.9947	57.11029
9.9954	57.05414
9.9961	57.0036
9.9968	56.96222
9.9975	56.92871
9.9982	56.90445
9.9989	56.88989
9.9996	56.88378
10.0003	56.8855
10.001	56.89514
10.0017	56.911
10.0024	56.93317
10.0031	56.96123
10.0038	56.99467
10.0045	57.03363
10.0052	57.07747
10.0059	57.1268
10.0066	57.17982
10.0073	57.23577
10.008	57.29453
10.0087	57.35105
10.0094	57.40656
10.0101	57.45704
10.0108	57.49877
10.0115	57.53284
10.0122	57.5543
10.0129	57.56275
10.0136	57.5588
10.0143	57.54139
10.015	57.51119
10.0157	57.47278
10.0164	57.42447
10.0171	57.37146
10.0178	57.31859
10.0185	57.26441
10.0192	57.21584
10.0199	57.17264
10.0206	57.13662
10.0213	57.11101
10.022	57.0947
10.0227	57.08793
10.0234	57.09144
10.0241	57.1035
10.0248	57.12278
10.0255	57.14969
10.0262	57.181
10.0269	57.2169
10.0276	57.25616
10.0283	57.29693
10.029	57.33981
10.0297	57.38243
10.0304	57.42479
10.0311	57.46618
10.0318	57.50521
10.0325	57.54233
10.0332	57.57644
10.0339	57.60733
10.0346	57.63511
10.0353	57.65947
10.036	57.68043
10.0367	57.69876
10.0374	57.71445
10.0381	57.72777
10.0388	57.73943
10.0395	57.74931
10.0402	57.75707
10.0409	57.76305
10.0416	57.76653
10.0423	57.76632
10.043	57.76285
10.0437	57.7546
10.0444	57.74081
10.0451	57.72197
10.0458	57.6979
10.0465	57.66812
10.0472	57.63551
10.0479	57.60026
10.0486	57.5635
10.0493	57.52969
10.05	57.49752
10.0507	57.47065
10.0514	57.45118
10.0521	57.4384
10.0528	57.4343
10.0535	57.43914
10.0542	57.45127
10.0549	57.47056
10.0556	57.49649
10.0563	57.52534
10.057	57.55796
10.0577	57.59198
10.0584	57.62536
10.0591	57.65881
10.0598	57.69062
10.0605	57.7207
10.0612	57.74924
10.0619	57.77611
10.0626	57.80135
10.0633	57.82508
10.064	57.84755
10.0647	57.86815
10.0654	57.88643
10.0661	57.90258
10.0668	57.91529
10.0675	57.92445
10.0682	57.92999
10.0689	57.93131
10.0696	57.92845
10.0703	57.92287
10.071	57.9142
10.0717	57.90362
10.0724	57.89329
10.0731	57.8825
10.0738	57.87334
10.0745	57.86674
10.0752	57.86219
10.0759	57.86015
10.0766	57.86088
10.0773	57.8626
10.078	57.86491
10.0787	57.86753
10.0794	57.86807
10.0801	57.86683
10.0808	57.86348
10.0815	57.85721
10.0822	57.84864
10.0829	57.83932
10.0836	57.82859
10.0843	57.81845
10.085	57.81056
10.0857	57.80437
10.0864	57.80165
10.0871	57.80288
10.0878	57.80708
10.0885	57.81398
10.0892	57.82372
10.0899	57.83333
10.0906	57.8431
10.0913	57.8516
10.092	57.8561
10.0927	57.8574
10.0934	57.85441
10.0941	57.84627
10.0948	57.83398
10.0955	57.81849
10.0962	57.79924
10.0969	57.77856
10.0976	57.75726
10.0983	57.73529
10.099	57.71446
10.0997	57.69456
10.1004	57.67568
10.1011	57.65818
10.1018	57.6418
10.1025	57.62601
10.1032	57.6107
10.1039	57.59619
10.1046	57.58231
10.1053	57.56919
10.106	57.55884
10.1067	57.55079
10.1074	57.54646
10.1081	57.54788
10.1088	57.55437
10.1095	57.5671
10.1102	57.58707
10.1109	57.6128
10.1116	57.64293
10.1123	57.67847
10.113	57.71451
10.1137	57.75026
10.1144	57.78474
10.1151	57.81226
10.1158	57.83393
10.1165	57.84782
10.1172	57.8517
10.1179	57.84692
10.1186	57.83515
10.1193	57.81494
10.12	57.79051
10.1207	57.76495
10.1214	57.73725
10.1221	57.71354
10.1228	57.69396
10.1235	57.67944
10.1242	57.67295
10.1249	57.67377
10.1256	57.68034
10.1263	57.6936
10.127	57.71142
10.1277	57.7298
10.1284	57.75015
10.1291	57.76863
10.1298	57.7833
10.1305	57.79492
10.1312	57.80166
10.1319	57.80317
10.1326	57.80113
10.1333	57.79604
10.134	57.78793
10.1347	57.7801
10.1354	57.77214
10.1361	57.7654
10.1368	57.76208
10.1375	57.76146
10.1382	57.76385
10.1389	57.76987
10.1396	57.77851
10.1403	57.78849
10.141	57.80037
10.1417	57.81226
10.1424	57.82335
10.1431	57.83389
10.1438	57.84284
10.1445	57.85008
10.1452	57.8563
10.1459	57.86152
10.1466	57.86588
10.1473	57.8712
10.148	57.8771
10.1487	57.88465
10.1494	57.89524
10.1501	57.90837
10.1508	57.92514
10.1515	57.94604
10.1522	57.97055
10.1529	57.99849
10.1536	58.03029
10.1543	58.06368
10.155	58.09839
10.1557	58.13379
10.1564	58.16608
10.1571	58.19647
10.1578	58.2218
10.1585	58.23945
10.1592	58.25038
10.1599	58.25168
10.1606	58.24266
10.1613	58.22439
10.162	58.19679
10.1627	58.15945
10.1634	58.1173
10.1641	58.07012
10.1648	58.02007
10.1655	57.97365
10.1662	57.9288
10.1669	57.89042
10.1676	57.86183
10.1683	57.84163
10.169	57.83222
10.1697	57.83455
10.1704	57.84601
10.1711	57.86542
10.1718	57.89336
10.1725	57.92309
10.1732	57.95485
10.1739	57.98634
10.1746	58.01178
10.1753	58.0329
10.176	58.04658
10.1767	58.05079
10.1774	58.04673
10.1781	58.03438
10.1788	58.01289
10.1795	57.98492
10.1802	57.95191
10.1809	57.9134
10.1816	57.87436
10.1823	57.83438
10.183	57.7953
10.1837	57.76077
10.1844	57.7295
10.1851	57.70443
10.1858	57.68671
10.1865	57.67589
10.1872	57.67333
10.1879	57.67928
10.1886	57.69237
10.1893	57.71247
10.19	57.73941
10.1907	57.76904
10.1914	57.80231
10.1921	57.8365
10.1928	57.86752
10.1935	57.89688
10.1942	57.92091
10.1949	57.93803
10.1956	57.94915
10.1963	57.95352
10.197	57.95036
10.1977	57.94281
10.1984	57.93204
10.1991	57.9179
10.1998	57.90652
10.2005	57.89742
10.2012	57.89247
10.2019	57.89561
10.2026	57.90571
10.2033	57.92289
10.204	57.9485
10.2047	57.98062
10.2054	58.01546
10.2061	58.05468
10.2068	58.09371
10.2075	58.12938
10.2082	58.16286
10.2089	58.18932
10.2096	58.20822
10.2103	58.21999
10.211	58.22348
10.2117	58.2187
10.2124	58.20813
10.2131	58.19188
10.2138	58.17072
10.2145	58.1484
10.2152	58.1241
10.2159	58.09953
10.2166	58.07647
10.2173	58.0542
10.218	58.03374
10.2187	58.01534
10.2194	57.99872
10.2201	57.98377
10.2208	57.9705
10.2215	57.95903
10.2222	57.94917
10.2229	57.94119
10.2236	57.93595
10.2243	57.93316
10.225	57.93352
10.2257	57.93785
10.2264	57.94585
10.2271	57.95764
10.2278	57.97373
10.2285	57.99327
10.2292	58.01511
10.2299	58.03997
10.2306	58.06552
10.2313	58.09076
10.232	58.1159
10.2327	58.13806
10.2334	58.15736
10.2341	58.17336
10.2348	58.18481
10.2355	58.19201
10.2362	58.1956
10.2369	58.1952
10.2376	58.19155
10.2383	58.1866
10.239	58.17961
10.2397	58.17239
10.2404	58.16642
10.2411	58.16109
10.2418	58.15796
10.2425	58.15746
10.2432	58.15912
10.2439	58.16296
10.2446	58.1693
10.2453	58.1765
10.246	58.18414
10.2467	58.19215
10.2474	58.19818
10.2481	58.20266
10.2488	58.20456
10.2495	58.20237
10.2502	58.19662
10.2509	58.18667
10.2516	58.172
10.2523	58.15313
10.253	58.13059
10.2537	58.10385
10.2544	58.07448
10.2551	58.04338
10.2558	58.01021
10.2565	57.97756
10.2572	57.9452
10.2579	57.91409
10.2586	57.88647
10.2593	57.86153
10.26	57.84103
10.2607	57.82608
10.2614	57.81617
10.2621	57.81213
10.2628	57.81436
10.2635	57.82195
10.2642	57.83436
10.2649	57.85206
10.2656	57.87235
10.2663	57.895
10.267	57.91939
10.2677	57.94171
10.2684	57.96306
10.2691	57.98099
10.2698	57.99287
10.2705	57.99975
10.2712	57.99994
10.2719	57.99261
10.2726	57.97862
10.2733	57.95846
10.274	57.93135
10.2747	57.89991
10.2754	57.86542
10.2761	57.82744
10.2768	57.79036
10.2775	57.75376
10.2782	57.71926
10.2789	57.69062
10.2796	57.66663
10.2803	57.64937
10.281	57.64036
10.2817	57.63884
10.2824	57.64537
10.2831	57.66064
10.2838	57.68313
10.2845	57.71159
10.2852	57.74692
10.2859	57.78513
10.2866	57.82551
10.2873	57.86759
10.288	57.90567
10.2887	57.94097
10.2894	57.97082
10.2901	57.99159
10.2908	58.00466
10.2915	58.00787
10.2922	57.99972
10.2929	57.98155
10.2936	57.95462
10.2943	57.91752
10.295	57.87409
10.2957	57.82713
10.2964	57.77528
10.2971	57.7251
10.2978	57.67738
10.2985	57.63271
10.2992	57.5959
10.2999	57.56607
10.3006	57.54423
10.3013	57.53212
10.302	57.52903
10.3027	57.53323
10.3034	57.54545
10.3041	57.56405
10.3048	57.58571
10.3055	57.61183
10.3062	57.63904
10.3069	57.66494
10.3076	57.69055
10.3083	57.71273
10.309	57.73132
10.3097	57.74597
10.3104	57.75489
10.3111	57.75849
10.3118	57.75635
10.3125	57.7479
10.3132	57.73344
10.3139	57.71341
10.3146	57.68733
10.3153	57.65617
10.316	57.6213
10.3167	57.58191
10.3174	57.54039
10.3181	57.49767
10.3188	57.45351
10.3195	57.41171
10.3202	57.37194
10.3209	57.3353
10.3216	57.30447
10.3223	57.27868
10.323	57.25882
10.3237	57.24587
10.3244	57.23927
10.3251	57.23815
10.3258	57.24308
10.3265	57.25285
10.3272	57.26568
10.3279	57.28239
10.3286	57.30092
10.3293	57.32006
10.33	57.34033
10.3307	57.36029
10.3314	57.37978
10.3321	57.39897
10.3328	57.41757
10.3335	57.43555
10.3342	57.45338
10.3349	57.47125
10.3356	57.48909
10.3363	57.50757
10.337	57.52657
10.3377	57.54638
10.3384	57.56753
10.3391	57.58981
10.3398	57.61369
10.3405	57.63952
10.3412	57.66712
10.3419	57.69673
10.3426	57.72865
10.3433	57.76235
10.344	57.79728
10.3447	57.83399
10.3454	57.87057
10.3461	57.9063
10.3468	57.9414
10.3475	57.97236
10.3482	57.99927
10.3489	58.02135
10.3496	58.03588
10.3503	58.04336
10.351	58.04368
10.3517	58.03593
10.3524	58.02054
10.3531	58.00032
10.3538	57.97461
10.3545	57.94511
10.3552	57.91596
10.3559	57.88567
10.3566	57.85728
10.3573	57.83372
10.358	57.81373
10.3587	57.79844
10.3594	57.7889
10.3601	57.78382
10.3608	57.78145
10.3615	57.78284
10.3622	57.78543
10.3629	57.78684
10.3636	57.78809
10.3643	57.7872
10.365	57.78316
10.3657	57.77675
10.3664	57.76818
10.3671	57.75683
10.3678	57.74429
10.3685	57.73203
10.3692	57.71936
10.3699	57.70806
10.3706	57.69898
10.3713	57.69165
10.372	57.68656
10.3727	57.684
10.3734	57.68331
10.3741	57.68386
10.3748	57.68592
10.3755	57.68888
10.3762	57.6922
10.3769	57.69622
10.3776	57.70143
10.3783	57.70753
10.379	57.71512
10.3797	57.72523
10.3804	57.73762
10.3811	57.75239
10.3818	57.77004
10.3825	57.79031
10.3832	57.81149
10.3839	57.83419
10.3846	57.8571
10.3853	57.87721
10.386	57.8955
10.3867	57.91017
10.3874	57.91923
10.3881	57.92348
10.3888	57.92269
10.3895	57.91604
10.3902	57.90456
10.3909	57.89045
10.3916	57.87269
10.3923	57.85351
10.393	57.83542
10.3937	57.81724
10.3944	57.80172
10.3951	57.7902
10.3958	57.782
10.3965	57.7785
10.3972	57.77995
10.3979	57.78589
10.3986	57.79618
10.3993	57.81117
10.4	57.8295
10.4007	57.85066
10.4014	57.87487
10.4021	57.8999
10.4028	57.92618
10.4035	57.95261
10.4042	57.97628
10.4049	57.99832
10.4056	58.01645
10.4063	58.02844
10.407	58.0353
10.4077	58.03515
10.4084	58.02682
10.4091	58.01127
10.4098	57.98932
10.4105	57.95968
10.4112	57.9252
10.4119	57.88885
10.4126	57.84875
10.4133	57.81059
10.414	57.77714
10.4147	57.74717
10.4154	57.72586
10.4161	57.71387
10.4168	57.71075
10.4175	57.71804
10.4182	57.73635
10.4189	57.76282
10.4196	57.79608
10.4203	57.83703
10.421	57.88006
10.4217	57.92463
10.4224	57.97009
10.4231	58.01029
10.4238	58.04627
10.4245	58.07625
10.4252	58.09688
10.4259	58.10923
10.4266	58.11261
10.4273	58.10598
10.428	58.09
10.4287	58.06639
10.4294	58.03441
10.4301	57.99556
10.4308	57.95278
10.4315	57.90455
10.4322	57.85431
10.4329	57.80497
10.4336	57.75506
10.4343	57.70853
10.435	57.66661
10.4357	57.62879
10.4364	57.59753
10.4371	57.57308
10.4378	57.55479
10.4385	57.5427
10.4392	57.53733
10.4399	57.53633
10.4406	57.53869
10.4413	57.54489
10.442	57.55154
10.4427	57.55818
10.4434	57.56488
10.4441	57.56983
10.4448	57.57291
10.4455	57.57494
10.4462	57.57621
10.4469	57.57631
10.4476	57.57744
10.4483	57.58053
10.449	57.58514
10.4497	57.5928
10.4504	57.60408
10.4511	57.6181
10.4518	57.63425
10.4525	57.65336
10.4532	57.67298
10.4539	57.69133
10.4546	57.70936
10.4553	57.72406
10.456	57.73422
10.4567	57.7406
10.4574	57.74234
10.4581	57.73862
10.4588	57.73118
10.4595	57.72176
10.4602	57.70905
10.4609	57.6967
10.4616	57.68705
10.4623	57.67892
10.463	57.67561
10.4637	57.67825
10.4644	57.686
10.4651	57.69934
10.4658	57.71917
10.4665	57.74335
10.4672	57.76986
10.4679	57.80001
10.4686	57.83006
10.4693	57.85811
10.47	57.8851
10.4707	57.90701
10.4714	57.92317
10.4721	57.93386
10.4728	57.93738
10.4735	57.9336
10.4742	57.92323
10.4749	57.90651
10.4756	57.88303
10.4763	57.85471
10.477	57.82229
10.4777	57.78544
10.4784	57.74624
10.4791	57.70469
10.4798	57.6611
10.4805	57.617
10.4812	57.57196
10.4819	57.52671
10.4826	57.48205
10.4833	57.4375
10.484	57.39456
10.4847	57.35359
10.4854	57.31452
10.4861	57.28008
10.4868	57.24997
10.4875	57.225
10.4882	57.20784
10.4889	57.19788
10.4896	57.19586
10.4903	57.20322
10.491	57.21974
10.4917	57.24369
10.4924	57.27526
10.4931	57.3141
10.4938	57.35509
10.4945	57.39921
10.4952	57.44425
10.4959	57.48394
10.4966	57.51988
10.4973	57.54975
10.498	57.56996
10.4987	57.5816
10.4994	57.58509
10.5001	57.57946
10.5008	57.56539
10.5015	57.54746
10.5022	57.52493
10.5029	57.49958
10.5036	57.47715
10.5043	57.45635
10.505	57.43898
10.5057	57.42827
10.5064	57.42345
10.5071	57.42343
10.5078	57.42856
10.5085	57.43865
10.5092	57.44941
10.5099	57.46072
10.5106	57.47206
10.5113	57.47959
10.512	57.48344
10.5127	57.48392
10.5134	57.48026
10.5141	57.47199
10.5148	57.46202
10.5155	57.45179
10.5162	57.44047
10.5169	57.43188
10.5176	57.42707
10.5183	57.42546
10.519	57.4287
10.5197	57.4377
10.5204	57.45057
10.5211	57.4656
10.5218	57.48417
10.5225	57.50266
10.5232	57.51826
10.5239	57.53243
10.5246	57.54208
10.5253	57.54549
10.526	57.54385
10.5267	57.53747
10.5274	57.52521
10.5281	57.50907
10.5288	57.49218
10.5295	57.47321
10.5302	57.45459
10.5309	57.43915
10.5316	57.4258
10.5323	57.41524
10.533	57.40859
10.5337	57.40515
10.5344	57.40255
10.5351	57.40122
10.5358	57.40021
10.5365	57.39624
10.5372	57.38992
10.5379	57.38046
10.5386	57.36604
10.5393	57.34681
10.54	57.3241
10.5407	57.2981
10.5414	57.26853
10.5421	57.23884
10.5428	57.20957
10.5435	57.18072
10.5442	57.15591
10.5449	57.13509
10.5456	57.11841
10.5463	57.10741
10.547	57.10208
10.5477	57.10165
10.5484	57.10585
10.5491	57.11503
10.5498	57.12752
10.5505	57.14262
10.5512	57.16069
10.5519	57.18014
10.5526	57.20084
10.5533	57.22274
10.554	57.24482
10.5547	57.26737
10.5554	57.28993
10.5561	57.31185
10.5568	57.33366
10.5575	57.35395
10.5582	57.37189
10.5589	57.38804
10.5596	57.40012
10.5603	57.4075
10.561	57.41045
10.5617	57.40686
10.5624	57.39646
10.5631	57.37952
10.5638	57.35555
10.5645	57.32401
10.5652	57.28636
10.5659	57.2437
10.5666	57.19496
10.5673	57.14349
10.568	57.09115
10.5687	57.03684
10.5694	56.98439
10.5701	56.93477
10.5708	56.88754
10.5715	56.84538
10.5722	56.80845
10.5729	56.77653
10.5736	56.7503
10.5743	56.73001
10.575	56.7147
10.5757	56.70364
10.5764	56.69735
10.5771	56.69446
10.5778	56.69415
10.5785	56.69688
10.5792	56.70179
10.5799	56.70855
10.5806	56.71743
10.5813	56.72846
10.582	56.74153
10.5827	56.75682
10.5834	56.77465
10.5841	56.7952
10.5848	56.8178
10.5855	56.84219
10.5862	56.86893
10.5869	56.89556
10.5876	56.92116
10.5883	56.94633
10.589	56.96721
10.5897	56.98331
10.5904	56.99461
10.5911	56.99754
10.5918	56.9919
10.5925	56.97802
10.5932	56.95496
10.5939	56.92187
10.5946	56.88138
10.5953	56.83533
10.596	56.78191
10.5967	56.72698
10.5974	56.6736
10.5981	56.61989
10.5988	56.57264
10.5995	56.53371
10.6002	56.5021
10.6009	56.48213
10.6016	56.47462
10.6023	56.47837
10.603	56.49333
10.6037	56.52074
10.6044	56.55759
10.6051	56.601
10.6058	56.65302
10.6065	56.70865
10.6072	56.76446
10.6079	56.82239
10.6086	56.87804
10.6093	56.92957
10.61	56.97808
10.6107	57.02126
10.6114	57.05861
10.6121	57.09064
10.6128	57.11713
10.6135	57.13782
10.6142	57.15329
10.6149	57.16416
10.6156	57.17013
10.6163	57.17169
10.617	57.16931
10.6177	57.16278
10.6184	57.15234
10.6191	57.13808
10.6198	57.11997
10.6205	57.09845
10.6212	57.07337
10.6219	57.04499
10.6226	57.01434
10.6233	56.98098
10.624	56.94566
10.6247	56.90983
10.6254	56.87275
10.6261	56.83577
10.6268	56.80049
10.6275	56.76616
10.6282	56.73394
10.6289	56.70484
10.6296	56.67837
10.6303	56.65478
10.631	56.63455
10.6317	56.61733
10.6324	56.60189
10.6331	56.5886
10.6338	56.57683
10.6345	56.56455
10.6352	56.55231
10.6359	56.53922
10.6366	56.5234
10.6373	56.50525
10.638	56.48466
10.6387	56.46102
10.6394	56.43416
10.6401	56.40584
10.6408	56.37662
10.6415	56.34595
10.6422	56.31737
10.6429	56.29179
10.6436	56.26874
10.6443	56.25133
10.645	56.24009
10.6457	56.23451
10.6464	56.23537
10.6471	56.24354
10.6478	56.25717
10.6485	56.2742
10.6492	56.29621
10.6499	56.31988
10.6506	56.34206
10.6513	56.36446
10.652	56.384
10.6527	56.39829
10.6534	56.40856
10.6541	56.41433
10.6548	56.41471
10.6555	56.41043
10.6562	56.40375
10.6569	56.39428
10.6576	56.38274
10.6583	56.372
10.659	56.36175
10.6597	56.35227
10.6604	56.34485
10.6611	56.33963
10.6618	56.33563
10.6625	56.33222
10.6632	56.32996
10.6639	56.32733
10.6646	56.32308
10.6653	56.31783
10.666	56.31129
10.6667	56.30279
10.6674	56.29278
10.6681	56.28328
10.6688	56.27401
10.6695	56.26553
10.6702	56.26089
10.6709	56.25988
10.6716	56.26279
10.6723	56.27138
10.673	56.2859
10.6737	56.30524
10.6744	56.32869
10.6751	56.3572
10.6758	56.38822
10.6765	56.41968
10.6772	56.45279
10.6779	56.48524
10.6786	56.5154
10.6793	56.54418
10.68	56.57118
10.6807	56.59579
10.6814	56.61853
10.6821	56.64095
10.6828	56.663
10.6835	56.68486
10.6842	56.70782
10.6849	56.73225
10.6856	56.75734
10.6863	56.78248
10.687	56.80864
10.6877	56.83364
10.6884	56.85528
10.6891	56.87485
10.6898	56.88988
10.6905	56.8981
10.6912	56.90059
10.6919	56.89651
10.6926	56.88476
10.6933	56.86588
10.694	56.84185
10.6947	56.81234
10.6954	56.77785
10.6961	56.74268
10.6968	56.70647
10.6975	56.67
10.6982	56.63731
10.6989	56.60794
10.6996	56.58234
10.7003	56.5625
10.701	56.54838
10.7017	56.5393
10.7024	56.53507
10.7031	56.5363
10.7038	56.54108
10.7045	56.5481
10.7052	56.55836
10.7059	56.56912
10.7066	56.57889
10.7073	56.5886
10.708	56.59596
10.7087	56.60016
10.7094	56.6017
10.7101	56.5991
10.7108	56.59205
10.7115	56.58079
10.7122	56.56477
10.7129	56.54375
10.7136	56.51811
10.7143	56.48821
10.715	56.45357
10.7157	56.41513
10.7164	56.37402
10.7171	56.32938
10.7178	56.28297
10.7185	56.23637
10.7192	56.18845
10.7199	56.14177
10.7206	56.09807
10.7213	56.05617
10.722	56.01897
10.7227	55.98791
10.7234	55.96207
10.7241	55.94351
10.7248	55.93308
10.7255	55.93015
10.7262	55.93515
10.7269	55.94876
10.7276	55.97011
10.7283	55.99754
10.729	56.03206
10.7297	56.07209
10.7304	56.11456
10.7311	56.16098
10.7318	56.20896
10.7325	56.25495
10.7332	56.3005
10.7339	56.34351
10.7346	56.38151
10.7353	56.41567
10.736	56.44452
10.7367	56.46662
10.7374	56.48266
10.7381	56.49229
10.7388	56.49507
10.7395	56.4912
10.7402	56.4814
10.7409	56.46565
10.7416	56.444
10.7423	56.41784
10.743	56.38702
10.7437	56.35183
10.7444	56.31413
10.7451	56.27323
10.7458	56.23018
10.7465	56.18779
10.7472	56.14497
10.7479	56.10333
10.7486	56.06587
10.7493	56.0313
10.75	56.00147
10.7507	55.97905
10.7514	55.96298
10.7521	55.95437
10.7528	55.95471
10.7535	55.96364
10.7542	55.98045
10.7549	56.00516
10.7556	56.03814
10.7563	56.07679
10.757	56.12022
10.7577	56.16916
10.7584	56.21996
10.7591	56.27174
10.7598	56.32506
10.7605	56.37631
10.7612	56.42515
10.7619	56.4717
10.7626	56.513
10.7633	56.54911
10.764	56.57993
10.7647	56.60376
10.7654	56.62064
10.7661	56.63068
10.7668	56.63336
10.7675	56.62828
10.7682	56.61647
10.7689	56.59886
10.7696	56.57431
10.7703	56.54535
10.771	56.5143
10.7717	56.47932
10.7724	56.44442
10.7731	56.41286
10.7738	56.3826
10.7745	56.35732
10.7752	56.33967
10.7759	56.32814
10.7766	56.32444
10.7773	56.33023
10.778	56.34461
10.7787	56.36553
10.7794	56.39354
10.7801	56.42813
10.7808	56.46381
10.7815	56.50079
10.7822	56.53846
10.7829	56.57012
10.7836	56.59585
10.7843	56.61539
10.785	56.62448
10.7857	56.62284
10.7864	56.61126
10.7871	56.58921
10.7878	56.55542
10.7885	56.51254
10.7892	56.46368
10.7899	56.40655
10.7906	56.34521
10.7913	56.28443
10.792	56.22148
10.7927	56.16069
10.7934	56.10667
10.7941	56.05718
10.7948	56.01476
10.7955	55.98198
10.7962	55.95768
10.7969	55.94222
10.7976	55.93635
10.7983	55.93991
10.799	55.95102
10.7997	55.96927
10.8004	55.99508
10.8011	56.02535
10.8018	56.05932
10.8025	56.09753
10.8032	56.13696
10.8039	56.177
10.8046	56.2181
10.8053	56.25835
10.806	56.29769
10.8067	56.33613
10.8074	56.37246
10.8081	56.40687
10.8088	56.4391
10.8095	56.46811
10.8102	56.49445
10.8109	56.51731
10.8116	56.53512
10.8123	56.5486
10.813	56.55675
10.8137	56.55788
10.8144	56.55237
10.8151	56.54013
10.8158	56.52053
10.8165	56.49316
10.8172	56.45969
10.8179	56.4213
10.8186	56.37657
10.8193	56.32917
10.82	56.28191
10.8207	56.23267
10.8214	56.18602
10.8221	56.14522
10.8228	56.1082
10.8235	56.07836
10.8242	56.05814
10.8249	56.0462
10.8256	56.04291
10.8263	56.0492
10.827	56.06464
10.8277	56.0866
10.8284	56.11474
10.8291	56.14935
10.8298	56.1866
10.8305	56.22579
10.8312	56.26742
10.8319	56.30849
10.8326	56.3485
10.8333	56.38787
10.834	56.42521
10.8347	56.46026
10.8354	56.49333
10.8361	56.52428
10.8368	56.55313
10.8375	56.57985
10.8382	56.6044
10.8389	56.62694
10.8396	56.6472
10.8403	56.66471
10.841	56.67964
10.8417	56.6918
10.8424	56.70079
10.8431	56.70652
10.8438	56.70933
10.8445	56.70943
10.8452	56.70641
10.8459	56.70119
10.8466	56.69469
10.8473	56.68621
10.848	56.67704
10.8487	56.6685
10.8494	56.65992
10.8501	56.65211
10.8508	56.64595
10.8515	56.64107
10.8522	56.6376
10.8529	56.63579
10.8536	56.63561
10.8543	56.63662
10.855	56.63858
10.8557	56.6417
10.8564	56.64542
10.8571	56.64941
10.8578	56.65391
10.8585	56.65849
10.8592	56.66298
10.8599	56.66751
10.8606	56.67171
10.8613	56.6755
10.862	56.67896
10.8627	56.68161
10.8634	56.68335
10.8641	56.68425
10.8648	56.6839
10.8655	56.68209
10.8662	56.67899
10.8669	56.67462
10.8676	56.66874
10.8683	56.6616
10.869	56.65396
10.8697	56.64567
10.8704	56.63693
10.8711	56.62891
10.8718	56.6215
10.8725	56.61483
10.8732	56.60983
10.8739	56.6065
10.8746	56.60481
10.8753	56.60515
10.876	56.60759
10.8767	56.61199
10.8774	56.61834
10.8781	56.62662
10.8788	56.63685
10.8795	56.64906
10.8802	56.66318
10.8809	56.67931
10.8816	56.69764
10.8823	56.71823
10.883	56.74091
10.8837	56.76555
10.8844	56.79256
10.8851	56.82113
10.8858	56.85029
10.8865	56.88085
10.8872	56.91143
10.8879	56.94036
10.8886	56.96867
10.8893	56.99483
10.89	57.01691
10.8907	57.03568
10.8914	57.05051
10.8921	57.06039
10.8928	57.06545
10.8935	57.06624
10.8942	57.063
10.8949	57.0552
10.8956	57.0443
10.8963	57.03153
10.897	57.01607
10.8977	56.99923
10.8984	56.98225
10.8991	56.96448
10.8998	56.94654
10.9005	56.92908
10.9012	56.91182
10.9019	56.89477
10.9026	56.87796
10.9033	56.86133
10.904	56.84512
10.9047	56.82931
10.9054	56.81372
10.9061	56.7994
10.9068	56.78688
10.9075	56.77563
10.9082	56.76721
10.9089	56.76251
10.9096	56.7609
10.9103	56.76354
10.911	56.77132
10.9117	56.78375
10.9124	56.80067
10.9131	56.82231
10.9138	56.8487
10.9145	56.87842
10.9152	56.91108
10.9159	56.94711
10.9166	56.98455
10.9173	57.02256
10.918	57.0618
10.9187	57.10083
10.9194	57.13903
10.9201	57.17688
10.9208	57.21346
10.9215	57.24844
10.9222	57.2821
10.9229	57.31372
10.9236	57.34317
10.9243	57.37059
10.925	57.39505
10.9257	57.4164
10.9264	57.43478
10.9271	57.44912
10.9278	57.45903
10.9285	57.46483
10.9292	57.46598
10.9299	57.46202
10.9306	57.45332
10.9313	57.4406
10.932	57.42363
10.9327	57.40259
10.9334	57.37937
10.9341	57.35406
10.9348	57.32657
10.9355	57.29927
10.9362	57.27248
10.9369	57.24593
10.9376	57.22165
10.9383	57.20013
10.939	57.18094
10.9397	57.16513
10.9404	57.15296
10.9411	57.14419
10.9418	57.13928
10.9425	57.13839
10.9432	57.14137
10.9439	57.14833
10.9446	57.15938
10.9453	57.17441
10.946	57.19316
10.9467	57.21582
10.9474	57.24221
10.9481	57.27139
10.9488	57.3036
10.9495	57.33861
10.9502	57.37468
10.9509	57.41204
10.9516	57.45047
10.9523	57.48753
10.953	57.52309
10.9537	57.55727
10.9544	57.58795
10.9551	57.61475
10.9558	57.63803
10.9565	57.65674
10.9572	57.67036
10.9579	57.6794
10.9586	57.68438
10.9593	57.68485
10.96	57.68127
10.9607	57.67548
10.9614	57.66725
10.9621	57.65681
10.9628	57.6469
10.9635	57.63771
10.9642	57.62904
10.9649	57.62325
10.9656	57.62085
10.9663	57.62134
10.967	57.62575
10.9677	57.63476
10.9684	57.64774
10.9691	57.66371
10.9698	57.68314
10.9705	57.70563
10.9712	57.72858
10.9719	57.75207
10.9726	57.77607
10.9733	57.79707
10.974	57.81442
10.9747	57.82873
10.9754	57.83761
10.9761	57.84002
10.9768	57.83686
10.9775	57.82821
10.9782	57.81326
10.9789	57.79263
10.9796	57.76919
10.9803	57.74308
10.981	57.71406
10.9817	57.68606
10.9824	57.66006
10.9831	57.63515
10.9838	57.61448
10.9845	57.59949
10.9852	57.58906
10.9859	57.58351
10.9866	57.58365
10.9873	57.589
10.988	57.59734
10.9887	57.6083
10.9894	57.62237
10.9901	57.63626
10.9908	57.64864
10.9915	57.66059
10.9922	57.67004
10.9929	57.67576
10.9936	57.67858
10.9943	57.67841
10.995	57.67486
10.9957	57.66802
10.9964	57.65932
10.9971	57.64928
10.9978	57.63737
10.9985	57.62526
10.9992	57.61385
10.9999	57.60245
11.0006	57.59224
11.0013	57.58395
11.002	57.57708
11.0027	57.57227
11.0034	57.56989
11.0041	57.5696
11.0048	57.5722
11.0055	57.57815
11.0062	57.58704
11.0069	57.59972
11.0076	57.61684
11.0083	57.63804
11.009	57.66353
11.0097	57.69372
11.0104	57.72875
11.0111	57.76733
11.0118	57.80871
11.0125	57.85394
11.0132	57.90039
11.0139	57.94603
11.0146	57.99263
11.0153	58.03698
11.016	58.07602
11.0167	58.11148
11.0174	58.14145
11.0181	58.16361
11.0188	58.1787
11.0195	58.18675
11.0202	58.18732
11.0209	58.17983
11.0216	58.16604
11.0223	58.14761
11.023	58.12316
11.0237	58.09486
11.0244	58.06546
11.0251	58.03344
11.0258	58.00065
11.0265	57.9699
11.0272	57.94022
11.0279	57.91237
11.0286	57.88807
11.0293	57.86705
11.03	57.84924
11.0307	57.83502
11.0314	57.82471
11.0321	57.81769
11.0328	57.81322
11.0335	57.81178
11.0342	57.81276
11.0349	57.81486
11.0356	57.81851
11.0363	57.82326
11.037	57.82759
11.0377	57.83158
11.0384	57.83525
11.0391	57.83777
11.0398	57.83882
11.0405	57.83881
11.0412	57.83816
11.0419	57.83642
11.0426	57.83404
11.0433	57.83252
11.044	57.83188
11.0447	57.83205
11.0454	57.8347
11.0461	57.84039
11.0468	57.84861
11.0475	57.85989
11.0482	57.87491
11.0489	57.89324
11.0496	57.91338
11.0503	57.93525
11.051	57.9592
11.0517	57.98224
11.0524	58.00314
11.0531	58.02308
11.0538	58.03916
11.0545	58.0495
11.0552	58.05528
11.0559	58.05579
11.0566	58.05005
11.0573	58.03814
11.058	58.02198
11.0587	58.00257
11.0594	57.97856
11.0601	57.95333
11.0608	57.92958
11.0615	57.90534
11.0622	57.8835
11.0629	57.86709
11.0636	57.85473
11.0643	57.84731
11.065	57.84629
11.0657	57.85183
11.0664	57.86252
11.0671	57.87723
11.0678	57.89749
11.0685	57.92068
11.0692	57.94339
11.0699	57.9674
11.0706	57.99066
11.0713	58.00937
11.072	58.02453
11.0727	58.03544
11.0734	58.03968
11.0741	58.03703
11.0748	58.02816
11.0755	58.01308
11.0762	57.99092
11.0769	57.96277
11.0776	57.93091
11.0783	57.89459
11.079	57.85449
11.0797	57.81428
11.0804	57.77424
11.0811	57.73394
11.0818	57.6965
11.0825	57.66296
11.0832	57.63237
11.0839	57.60599
11.0846	57.58475
11.0853	57.56807
11.086	57.5551
11.0867	57.54577
11.0874	57.54043
11.0881	57.53705
11.0888	57.53453
11.0895	57.53383
11.0902	57.53321
11.0909	57.53121
11.0916	57.52852
11.0923	57.52512
11.093	57.52067
11.0937	57.51479
11.0944	57.50905
11.0951	57.50476
11.0958	57.50071
11.0965	57.49887
11.0972	57.50162
11.0979	57.50799
11.0986	57.51869
11.0993	57.53515
11.1	57.5576
11.1007	57.5851
11.1014	57.61676
11.1021	57.65386
11.1028	57.69462
11.1035	57.73587
11.1042	57.77883
11.1049	57.82228
11.1056	57.86214
11.1063	57.89856
11.107	57.93164
11.1077	57.95848
11.1084	57.9781
11.1091	57.9915
11.1098	57.99848
11.1105	57.99825
11.1112	57.99126
11.1119	57.97991
11.1126	57.96472
11.1133	57.94489
11.114	57.9239
11.1147	57.90355
11.1154	57.88225
11.1161	57.86285
11.1168	57.84748
11.1175	57.83484
11.1182	57.82595
11.1189	57.82203
11.1196	57.82291
11.1203	57.82764
11.121	57.83566
11.1217	57.84799
11.1224	57.86257
11.1231	57.87707
11.1238	57.89294
11.1245	57.90843
11.1252	57.92072
11.1259	57.93067
11.1266	57.93768
11.1273	57.93984
11.128	57.93696
11.1287	57.92962
11.1294	57.91794
11.1301	57.90113
11.1308	57.88006
11.1315	57.85694
11.1322	57.83137
11.1329	57.80353
11.1336	57.77689
11.1343	57.75234
11.135	57.72892
11.1357	57.70935
11.1364	57.69515
11.1371	57.68521
11.1378	57.6803
11.1385	57.68128
11.1392	57.688
11.1399	57.69907
11.1406	57.71368
11.1413	57.73284
11.142	57.75442
11.1427	57.77645
11.1434	57.80018
11.1441	57.82416
11.1448	57.84644
11.1455	57.86748
11.1462	57.88738
11.1469	57.90578
11.1476	57.9222
11.1483	57.93753
11.149	57.95308
11.1497	57.96833
11.1504	57.98376
11.1511	58.00098
11.1518	58.02028
11.1525	58.04123
11.1532	58.06409
11.1539	58.08947
11.1546	58.11693
11.1553	58.14484
11.156	58.17295
11.1567	58.20177
11.1574	58.22881
11.1581	58.25276
11.1588	58.27472
11.1595	58.29306
11.1602	58.30639
11.1609	58.31532
11.1616	58.31999
11.1623	58.32027
11.163	58.31568
11.1637	58.30759
11.1644	58.29738
11.1651	58.28405
11.1658	58.26887
11.1665	58.2538
11.1672	58.23835
11.1679	58.22273
11.1686	58.20793
11.1693	58.19419
11.17	58.18108
11.1707	58.1683
11.1714	58.1561
11.1721	58.14427
11.1728	58.13184
11.1735	58.11854
11.1742	58.10464
11.1749	58.08965
11.1756	58.07319
11.1763	58.05549
11.177	58.03673
11.1777	58.01696
11.1784	57.99605
11.1791	57.97441
11.1798	57.9524
11.1805	57.92986
11.1812	57.90682
11.1819	57.88333
11.1826	57.85947
11.1833	57.83505
11.184	57.80986
11.1847	57.7838
11.1854	57.75712
11.1861	57.73013
11.1868	57.70219
11.1875	57.67409
11.1882	57.64752
11.1889	57.622
11.1896	57.59784
11.1903	57.57767
11.191	57.56212
11.1917	57.55045
11.1924	57.54462
11.1931	57.54596
11.1938	57.5537
11.1945	57.56732
11.1952	57.58701
11.1959	57.61348
11.1966	57.64383
11.1973	57.67584
11.198	57.71178
11.1987	57.74797
11.1994	57.78017
11.2001	57.81038
11.2008	57.8369
11.2015	57.85643
11.2022	57.86905
11.2029	57.87547
11.2036	57.87554
11.2043	57.86805
11.205	57.85436
11.2057	57.83752
11.2064	57.81738
11.2071	57.79373
11.2078	57.77054
11.2085	57.74933
11.2092	57.72856
11.2099	57.71124
11.2106	57.6995
11.2113	57.69206
11.212	57.6894
11.2127	57.69225
11.2134	57.70072
11.2141	57.71368
11.2148	57.73016
11.2155	57.75105
11.2162	57.77512
11.2169	57.80059
11.2176	57.82803
11.2183	57.85707
11.219	57.88637
11.2197	57.91597
11.2204	57.94597
11.2211	57.97571
11.2218	58.00502
11.2225	58.03409
11.2232	58.06254
11.2239	58.0903
11.2246	58.11751
11.2253	58.14361
11.226	58.16834
11.2267	58.19201
11.2274	58.21394
11.2281	58.23351
11.2288	58.25118
11.2295	58.26638
11.2302	58.27841
11.2309	58.2876
11.2316	58.29368
11.2323	58.2961
11.233	58.29489
11.2337	58.29012
11.2344	58.28166
11.2351	58.26933
11.2358	58.25332
11.2365	58.23404
11.2372	58.21133
11.2379	58.18518
11.2386	58.15683
11.2393	58.12672
11.24	58.09421
11.2407	58.06101
11.2414	58.0283
11.2421	57.99492
11.2428	57.9627
11.2435	57.93352
11.2442	57.90638
11.2449	57.88215
11.2456	57.86239
11.2463	57.84692
11.247	57.83555
11.2477	57.82855
11.2484	57.82639
11.2491	57.82853
11.2498	57.8339
11.2505	57.84257
11.2512	57.85465
11.2519	57.86846
11.2526	57.88333
11.2533	57.9
11.254	57.91687
11.2547	57.9327
11.2554	57.94834
11.2561	57.96298
11.2568	57.97568
11.2575	57.98689
11.2582	57.99633
11.2589	58.00345
11.2596	58.00841
11.2603	58.01115
11.261	58.01132
11.2617	58.00889
11.2624	58.00394
11.2631	57.99638
11.2638	57.98611
11.2645	57.97319
11.2652	57.95793
11.2659	57.94034
11.2666	57.92025
11.2673	57.89847
11.268	57.87556
11.2687	57.85091
11.2694	57.82556
11.2701	57.80061
11.2708	57.77534
11.2715	57.7505
11.2722	57.72732
11.2729	57.7054
11.2736	57.68498
11.2743	57.66693
11.275	57.65122
11.2757	57.63779
11.2764	57.62725
11.2771	57.6198
11.2778	57.61522
11.2785	57.61397
11.2792	57.61637
11.2799	57.6222
11.2806	57.6316
11.2813	57.64482
11.282	57.66209
11.2827	57.6826
11.2834	57.70561
11.2841	57.73214
11.2848	57.76076
11.2855	57.78921
11.2862	57.81872
11.2869	57.84819
11.2876	57.87401
11.2883	57.89584
11.289	57.9144
11.2897	57.92662
11.2904	57.93076
11.2911	57.92814
11.2918	57.91809
11.2925	57.89964
11.2932	57.87254
11.2939	57.83891
11.2946	57.80062
11.2953	57.75564
11.296	57.70681
11.2967	57.65816
11.2974	57.60788
11.2981	57.55747
11.2988	57.51146
11.2995	57.47032
11.3002	57.43313
11.3009	57.40224
11.3016	57.37906
11.3023	57.36258
11.303	57.35246
11.3037	57.34878
11.3044	57.35209
11.3051	57.36046
11.3058	57.37222
11.3065	57.38864
11.3072	57.40825
11.3079	57.42893
11.3086	57.45123
11.3093	57.47495
11.31	57.4989
11.3107	57.52268
11.3114	57.54678
11.3121	57.5715
11.3128	57.59667
11.3135	57.62225
11.3142	57.64928
11.3149	57.67838
11.3156	57.70895
11.3163	57.74189
11.317	57.77813
11.3177	57.81746
11.3184	57.85963
11.3191	57.90457
11.3198	57.95314
11.3205	58.00412
11.3212	58.05542
11.3219	58.10793
11.3226	58.1611
11.3233	58.21115
11.324	58.25723
11.3247	58.30074
11.3254	58.33728
11.3261	58.36393
11.3268	58.38305
11.3275	58.39198
11.3282	58.38778
11.3289	58.37109
11.3296	58.3426
11.3303	58.30241
11.331	58.24871
11.3317	58.18393
11.3324	58.11238
11.3331	58.03299
11.3338	57.94605
11.3345	57.85827
11.3352	57.77212
11.3359	57.68463
11.3366	57.60181
11.3373	57.52824
11.338	57.46083
11.3387	57.40211
11.3394	57.35528
11.3401	57.31996
11.3408	57.29515
11.3415	57.28037
11.3422	57.27697
11.3429	57.28344
11.3436	57.29637
11.3443	57.31558
11.345	57.34178
11.3457	57.3711
11.3464	57.40146
11.3471	57.43474
11.3478	57.46859
11.3485	57.50083
11.3492	57.53261
11.3499	57.56332
11.3506	57.5919
11.3513	57.61837
11.352	57.64307
11.3527	57.66617
11.3534	57.68743
11.3541	57.70704
11.3548	57.72563
11.3555	57.74341
11.3562	57.76013
11.3569	57.7763
11.3576	57.79229
11.3583	57.80785
11.359	57.82316
11.3597	57.83848
11.3604	57.85392
11.3611	57.86913
11.3618	57.88374
11.3625	57.89813
11.3632	57.91192
11.3639	57.92409
11.3646	57.9346
11.3653	57.94366
11.366	57.9501
11.3667	57.95317
11.3674	57.9534
11.3681	57.95056
11.3688	57.94424
11.3695	57.93409
11.3702	57.92123
11.3709	57.90692
11.3716	57.88997
11.3723	57.87167
11.373	57.85467
11.3737	57.83901
11.3744	57.8243
11.3751	57.81267
11.3758	57.80542
11.3765	57.80162
11.3772	57.80135
11.3779	57.80502
11.3786	57.81328
11.3793	57.82406
11.38	57.83518
11.3807	57.84837
11.3814	57.86181
11.3821	57.87203
11.3828	57.87914
11.3835	57.88355
11.3842	57.88306
11.3849	57.87631
11.3856	57.86423
11.3863	57.84748
11.387	57.82612
11.3877	57.79923
11.3884	57.76926
11.3891	57.73873
11.3898	57.70613
11.3905	57.67279
11.3912	57.64139
11.3919	57.61208
11.3926	57.58429
11.3933	57.55871
11.394	57.53609
11.3947	57.51605
11.3954	57.49731
11.3961	57.47911
11.3968	57.46227
11.3975	57.44555
11.3982	57.42756
11.3989	57.40848
11.3996	57.38872
11.4003	57.36844
11.401	57.34671
11.4017	57.32447
11.4024	57.30398
11.4031	57.28559
11.4038	57.26849
11.4045	57.25551
11.4052	57.24865
11.4059	57.24653
11.4066	57.25014
11.4073	57.26084
11.408	57.27895
11.4087	57.30322
11.4094	57.3323
11.4101	57.36751
11.4108	57.40773
11.4115	57.44925
11.4122	57.49119
11.4129	57.53496
11.4136	57.57686
11.4143	57.6142
11.415	57.64895
11.4157	57.6794
11.4164	57.70338
11.4171	57.72126
11.4178	57.73346
11.4185	57.73992
11.4192	57.73993
11.4199	57.73418
11.4206	57.72439
11.4213	57.71087
11.422	57.69289
11.4227	57.67286
11.4234	57.65255
11.4241	57.63051
11.4248	57.60832
11.4255	57.58795
11.4262	57.56872
11.4269	57.5509
11.4276	57.53554
11.4283	57.52305
11.429	57.51295
11.4297	57.50498
11.4304	57.49926
11.4311	57.49597
11.4318	57.49403
11.4325	57.49259
11.4332	57.49241
11.4339	57.49259
11.4346	57.49191
11.4353	57.49046
11.436	57.48847
11.4367	57.48575
11.4374	57.48175
11.4381	57.47683
11.4388	57.47235
11.4395	57.46883
11.4402	57.4654
11.4409	57.46395
11.4416	57.46629
11.4423	57.47156
11.443	57.48017
11.4437	57.49313
11.4444	57.51117
11.4451	57.53327
11.4458	57.55788
11.4465	57.58534
11.4472	57.61609
11.4479	57.64628
11.4486	57.67347
11.4493	57.70018
11.45	57.72304
11.4507	57.7382
11.4514	57.74692
11.4521	57.74892
11.4528	57.7425
11.4535	57.72639
11.4542	57.70189
11.4549	57.67118
11.4556	57.63442
11.4563	57.59024
11.457	57.54357
11.4577	57.49845
11.4584	57.45173
11.4591	57.40657
11.4598	57.36758
11.4605	57.33414
11.4612	57.30583
11.4619	57.28433
11.4626	57.27099
11.4633	57.26487
11.464	57.26403
11.4647	57.26758
11.4654	57.27703
11.4661	57.28943
11.4668	57.3017
11.4675	57.31531
11.4682	57.32936
11.4689	57.34155
11.4696	57.35117
11.4703	57.3592
11.471	57.36612
11.4717	57.37171
11.4724	57.37559
11.4731	57.37987
11.4738	57.38635
11.4745	57.39382
11.4752	57.40325
11.4759	57.41621
11.4766	57.43325
11.4773	57.45333
11.478	57.47536
11.4787	57.49996
11.4794	57.52727
11.4801	57.55361
11.4808	57.57666
11.4815	57.59883
11.4822	57.61693
11.4829	57.62725
11.4836	57.63105
11.4843	57.62799
11.485	57.61616
11.4857	57.5944
11.4864	57.56386
11.4871	57.5261
11.4878	57.48135
11.4885	57.42835
11.4892	57.37087
11.4899	57.31225
11.4906	57.24951
11.4913	57.18589
11.492	57.12654
11.4927	57.07062
11.4934	57.018
11.4941	56.97251
11.4948	56.93607
11.4955	56.9069
11.4962	56.88627
11.4969	56.87552
11.4976	56.87466
11.4983	56.88243
11.499	56.89762
11.4997	56.92164
11.5004	56.95313
11.5011	56.98879
11.5018	57.02848
11.5025	57.07324
11.5032	57.11858
11.5039	57.1614
11.5046	57.20447
11.5053	57.24478
11.506	57.27864
11.5067	57.30719
11.5074	57.33019
11.5081	57.34571
11.5088	57.35276
11.5095	57.35229
11.5102	57.34517
11.5109	57.33152
11.5116	57.31032
11.5123	57.28435
11.513	57.25632
11.5137	57.22411
11.5144	57.18974
11.5151	57.15707
11.5158	57.12626
11.5165	57.09649
11.5172	57.07017
11.5179	57.04893
11.5186	57.03173
11.5193	57.01855
11.52	57.00965
11.5207	57.00567
11.5214	57.00535
11.5221	57.00702
11.5228	57.01103
11.5235	57.01738
11.5242	57.02444
11.5249	57.03127
11.5256	57.03863
11.5263	57.04617
11.527	57.05344
11.5277	57.06014
11.5284	57.06713
11.5291	57.07542
11.5298	57.08452
11.5305	57.0947
11.5312	57.10742
11.5319	57.12346
11.5326	57.14215
11.5333	57.16383
11.534	57.18897
11.5347	57.21794
11.5354	57.24966
11.5361	57.28286
11.5368	57.31865
11.5375	57.35617
11.5382	57.39259
11.5389	57.42709
11.5396	57.46104
11.5403	57.49152
11.541	57.51607
11.5417	57.53639
11.5424	57.55116
11.5431	57.5583
11.5438	57.55782
11.5445	57.55018
11.5452	57.53493
11.5459	57.51142
11.5466	57.4798
11.5473	57.44163
11.548	57.39789
11.5487	57.34678
11.5494	57.29107
11.5501	57.23433
11.5508	57.17492
11.5515	57.11374
11.5522	57.05518
11.5529	57.00072
11.5536	56.94829
11.5543	56.90145
11.555	56.8633
11.5557	56.83212
11.5564	56.80872
11.5571	56.79475
11.5578	56.79091
11.5585	56.79611
11.5592	56.80915
11.5599	56.83015
11.5606	56.85982
11.5613	56.89504
11.562	56.93323
11.5627	56.97655
11.5634	57.02289
11.5641	57.06902
11.5648	57.11531
11.5655	57.16208
11.5662	57.20746
11.5669	57.25037
11.5676	57.29167
11.5683	57.33113
11.569	57.36844
11.5697	57.40364
11.5704	57.43687
11.5711	57.46828
11.5718	57.4982
11.5725	57.52632
11.5732	57.55189
11.5739	57.57477
11.5746	57.59548
11.5753	57.61264
11.576	57.62492
11.5767	57.63309
11.5774	57.63666
11.5781	57.63461
11.5788	57.6263
11.5795	57.6124
11.5802	57.59384
11.5809	57.57077
11.5816	57.54225
11.5823	57.51076
11.583	57.47873
11.5837	57.44447
11.5844	57.40935
11.5851	57.37633
11.5858	57.34611
11.5865	57.31765
11.5872	57.29182
11.5879	57.26958
11.5886	57.25102
11.5893	57.23456
11.59	57.21862
11.5907	57.20457
11.5914	57.1912
11.5921	57.17583
11.5928	57.1575
11.5935	57.13735
11.5942	57.1145
11.5949	57.08792
11.5956	57.05723
11.5963	57.02437
11.597	56.99143
11.5977	56.95665
11.5984	56.92141
11.5991	56.88978
11.5998	56.86314
11.6005	56.83954
11.6012	56.82216
11.6019	56.81397
11.6026	56.81389
11.6033	56.82166
11.604	56.83761
11.6047	56.86298
11.6054	56.89663
11.6061	56.93576
11.6068	56.97944
11.6075	57.02958
11.6082	57.08219
11.6089	57.13341
11.6096	57.18552
11.6103	57.237
11.611	57.28438
11.6117	57.32707
11.6124	57.36621
11.6131	57.40013
11.6138	57.42761
11.6145	57.44944
11.6152	57.46538
11.6159	57.475
11.6166	57.47826
11.6173	57.47537
11.618	57.46641
11.6187	57.45122
11.6194	57.42979
11.6201	57.40284
11.6208	57.37084
11.6215	57.33281
11.6222	57.29026
11.6229	57.24512
11.6236	57.19605
11.6243	57.14386
11.625	57.09222
11.6257	57.04249
11.6264	56.99236
11.6271	56.94612
11.6278	56.90796
11.6285	56.87559
11.6292	56.8503
11.6299	56.83532
11.6306	56.83161
11.6313	56.8379
11.632	56.85452
11.6327	56.88222
11.6334	56.9217
11.6341	56.97031
11.6348	57.02522
11.6355	57.08874
11.6362	57.15905
11.6369	57.23114
11.6376	57.30362
11.6383	57.37892
11.639	57.4523
11.6397	57.51955
11.6404	57.58329
11.6411	57.64194
11.6418	57.69243
11.6425	57.73454
11.6432	57.76907
11.6439	57.7949
11.6446	57.81108
11.6453	57.81796
11.646	57.81619
11.6467	57.80629
11.6474	57.78741
11.6481	57.76047
11.6488	57.72722
11.6495	57.68763
11.6502	57.64102
11.6509	57.59022
11.6516	57.53735
11.6523	57.48024
11.653	57.42122
11.6537	57.36365
11.6544	57.30654
11.6551	57.24999
11.6558	57.19758
11.6565	57.1513
11.6572	57.1091
11.6579	57.07304
11.6586	57.04539
11.6593	57.02569
11.66	57.0136
11.6607	57.00944
11.6614	57.01395
11.6621	57.02685
11.6628	57.04631
11.6635	57.07108
11.6642	57.10279
11.6649	57.13939
11.6656	57.1781
11.6663	57.21976
11.667	57.26426
11.6677	57.30874
11.6684	57.35152
11.6691	57.39419
11.6698	57.43541
11.6705	57.47365
11.6712	57.50927
11.6719	57.54243
11.6726	57.57279
11.6733	57.6001
11.674	57.62454
11.6747	57.64635
11.6754	57.66569
11.6761	57.68242
11.6768	57.69668
11.6775	57.70868
11.6782	57.71854
11.6789	57.72613
11.6796	57.73128
11.6803	57.73394
11.681	57.73427
11.6817	57.73194
11.6824	57.72658
11.6831	57.71832
11.6838	57.70713
11.6845	57.69277
11.6852	57.6751
11.6859	57.65422
11.6866	57.63019
11.6873	57.60302
11.688	57.57247
11.6887	57.53894
11.6894	57.50295
11.6901	57.46419
11.6908	57.42274
11.6915	57.37976
11.6922	57.33591
11.6929	57.29022
11.6936	57.24409
11.6943	57.19919
11.695	57.1546
11.6957	57.11082
11.6964	57.06996
11.6971	57.03294
11.6978	56.99853
11.6985	56.96839
11.6992	56.9442
11.6999	56.92543
11.7006	56.912
11.7013	56.90439
11.702	56.90325
11.7027	56.90827
11.7034	56.91802
11.7041	56.93159
11.7048	56.95058
11.7055	56.97279
11.7062	56.99528
11.7069	57.01883
11.7076	57.04351
11.7083	57.06613
11.709	57.0846
11.7097	57.10081
11.7104	57.11324
11.7111	57.11996
11.7118	57.12084
11.7125	57.11663
11.7132	57.10768
11.7139	57.09357
11.7146	57.0739
11.7153	57.05104
11.716	57.02719
11.7167	57.00044
11.7174	56.97241
11.7181	56.94622
11.7188	56.92246
11.7195	56.89992
11.7202	56.88076
11.7209	56.86689
11.7216	56.85735
11.7223	56.85226
11.723	56.85217
11.7237	56.85764
11.7244	56.86814
11.7251	56.88265
11.7258	56.90067
11.7265	56.92314
11.7272	56.94855
11.7279	56.97516
11.7286	57.00359
11.7293	57.03369
11.73	57.06397
11.7307	57.09366
11.7314	57.12358
11.7321	57.15294
11.7328	57.18089
11.7335	57.20771
11.7342	57.2334
11.7349	57.25759
11.7356	57.2801
11.7363	57.3011
11.737	57.32057
11.7377	57.33844
11.7384	57.35474
11.7391	57.36948
11.7398	57.38267
11.7405	57.3943
11.7412	57.40438
11.7419	57.41295
11.7426	57.42004
11.7433	57.42569
11.744	57.4298
11.7447	57.43222
11.7454	57.43313
11.7461	57.43244
11.7468	57.4297
11.7475	57.42466
11.7482	57.41768
11.7489	57.40828
11.7496	57.39589
11.7503	57.38066
11.751	57.3626
11.7517	57.34134
11.7524	57.31652
11.7531	57.28823
11.7538	57.25694
11.7545	57.22304
11.7552	57.18578
11.7559	57.14593
11.7566	57.10497
11.7573	57.06319
11.758	57.01975
11.7587	56.97658
11.7594	56.93552
11.7601	56.89542
11.7608	56.85695
11.7615	56.82172
11.7622	56.79023
11.7629	56.76176
11.7636	56.73702
11.7643	56.71669
11.765	56.70058
11.7657	56.6885
11.7664	56.68038
11.7671	56.67623
11.7678	56.67608
11.7685	56.67979
11.7692	56.68726
11.7699	56.69846
11.7706	56.71354
11.7713	56.73266
11.772	56.75583
11.7727	56.783
11.7734	56.81418
11.7741	56.84955
11.7748	56.88945
11.7755	56.93292
11.7762	56.97885
11.7769	57.02837
11.7776	57.08077
11.7783	57.13337
11.779	57.18485
11.7797	57.2373
11.7804	57.2877
11.7811	57.33259
11.7818	57.37329
11.7825	57.40951
11.7832	57.43836
11.7839	57.45803
11.7846	57.46998
11.7853	57.4738
11.786	57.46885
11.7867	57.45424
11.7874	57.43124
11.7881	57.40181
11.7888	57.36636
11.7895	57.32353
11.7902	57.27639
11.7909	57.22793
11.7916	57.17621
11.7923	57.12239
11.793	57.06968
11.7937	57.01917
11.7944	56.96917
11.7951	56.92199
11.7958	56.87989
11.7965	56.8417
11.7972	56.80787
11.7979	56.77987
11.7986	56.75815
11.7993	56.74197
11.8	56.73229
11.8007	56.72999
11.8014	56.73483
11.8021	56.74664
11.8028	56.76546
11.8035	56.79186
11.8042	56.82574
11.8049	56.86545
11.8056	56.90977
11.8063	56.96069
11.807	57.01589
11.8077	57.07183
11.8084	57.12846
11.8091	57.18704
11.8098	57.24364
11.8105	57.29497
11.8112	57.34349
11.8119	57.3876
11.8126	57.42436
11.8133	57.45273
11.814	57.47403
11.8147	57.48815
11.8154	57.4948
11.8161	57.49307
11.8168	57.48475
11.8175	57.47208
11.8182	57.4547
11.8189	57.4321
11.8196	57.40722
11.8203	57.38244
11.821	57.35613
11.8217	57.32911
11.8224	57.30298
11.8231	57.27829
11.8238	57.25431
11.8245	57.23087
11.8252	57.20792
11.8259	57.18584
11.8266	57.164
11.8273	57.1416
11.828	57.11837
11.8287	57.09468
11.8294	57.07061
11.8301	57.04606
11.8308	57.02041
11.8315	56.99488
11.8322	56.97101
11.8329	56.9485
11.8336	56.92706
11.8343	56.90864
11.835	56.89478
11.8357	56.88446
11.8364	56.87812
11.8371	56.87666
11.8378	56.88072
11.8385	56.88971
11.8392	56.90271
11.8399	56.91915
11.8406	56.94022
11.8413	56.96431
11.842	56.98929
11.8427	57.01536
11.8434	57.04305
11.8441	57.07011
11.8448	57.09469
11.8455	57.1181
11.8462	57.13966
11.8469	57.15812
11.8476	57.17325
11.8483	57.18552
11.849	57.19449
11.8497	57.19976
11.8504	57.20148
11.8511	57.19971
11.8518	57.19448
11.8525	57.18568
11.8532	57.17334
11.8539	57.15775
11.8546	57.13911
11.8553	57.11697
11.856	57.09191
11.8567	57.06477
11.8574	57.03534
11.8581	57.00338
11.8588	56.97039
11.8595	56.93758
11.8602	56.90362
11.8609	56.86973
11.8616	56.83801
11.8623	56.80884
11.863	56.7813
11.8637	56.75694
11.8644	56.73721
11.8651	56.72151
11.8658	56.70984
11.8665	56.7026
11.8672	56.70028
11.8679	56.70271
11.8686	56.70896
11.8693	56.71828
11.87	56.73162
11.8707	56.7481
11.8714	56.76604
11.8721	56.78507
11.8728	56.80617
11.8735	56.82743
11.8742	56.84701
11.8749	56.86599
11.8756	56.88387
11.8763	56.89896
11.877	56.91049
11.8777	56.91943
11.8784	56.92484
11.8791	56.92571
11.8798	56.92204
11.8805	56.91421
11.8812	56.90236
11.8819	56.8862
11.8826	56.8653
11.8833	56.84127
11.884	56.81576
11.8847	56.78715
11.8854	56.75647
11.8861	56.72713
11.8868	56.70098
11.8875	56.67554
11.8882	56.65362
11.8889	56.63862
11.8896	56.63021
11.8903	56.6277
11.891	56.63255
11.8917	56.6462
11.8924	56.66865
11.8931	56.69817
11.8938	56.73297
11.8945	56.77448
11.8952	56.82229
11.8959	56.87217
11.8966	56.92105
11.8973	56.97239
11.898	57.02292
11.8987	57.06798
11.8994	57.10676
11.9001	57.14109
11.9008	57.16897
11.9015	57.18845
11.9022	57.19949
11.9029	57.20355
11.9036	57.20208
11.9043	57.19446
11.905	57.18007
11.9057	57.16275
11.9064	57.14598
11.9071	57.12724
11.9078	57.10802
11.9085	57.09182
11.9092	57.08025
11.9099	57.07142
11.9106	57.06662
11.9113	57.06725
11.912	57.07379
11.9127	57.08514
11.9134	57.10007
11.9141	57.11837
11.9148	57.14129
11.9155	57.16616
11.9162	57.1901
11.9169	57.21459
11.9176	57.23918
11.9183	57.26064
11.919	57.27683
11.9197	57.28988
11.9204	57.29816
11.9211	57.29944
11.9218	57.29361
11.9225	57.28136
11.9232	57.26197
11.9239	57.23464
11.9246	57.19906
11.9253	57.1565
11.926	57.10838
11.9267	57.05387
11.9274	56.99268
11.9281	56.9285
11.9288	56.86432
11.9295	56.79669
11.9302	56.72866
11.9309	56.66554
11.9316	56.60886
11.9323	56.5557
11.933	56.51019
11.9337	56.47649
11.9344	56.45329
11.9351	56.44032
11.9358	56.43908
11.9365	56.4512
11.9372	56.47654
11.9379	56.51242
11.9386	56.55614
11.9393	56.61043
11.94	56.67373
11.9407	56.74015
11.9414	56.80598
11.9421	56.87587
11.9428	56.94512
11.9435	57.0076
11.9442	57.0629
11.9449	57.11307
11.9456	57.15539
11.9463	57.1873
11.947	57.209
11.9477	57.22217
11.9484	57.22844
11.9491	57.22707
11.9498	57.2173
11.9505	57.20356
11.9512	57.18992
11.9519	57.17338
11.9526	57.15565
11.9533	57.14117
11.954	57.13227
11.9547	57.12641
11.9554	57.12524
11.9561	57.13073
11.9568	57.14349
11.9575	57.16231
11.9582	57.18601
11.9589	57.21416
11.9596	57.24837
11.9603	57.28595
11.961	57.32368
11.9617	57.3621
11.9624	57.4019
11.9631	57.43986
11.9638	57.47329
11.9645	57.5042
11.9652	57.53151
11.9659	57.55313
11.9666	57.56822
11.9673	57.57785
11.968	57.58142
11.9687	57.57826
11.9694	57.56817
11.9701	57.55168
11.9708	57.52938
11.9715	57.50131
11.9722	57.46684
11.9729	57.42739
11.9736	57.38453
11.9743	57.33739
11.975	57.28619
11.9757	57.23306
11.9764	57.17947
11.9771	57.12363
11.9778	57.06723
11.9785	57.01267
11.9792	56.95999
11.9799	56.90827
11.9806	56.8597
11.9813	56.81623
11.982	56.7767
11.9827	56.74153
11.9834	56.712
11.9841	56.68886
11.9848	56.67141
11.9855	56.65979
11.9862	56.65421
11.9869	56.65516
11.9876	56.66211
11.9883	56.67407
11.989	56.69056
11.9897	56.71264
11.9904	56.73884
11.9911	56.76733
11.9918	56.79851
11.9925	56.83282
11.9932	56.86792
11.9939	56.90183
11.9946	56.93614
11.9953	56.96989
11.996	57.00111
11.9967	57.02902
11.9974	57.05481
11.9981	57.07723
11.9988	57.09494
11.9995	57.1081
12.0002	57.11704
12.0009	57.12156
12.0016	57.12132
12.0023	57.11609
12.003	57.10675
12.0037	57.09428
12.0044	57.07826
12.0051	57.05855
12.0058	57.03684
12.0065	57.01457
12.0072	56.99051
12.0079	56.96544
12.0086	56.9409
12.0093	56.91748
12.01	56.89423
12.0107	56.87221
12.0114	56.85256
12.0121	56.83499
12.0128	56.81937
12.0135	56.8062
12.0142	56.79584
12.0149	56.78802
12.0156	56.78283
12.0163	56.78042
12.017	56.78085
12.0177	56.78404
12.0184	56.78999
12.0191	56.79874
12.0198	56.81043
12.0205	56.82485
12.0212	56.84171
12.0219	56.86102
12.0226	56.88308
12.0233	56.90714
12.024	56.9324
12.0247	56.95939
12.0254	56.98795
12.0261	57.01687
12.0268	57.0453
12.0275	57.07415
12.0282	57.1027
12.0289	57.12986
12.0296	57.15529
12.0303	57.17953
12.031	57.20221
12.0317	57.22292
12.0324	57.24154
12.0331	57.25839
12.0338	57.27389
12.0345	57.28819
12.0352	57.30089
12.0359	57.31259
12.0366	57.32396
12.0373	57.3351
12.038	57.34575
12.0387	57.356
12.0394	57.366
12.0401	57.37607
12.0408	57.38565
12.0415	57.39404
12.0422	57.40108
12.0429	57.40727
12.0436	57.41172
12.0443	57.41352
12.045	57.41275
12.0457	57.40965
12.0464	57.40406
12.0471	57.39567
12.0478	57.38413
12.0485	57.37037
12.0492	57.35547
12.0499	57.33927
12.0506	57.3213
12.0513	57.30325
12.052	57.28672
12.0527	57.27084
12.0534	57.25586
12.0541	57.24294
12.0548	57.23296
12.0555	57.22543
12.0562	57.22008
12.0569	57.21674
12.0576	57.21598
12.0583	57.21757
12.059	57.22013
12.0597	57.22249
12.0604	57.22593
12.0611	57.22947
12.0618	57.23129
12.0625	57.23053
12.0632	57.22833
12.0639	57.22373
12.0646	57.21567
12.0653	57.20406
12.066	57.1893
12.0667	57.17135
12.0674	57.15008
12.0681	57.12517
12.0688	57.09722
12.0695	57.06702
12.0702	57.03464
12.0709	56.9996
12.0716	56.96292
12.0723	56.92567
12.073	56.88707
12.0737	56.84743
12.0744	56.80824
12.0751	56.77045
12.0758	56.73274
12.0765	56.69639
12.0772	56.6632
12.0779	56.63327
12.0786	56.60571
12.0793	56.5824
12.08	56.56513
12.0807	56.55307
12.0814	56.54633
12.0821	56.54607
12.0828	56.55332
12.0835	56.56776
12.0842	56.5887
12.0849	56.61553
12.0856	56.64915
12.0863	56.6896
12.087	56.73394
12.0877	56.7795
12.0884	56.82887
12.0891	56.88041
12.0898	56.93009
12.0905	56.97555
12.0912	57.01973
12.0919	57.06014
12.0926	57.09368
12.0933	57.11965
12.094	57.13943
12.0947	57.1525
12.0954	57.15823
12.0961	57.15562
12.0968	57.14622
12.0975	57.13221
12.0982	57.1144
12.0989	57.09077
12.0996	57.06427
12.1003	57.03833
12.101	57.01288
12.1017	56.98677
12.1024	56.9622
12.1031	56.9412
12.1038	56.92335
12.1045	56.908
12.1052	56.89493
12.1059	56.88447
12.1066	56.87732
12.1073	56.87146
12.108	56.86471
12.1087	56.85751
12.1094	56.85037
12.1101	56.84119
12.1108	56.82804
12.1115	56.81166
12.1122	56.79226
12.1129	56.76946
12.1136	56.74263
12.1143	56.71146
12.115	56.67766
12.1157	56.64305
12.1164	56.6068
12.1171	56.56869
12.1178	56.53154
12.1185	56.49787
12.1192	56.46596
12.1199	56.43649
12.1206	56.41145
12.1213	56.39226
12.122	56.37793
12.1227	56.36824
12.1234	56.3631
12.1241	56.36323
12.1248	56.36834
12.1255	56.37672
12.1262	56.38683
12.1269	56.40006
12.1276	56.41558
12.1283	56.4315
12.129	56.44662
12.1297	56.46212
12.1304	56.4774
12.1311	56.49161
12.1318	56.50434
12.1325	56.51606
12.1332	56.52711
12.1339	56.53782
12.1346	56.54779
12.1353	56.55731
12.136	56.56702
12.1367	56.57743
12.1374	56.58825
12.1381	56.59937
12.1388	56.61073
12.1395	56.62271
12.1402	56.63527
12.1409	56.64737
12.1416	56.658
12.1423	56.66805
12.143	56.67706
12.1437	56.68359
12.1444	56.6866
12.1451	56.68699
12.1458	56.68436
12.1465	56.67809
12.1472	56.66758
12.1479	56.65315
12.1486	56.63563
12.1493	56.61582
12.15	56.59257
12.1507	56.56659
12.1514	56.54001
12.1521	56.51438
12.1528	56.4878
12.1535	56.46182
12.1542	56.43876
12.1549	56.41951
12.1556	56.40262
12.1563	56.38944
12.157	56.3814
12.1577	56.37862
12.1584	56.38054
12.1591	56.38717
12.1598	56.39862
12.1605	56.41548
12.1612	56.43688
12.1619	56.46159
12.1626	56.48928
12.1633	56.52105
12.164	56.55516
12.1647	56.58967
12.1654	56.62486
12.1661	56.66128
12.1668	56.69728
12.1675	56.73134
12.1682	56.76429
12.1689	56.79597
12.1696	56.82546
12.1703	56.85207
12.171	56.87632
12.1717	56.89815
12.1724	56.9174
12.1731	56.9339
12.1738	56.94773
12.1745	56.95921
12.1752	56.96863
12.1759	56.9758
12.1766	56.98077
12.1773	56.9839
12.178	56.98548
12.1787	56.98532
12.1794	56.98344
12.1801	56.97993
12.1808	56.97484
12.1815	56.96815
12.1822	56.95979
12.1829	56.94968
12.1836	56.93772
12.1843	56.924
12.185	56.90871
12.1857	56.89199
12.1864	56.87342
12.1871	56.85344
12.1878	56.83274
12.1885	56.81158
12.1892	56.78925
12.1899	56.76674
12.1906	56.74521
12.1913	56.72475
12.192	56.70484
12.1927	56.68629
12.1934	56.66989
12.1941	56.65571
12.1948	56.64336
12.1955	56.6326
12.1962	56.62339
12.1969	56.61648
12.1976	56.61075
12.1983	56.60474
12.199	56.5981
12.1997	56.59188
12.2004	56.58451
12.2011	56.57432
12.2018	56.56136
12.2025	56.54616
12.2032	56.5281
12.2039	56.5065
12.2046	56.48076
12.2053	56.45199
12.206	56.42162
12.2067	56.39014
12.2074	56.35572
12.2081	56.32106
12.2088	56.28939
12.2095	56.26082
12.2102	56.23366
12.2109	56.2113
12.2116	56.19719
12.2123	56.1905
12.213	56.19062
12.2137	56.19901
12.2144	56.2171
12.2151	56.24515
12.2158	56.2817
12.2165	56.32513
12.2172	56.37532
12.2179	56.43418
12.2186	56.49803
12.2193	56.56282
12.22	56.62924
12.2207	56.69871
12.2214	56.76668
12.2221	56.8288
12.2228	56.88724
12.2235	56.94179
12.2242	56.98948
12.2249	57.0278
12.2256	57.05801
12.2263	57.08052
12.227	57.09533
12.2277	57.10171
12.2284	57.09919
12.2291	57.09027
12.2298	57.07756
12.2305	57.05995
12.2312	57.03703
12.2319	57.0124
12.2326	56.9894
12.2333	56.96577
12.234	56.94226
12.2347	56.92175
12.2354	56.90642
12.2361	56.89455
12.2368	56.88662
12.2375	56.8836
12.2382	56.88638
12.2389	56.89456
12.2396	56.90705
12.2403	56.92271
12.241	56.94261
12.2417	56.96654
12.2424	56.99198
12.2431	57.01664
12.2438	57.04244
12.2445	57.06847
12.2452	57.09223
12.2459	57.11196
12.2466	57.12934
12.2473	57.14355
12.248	57.15325
12.2487	57.15765
12.2494	57.15742
12.2501	57.15292
12.2508	57.14447
12.2515	57.13135
12.2522	57.11384
12.2529	57.09358
12.2536	57.07202
12.2543	57.04757
12.255	57.02122
12.2557	56.99522
12.2564	56.97115
12.2571	56.94731
12.2578	56.92476
12.2585	56.90509
12.2592	56.88909
12.2599	56.87585
12.2606	56.86557
12.2613	56.85851
12.262	56.85523
12.2627	56.85536
12.2634	56.85777
12.2641	56.86144
12.2648	56.86753
12.2655	56.87534
12.2662	56.88311
12.2669	56.8896
12.2676	56.89632
12.2683	56.90216
12.269	56.90548
12.2697	56.90546
12.2704	56.90311
12.2711	56.89797
12.2718	56.88946
12.2725	56.87715
12.2732	56.86141
12.2739	56.84294
12.2746	56.82239
12.2753	56.79884
12.276	56.77285
12.2767	56.74599
12.2774	56.71942
12.2781	56.69189
12.2788	56.6642
12.2795	56.6377
12.2802	56.61321
12.2809	56.58989
12.2816	56.56804
12.2823	56.54809
12.283	56.5305
12.2837	56.51501
12.2844	56.50086
12.2851	56.48731
12.2858	56.47502
12.2865	56.46376
12.2872	56.45228
12.2879	56.43947
12.2886	56.42606
12.2893	56.41187
12.29	56.39625
12.2907	56.37855
12.2914	56.3588
12.2921	56.33777
12.2928	56.31625
12.2935	56.29397
12.2942	56.27023
12.2949	56.24716
12.2956	56.22694
12.2963	56.20889
12.297	56.19255
12.2977	56.18015
12.2984	56.17377
12.2991	56.17257
12.2998	56.17639
12.3005	56.18611
12.3012	56.20263
12.3019	56.22617
12.3026	56.25562
12.3033	56.28974
12.304	56.32834
12.3047	56.37281
12.3054	56.42077
12.3061	56.4696
12.3068	56.5194
12.3075	56.5715
12.3082	56.62304
12.3089	56.67111
12.3096	56.71651
12.3103	56.75975
12.311	56.79916
12.3117	56.83319
12.3124	56.86233
12.3131	56.88693
12.3138	56.90688
12.3145	56.92198
12.3152	56.93188
12.3159	56.93735
12.3166	56.93928
12.3173	56.93797
12.318	56.93272
12.3187	56.92437
12.3194	56.91383
12.3201	56.90114
12.3208	56.8859
12.3215	56.86868
12.3222	56.85007
12.3229	56.82989
12.3236	56.80805
12.3243	56.78486
12.325	56.76056
12.3257	56.73484
12.3264	56.70791
12.3271	56.68018
12.3278	56.65184
12.3285	56.62239
12.3292	56.59243
12.3299	56.56268
12.3306	56.53334
12.3313	56.50388
12.332	56.47499
12.3327	56.44746
12.3334	56.42121
12.3341	56.39594
12.3348	56.37231
12.3355	56.35096
12.3362	56.33166
12.3369	56.31433
12.3376	56.29938
12.3383	56.28715
12.339	56.27746
12.3397	56.2703
12.3404	56.26583
12.3411	56.26416
12.3418	56.26527
12.3425	56.26907
12.3432	56.27547
12.3439	56.28456
12.3446	56.29648
12.3453	56.31078
12.346	56.327
12.3467	56.34537
12.3474	56.36611
12.3481	56.38816
12.3488	56.41052
12.3495	56.43378
12.3502	56.45792
12.3509	56.48171
12.3516	56.50408
12.3523	56.52581
12.353	56.54666
12.3537	56.5657
12.3544	56.58216
12.3551	56.59656
12.3558	56.60887
12.3565	56.61887
12.3572	56.62631
12.3579	56.63118
12.3586	56.63389
12.3593	56.63489
12.36	56.63415
12.3607	56.63139
12.3614	56.62722
12.3621	56.62223
12.3628	56.61635
12.3635	56.60938
12.3642	56.6017
12.3649	56.59366
12.3656	56.58509
12.3663	56.57599
12.367	56.5666
12.3677	56.5571
12.3684	56.54713
12.3691	56.53701
12.3698	56.52728
12.3705	56.51818
12.3712	56.50908
12.3719	56.5007
12.3726	56.49398
12.3733	56.48922
12.374	56.48572
12.3747	56.48426
12.3754	56.48572
12.3761	56.49045
12.3768	56.49797
12.3775	56.50822
12.3782	56.52113
12.3789	56.53738
12.3796	56.55658
12.3803	56.57742
12.381	56.59871
12.3817	56.62182
12.3824	56.64601
12.3831	56.66924
12.3838	56.68983
12.3845	56.70927
12.3852	56.72692
12.3859	56.74145
12.3866	56.75182
12.3873	56.75875
12.388	56.76232
12.3887	56.76246
12.3894	56.75886
12.3901	56.75134
12.3908	56.74083
12.3915	56.72828
12.3922	56.71366
12.3929	56.69648
12.3936	56.67768
12.3943	56.65822
12.395	56.63805
12.3957	56.61685
12.3964	56.59486
12.3971	56.57232
12.3978	56.5493
12.3985	56.52562
12.3992	56.50113
12.3999	56.47566
12.4006	56.44901
12.4013	56.42154
12.402	56.39367
12.4027	56.36553
12.4034	56.33625
12.4041	56.30702
12.4048	56.27933
12.4055	56.25371
12.4062	56.22878
12.4069	56.2062
12.4076	56.18784
12.4083	56.17427
12.409	56.1644
12.4097	56.15895
12.4104	56.15872
12.4111	56.16445
12.4118	56.17558
12.4125	56.1908
12.4132	56.2089
12.4139	56.23156
12.4146	56.25803
12.4153	56.28529
12.416	56.3106
12.4167	56.33621
12.4174	56.36131
12.4181	56.38316
12.4188	56.39944
12.4195	56.4116
12.4202	56.41963
12.4209	56.4228
12.4216	56.42026
12.4223	56.41165
12.423	56.39859
12.4237	56.38287
12.4244	56.3648
12.4251	56.34262
12.4258	56.31905
12.4265	56.29711
12.4272	56.27709
12.4279	56.25715
12.4286	56.24
12.4293	56.22844
12.43	56.22248
12.4307	56.22099
12.4314	56.22514
12.4321	56.23611
12.4328	56.25406
12.4335	56.2784
12.4342	56.30879
12.4349	56.34495
12.4356	56.38778
12.4363	56.43653
12.437	56.48974
12.4377	56.54628
12.4384	56.60775
12.4391	56.67301
12.4398	56.74007
12.4405	56.80778
12.4412	56.87823
12.4419	56.94953
12.4426	57.01907
12.4433	57.08572
12.444	57.15179
12.4447	57.21498
12.4454	57.2726
12.4461	57.32394
12.4468	57.37085
12.4475	57.41135
12.4482	57.4433
12.4489	57.46624
12.4496	57.4813
12.4503	57.48785
12.451	57.48522
12.4517	57.4727
12.4524	57.45089
12.4531	57.42111
12.4538	57.38459
12.4545	57.33953
12.4552	57.28682
12.4559	57.2295
12.4566	57.17026
12.4573	57.10647
12.458	57.03932
12.4587	56.97214
12.4594	56.90762
12.4601	56.84317
12.4608	56.77996
12.4615	56.72051
12.4622	56.66665
12.4629	56.61667
12.4636	56.57116
12.4643	56.5312
12.465	56.49763
12.4657	56.47001
12.4664	56.44786
12.4671	56.43073
12.4678	56.41876
12.4685	56.4125
12.4692	56.41064
12.4699	56.4118
12.4706	56.41603
12.4713	56.42415
12.472	56.43461
12.4727	56.44579
12.4734	56.45795
12.4741	56.4717
12.4748	56.4857
12.4755	56.49861
12.4762	56.51077
12.4769	56.52249
12.4776	56.5331
12.4783	56.54194
12.479	56.5491
12.4797	56.55481
12.4804	56.55907
12.4811	56.56188
12.4818	56.56305
12.4825	56.56277
12.4832	56.56139
12.4839	56.55917
12.4846	56.55595
12.4853	56.55172
12.486	56.54659
12.4867	56.54071
12.4874	56.53423
12.4881	56.52677
12.4888	56.51793
12.4895	56.50749
12.4902	56.49584
12.4909	56.48263
12.4916	56.46739
12.4923	56.44976
12.493	56.42989
12.4937	56.40816
12.4944	56.38493
12.4951	56.35978
12.4958	56.33228
12.4965	56.30414
12.4972	56.27711
12.4979	56.25077
12.4986	56.2242
12.4993	56.1999
12.5	56.18041
12.5007	56.1653
12.5014	56.15368
12.5021	56.14736
12.5028	56.14813
12.5035	56.15619
12.5042	56.17068
12.5049	56.19134
12.5056	56.21794
12.5063	56.2519
12.507	56.29215
12.5077	56.33631
12.5084	56.38228
12.5091	56.43265
12.5098	56.48602
12.5105	56.53889
12.5112	56.58828
12.5119	56.63672
12.5126	56.68335
12.5133	56.72581
12.514	56.76209
12.5147	56.79341
12.5154	56.81992
12.5161	56.84128
12.5168	56.85702
12.5175	56.86673
12.5182	56.87153
12.5189	56.87271
12.5196	56.87088
12.5203	56.8648
12.521	56.85564
12.5217	56.84483
12.5224	56.83316
12.5231	56.81966
12.5238	56.80469
12.5245	56.78875
12.5252	56.77225
12.5259	56.755
12.5266	56.7365
12.5273	56.71625
12.528	56.69422
12.5287	56.67073
12.5294	56.6453
12.5301	56.61746
12.5308	56.58682
12.5315	56.55369
12.5322	56.51859
12.5329	56.48204
12.5336	56.4433
12.5343	56.40243
12.535	56.36114
12.5357	56.32114
12.5364	56.28122
12.5371	56.24137
12.5378	56.20402
12.5385	56.17154
12.5392	56.1427
12.5399	56.11737
12.5406	56.09741
12.5413	56.08461
12.542	56.07832
12.5427	56.07823
12.5434	56.08491
12.5441	56.09897
12.5448	56.12094
12.5455	56.14996
12.5462	56.18483
12.5469	56.22465
12.5476	56.27129
12.5483	56.32329
12.549	56.37807
12.5497	56.43374
12.5504	56.49323
12.5511	56.55446
12.5518	56.6139
12.5525	56.669
12.5532	56.7229
12.5539	56.77378
12.5546	56.81865
12.5553	56.85536
12.556	56.88599
12.5567	56.90989
12.5574	56.92584
12.5581	56.93271
12.5588	56.93065
12.5595	56.92087
12.5602	56.90463
12.5609	56.88208
12.5616	56.85147
12.5623	56.81545
12.563	56.77705
12.5637	56.7372
12.5644	56.69316
12.5651	56.64804
12.5658	56.60536
12.5665	56.56648
12.5672	56.52896
12.5679	56.49443
12.5686	56.46474
12.5693	56.44091
12.57	56.4219
12.5707	56.40732
12.5714	56.3968
12.5721	56.39085
12.5728	56.38981
12.5735	56.39194
12.5742	56.39548
12.5749	56.40045
12.5756	56.4078
12.5763	56.41611
12.577	56.42397
12.5777	56.43108
12.5784	56.43819
12.5791	56.4451
12.5798	56.45166
12.5805	56.45744
12.5812	56.46266
12.5819	56.46811
12.5826	56.47458
12.5833	56.48189
12.584	56.48982
12.5847	56.49881
12.5854	56.50936
12.5861	56.52191
12.5868	56.53601
12.5875	56.55086
12.5882	56.56569
12.5889	56.5815
12.5896	56.59797
12.5903	56.61336
12.591	56.62602
12.5917	56.63694
12.5924	56.64612
12.5931	56.65214
12.5938	56.65356
12.5945	56.6505
12.5952	56.64354
12.5959	56.63288
12.5966	56.61864
12.5973	56.59967
12.598	56.57691
12.5987	56.55225
12.5994	56.52739
12.6001	56.50035
12.6008	56.47204
12.6015	56.44506
12.6022	56.42174
12.6029	56.40045
12.6036	56.38143
12.6043	56.36625
12.605	56.35638
12.6057	56.35128
12.6064	56.35059
12.6071	56.35437
12.6078	56.36277
12.6085	56.37647
12.6092	56.39464
12.6099	56.41604
12.6106	56.43972
12.6113	56.46709
12.612	56.49724
12.6127	56.52849
12.6134	56.55949
12.6141	56.59174
12.6148	56.62453
12.6155	56.65634
12.6162	56.68597
12.6169	56.7146
12.6176	56.74179
12.6183	56.76654
12.619	56.78808
12.6197	56.80724
12.6204	56.82364
12.6211	56.83657
12.6218	56.84544
12.6225	56.85077
12.6232	56.85243
12.6239	56.85005
12.6246	56.8433
12.6253	56.83222
12.626	56.81706
12.6267	56.79811
12.6274	56.77542
12.6281	56.74825
12.6288	56.71752
12.6295	56.68444
12.6302	56.64975
12.6309	56.61188
12.6316	56.57221
12.6323	56.5326
12.633	56.49425
12.6337	56.45522
12.6344	56.41692
12.6351	56.38139
12.6358	56.35008
12.6365	56.32139
12.6372	56.29599
12.6379	56.27501
12.6386	56.25941
12.6393	56.24871
12.64	56.24254
12.6407	56.24062
12.6414	56.243
12.6421	56.25058
12.6428	56.26205
12.6435	56.27581
12.6442	56.29094
12.6449	56.30919
12.6456	56.32912
12.6463	56.3488
12.647	56.36697
12.6477	56.38533
12.6484	56.40288
12.6491	56.41817
12.6498	56.43008
12.6505	56.43945
12.6512	56.44635
12.6519	56.45061
12.6526	56.45194
12.6533	56.44991
12.654	56.44546
12.6547	56.43966
12.6554	56.43309
12.6561	56.42441
12.6568	56.41485
12.6575	56.40605
12.6582	56.39909
12.6589	56.39257
12.6596	56.38725
12.6603	56.38429
12.661	56.38457
12.6617	56.38737
12.6624	56.39273
12.6631	56.4009
12.6638	56.4122
12.6645	56.42685
12.6652	56.44421
12.6659	56.46353
12.6666	56.48443
12.6673	56.50788
12.668	56.53297
12.6687	56.55846
12.6694	56.58351
12.6701	56.60943
12.6708	56.63533
12.6715	56.65985
12.6722	56.68203
12.6729	56.70304
12.6736	56.7223
12.6743	56.73881
12.675	56.75184
12.6757	56.76215
12.6764	56.76946
12.6771	56.77319
12.6778	56.77283
12.6785	56.76863
12.6792	56.76073
12.6799	56.74918
12.6806	56.73392
12.6813	56.71447
12.682	56.69145
12.6827	56.66572
12.6834	56.63786
12.6841	56.60652
12.6848	56.57282
12.6855	56.53845
12.6862	56.50477
12.6869	56.46998
12.6876	56.43508
12.6883	56.402
12.689	56.37236
12.6897	56.34454
12.6904	56.31914
12.6911	56.29763
12.6918	56.28139
12.6925	56.26976
12.6932	56.26251
12.6939	56.25981
12.6946	56.26188
12.6953	56.26938
12.696	56.28152
12.6967	56.29714
12.6974	56.31523
12.6981	56.33725
12.6988	56.36243
12.6995	56.38889
12.7002	56.41488
12.7009	56.44175
12.7016	56.46927
12.7023	56.49598
12.703	56.5205
12.7037	56.5435
12.7044	56.56513
12.7051	56.58478
12.7058	56.60183
12.7065	56.61627
12.7072	56.6284
12.7079	56.63841
12.7086	56.64647
12.7093	56.65229
12.71	56.65599
12.7107	56.65804
12.7114	56.65888
12.7121	56.65823
12.7128	56.65605
12.7135	56.65286
12.7142	56.64913
12.7149	56.6446
12.7156	56.63918
12.7163	56.63342
12.717	56.62788
12.7177	56.62221
12.7184	56.61629
12.7191	56.61092
12.7198	56.60687
12.7205	56.60393
12.7212	56.60177
12.7219	56.60117
12.7226	56.60286
12.7233	56.60698
12.724	56.61312
12.7247	56.62145
12.7254	56.63212
12.7261	56.64552
12.7268	56.66157
12.7275	56.67953
12.7282	56.69864
12.7289	56.71905
12.7296	56.74133
12.7303	56.76433
12.731	56.78683
12.7317	56.80855
12.7324	56.83042
12.7331	56.85155
12.7338	56.87098
12.7345	56.88818
12.7352	56.90371
12.7359	56.91764
12.7366	56.92996
12.7373	56.94052
12.738	56.94908
12.7387	56.95626
12.7394	56.96271
12.7401	56.96881
12.7408	56.97407
12.7415	56.9787
12.7422	56.98301
12.7429	56.98735
12.7436	56.99187
12.7443	56.99595
12.745	56.99891
12.7457	57.00039
12.7464	57.00143
12.7471	57.00105
12.7478	56.99792
12.7485	56.99098
12.7492	56.98122
12.7499	56.96838
12.7506	56.9518
12.7513	56.93079
12.752	56.90508
12.7527	56.87547
12.7534	56.84292
12.7541	56.80818
12.7548	56.76958
12.7555	56.72826
12.7562	56.68646
12.7569	56.64625
12.7576	56.60597
12.7583	56.56589
12.759	56.52785
12.7597	56.49365
12.7604	56.46289
12.7611	56.43499
12.7618	56.41015
12.7625	56.38855
12.7632	56.37107
12.7639	56.35712
12.7646	56.34521
12.7653	56.33386
12.766	56.32378
12.7667	56.31536
12.7674	56.30698
12.7681	56.29701
12.7688	56.28512
12.7695	56.27219
12.7702	56.25811
12.7709	56.24276
12.7716	56.22541
12.7723	56.20603
12.773	56.18627
12.7737	56.16779
12.7744	56.15061
12.7751	56.1333
12.7758	56.11799
12.7765	56.1069
12.7772	56.1011
12.7779	56.09904
12.7786	56.10126
12.7793	56.10845
12.78	56.12146
12.7807	56.14049
12.7814	56.16404
12.7821	56.19057
12.7828	56.21941
12.7835	56.25283
12.7842	56.28851
12.7849	56.32354
12.7856	56.35577
12.7863	56.38786
12.787	56.41857
12.7877	56.44569
12.7884	56.4673
12.7891	56.48451
12.7898	56.49758
12.7905	56.50615
12.7912	56.50982
12.7919	56.50784
12.7926	56.50115
12.7933	56.49115
12.794	56.47914
12.7947	56.46374
12.7954	56.44534
12.7961	56.42576
12.7968	56.40678
12.7975	56.38769
12.7982	56.36809
12.7989	56.34909
12.7996	56.33178
12.8003	56.31628
12.801	56.30205
12.8017	56.28912
12.8024	56.27753
12.8031	56.26742
12.8038	56.25876
12.8045	56.25127
12.8052	56.24465
12.8059	56.23875
12.8066	56.23373
12.8073	56.22966
12.808	56.22659
12.8087	56.22441
12.8094	56.22295
12.8101	56.22264
12.8108	56.22394
12.8115	56.2271
12.8122	56.23172
12.8129	56.23802
12.8136	56.24631
12.8143	56.2569
12.815	56.26986
12.8157	56.28477
12.8164	56.3012
12.8171	56.31887
12.8178	56.3388
12.8185	56.36008
12.8192	56.38136
12.8199	56.40147
12.8206	56.42186
12.8213	56.44192
12.822	56.46001
12.8227	56.47459
12.8234	56.48664
12.8241	56.49623
12.8248	56.50218
12.8255	56.50334
12.8262	56.49974
12.8269	56.49188
12.8276	56.4797
12.8283	56.46315
12.829	56.44161
12.8297	56.41521
12.8304	56.38519
12.8311	56.3528
12.8318	56.31762
12.8325	56.27862
12.8332	56.23809
12.8339	56.19834
12.8346	56.15998
12.8353	56.12085
12.836	56.08314
12.8367	56.04924
12.8374	56.02052
12.8381	55.99492
12.8388	55.97352
12.8395	55.95777
12.8402	55.9489
12.8409	55.94632
12.8416	55.94955
12.8423	55.95828
12.843	55.97239
12.8437	55.99321
12.8444	56.01945
12.8451	56.04914
12.8458	56.08049
12.8465	56.11585
12.8472	56.15428
12.8479	56.19286
12.8486	56.22874
12.8493	56.26335
12.85	56.29718
12.8507	56.32816
12.8514	56.35425
12.8521	56.37518
12.8528	56.39203
12.8535	56.40466
12.8542	56.41294
12.8549	56.41612
12.8556	56.41411
12.8563	56.40862
12.857	56.40138
12.8577	56.39272
12.8584	56.38091
12.8591	56.36793
12.8598	56.35592
12.8605	56.34617
12.8612	56.3369
12.8619	56.32891
12.8626	56.32335
12.8633	56.32131
12.864	56.3226
12.8647	56.32645
12.8654	56.33214
12.8661	56.33915
12.8668	56.34896
12.8675	56.36052
12.8682	56.37183
12.8689	56.38102
12.8696	56.38959
12.8703	56.39743
12.871	56.40267
12.8717	56.40346
12.8724	56.39991
12.8731	56.39282
12.8738	56.38181
12.8745	56.36649
12.8752	56.3462
12.8759	56.32113
12.8766	56.29249
12.8773	56.26146
12.878	56.22809
12.8787	56.19112
12.8794	56.1523
12.8801	56.11354
12.8808	56.07582
12.8815	56.03735
12.8822	55.99928
12.8829	55.96314
12.8836	55.93014
12.8843	55.89925
12.885	55.87055
12.8857	55.84453
12.8864	55.82162
12.8871	55.80201
12.8878	55.78523
12.8885	55.77078
12.8892	55.75818
12.8899	55.74809
12.8906	55.74031
12.8913	55.73388
12.892	55.72779
12.8927	55.72238
12.8934	55.71801
12.8941	55.71388
12.8948	55.70914
12.8955	55.70365
12.8962	55.69795
12.8969	55.69166
12.8976	55.68436
12.8983	55.67582
12.899	55.66635
12.8997	55.65587
12.9004	55.6443
12.9011	55.63153
12.9018	55.61756
12.9025	55.6025
12.9032	55.58651
12.9039	55.56969
12.9046	55.55171
12.9053	55.53284
12.906	55.51348
12.9067	55.49402
12.9074	55.47389
12.9081	55.45331
12.9088	55.43303
12.9095	55.41381
12.9102	55.39508
12.9109	55.37669
12.9116	55.35976
12.9123	55.34539
12.913	55.33347
12.9137	55.32321
12.9144	55.31582
12.9151	55.3125
12.9158	55.31379
12.9165	55.31872
12.9172	55.3278
12.9179	55.34168
12.9186	55.36094
12.9193	55.38548
12.92	55.41479
12.9207	55.44836
12.9214	55.48587
12.9221	55.52865
12.9228	55.5756
12.9235	55.62496
12.9242	55.67502
12.9249	55.7277
12.9256	55.78255
12.9263	55.83704
12.927	55.88865
12.9277	55.93823
12.9284	55.98676
12.9291	56.03211
12.9298	56.07211
12.9305	56.10606
12.9312	56.13542
12.9319	56.15967
12.9326	56.17825
12.9333	56.1905
12.934	56.19627
12.9347	56.19671
12.9354	56.19303
12.9361	56.18594
12.9368	56.17361
12.9375	56.15747
12.9382	56.13967
12.9389	56.12213
12.9396	56.103
12.9403	56.08269
12.941	56.06302
12.9417	56.04577
12.9424	56.03053
12.9431	56.01668
12.9438	56.00476
12.9445	55.99534
12.9452	55.98892
12.9459	55.9852
12.9466	55.98341
12.9473	55.98278
12.948	55.9833
12.9487	55.98591
12.9494	55.98931
12.9501	55.99208
12.9508	55.9933
12.9515	55.99432
12.9522	55.99447
12.9529	55.99269
12.9536	55.98804
12.9543	55.9811
12.955	55.97197
12.9557	55.96035
12.9564	55.94594
12.9571	55.92853
12.9578	55.90839
12.9585	55.88592
12.9592	55.86155
12.9599	55.835
12.9606	55.80606
12.9613	55.77549
12.962	55.74406
12.9627	55.71188
12.9634	55.67818
12.9641	55.64384
12.9648	55.60985
12.9655	55.57678
12.9662	55.54355
12.9669	55.51085
12.9676	55.47969
12.9683	55.45091
12.969	55.4236
12.9697	55.39803
12.9704	55.37501
12.9711	55.35533
12.9718	55.33878
12.9725	55.32509
12.9732	55.31449
12.9739	55.30718
12.9746	55.30354
12.9753	55.30343
12.976	55.3062
12.9767	55.31119
12.9774	55.31844
12.9781	55.32881
12.9788	55.34106
12.9795	55.35381
12.9802	55.36615
12.9809	55.37954
12.9816	55.39317
12.9823	55.40582
12.983	55.41633
12.9837	55.42541
12.9844	55.43317
12.9851	55.43919
12.9858	55.44304
12.9865	55.44441
12.9872	55.44365
12.9879	55.44128
12.9886	55.43784
12.9893	55.4332
12.99	55.42691
12.9907	55.41979
12.9914	55.41266
12.9921	55.40596
12.9928	55.39902
12.9935	55.39211
12.9942	55.38566
12.9949	55.38006
12.9956	55.37529
12.9963	55.37105
12.997	55.367
12.9977	55.36286
12.9984	55.35909
12.9991	55.35553
12.9998	55.35154
13.0005	55.34646
13.0012	55.34032
13.0019	55.33345
13.0026	55.3256
13.0033	55.31652
13.004	55.30594
13.0047	55.29394
13.0054	55.28086
13.0061	55.26704
13.0068	55.25267
13.0075	55.23718
13.0082	55.22105
13.0089	55.20492
13.0096	55.18934
13.0103	55.17387
13.011	55.15854
13.0117	55.14371
13.0124	55.12974
13.0131	55.11663
13.0138	55.1042
13.0145	55.09249
13.0152	55.08153
13.0159	55.07128
13.0166	55.06171
13.0173	55.05293
13.018	55.04503
13.0187	55.03802
13.0194	55.03163
13.0201	55.0262
13.0208	55.02213
13.0215	55.01975
13.0222	55.01861
13.0229	55.0189
13.0236	55.02106
13.0243	55.02553
13.025	55.03246
13.0257	55.04156
13.0264	55.05252
13.0271	55.06504
13.0278	55.07959
13.0285	55.09653
13.0292	55.11448
13.0299	55.13202
13.0306	55.14864
13.0313	55.16606
13.032	55.18274
13.0327	55.19684
13.0334	55.20677
13.0341	55.21388
13.0348	55.21805
13.0355	55.21849
13.0362	55.21441
13.0369	55.20508
13.0376	55.19129
13.0383	55.17435
13.039	55.15555
13.0397	55.13408
13.0404	55.10886
13.0411	55.08275
13.0418	55.05867
13.0425	55.03792
13.0432	55.01744
13.0439	54.99944
13.0446	54.98668
13.0453	54.98157
13.046	54.98244
13.0467	54.98909
13.0474	55.00221
13.0481	55.02248
13.0488	55.05116
13.0495	55.08725
13.0502	55.12864
13.0509	55.17321
13.0516	55.22191
13.0523	55.27654
13.053	55.33318
13.0537	55.38777
13.0544	55.43827
13.0551	55.48888
13.0558	55.53689
13.0565	55.57877
13.0572	55.61138
13.0579	55.63714
13.0586	55.65603
13.0593	55.66663
13.06	55.66748
13.0607	55.65792
13.0614	55.63894
13.0621	55.61172
13.0628	55.57743
13.0635	55.53551
13.0642	55.48464
13.0649	55.42753
13.0656	55.36698
13.0663	55.30451
13.067	55.2366
13.0677	55.16578
13.0684	55.09548
13.0691	55.0288
13.0698	54.96287
13.0705	54.89811
13.0712	54.83713
13.0719	54.78253
13.0726	54.73395
13.0733	54.69012
13.074	54.65225
13.0747	54.62153
13.0754	54.59876
13.0761	54.5833
13.0768	54.57465
13.0775	54.57232
13.0782	54.57616
13.0789	54.58754
13.0796	54.60511
13.0803	54.62701
13.081	54.65148
13.0817	54.68067
13.0824	54.71411
13.0831	54.74909
13.0838	54.78288
13.0845	54.81567
13.0852	54.84928
13.0859	54.88156
13.0866	54.91035
13.0873	54.93436
13.088	54.9553
13.0887	54.97272
13.0894	54.98588
13.0901	54.99404
13.0908	54.99699
13.0915	54.99544
13.0922	54.9902
13.0929	54.98207
13.0936	54.97016
13.0943	54.9544
13.095	54.93633
13.0957	54.91747
13.0964	54.89815
13.0971	54.87701
13.0978	54.8552
13.0985	54.83398
13.0992	54.81432
13.0999	54.79534
13.1006	54.77707
13.1013	54.75986
13.102	54.74403
13.1027	54.72963
13.1034	54.71646
13.1041	54.70434
13.1048	54.6931
13.1055	54.68267
13.1062	54.67316
13.1069	54.66459
13.1076	54.657
13.1083	54.65029
13.109	54.64412
13.1097	54.63904
13.1104	54.63567
13.1111	54.63452
13.1118	54.63482
13.1125	54.63689
13.1132	54.64152
13.1139	54.64952
13.1146	54.66091
13.1153	54.67525
13.116	54.69268
13.1167	54.71331
13.1174	54.73751
13.1181	54.76552
13.1188	54.79646
13.1195	54.82938
13.1202	54.86364
13.1209	54.90083
13.1216	54.93989
13.1223	54.97907
13.123	55.01663
13.1237	55.05364
13.1244	55.09046
13.1251	55.12558
13.1258	55.15748
13.1265	55.18577
13.1272	55.21165
13.1279	55.23437
13.1286	55.25312
13.1293	55.26723
13.13	55.27717
13.1307	55.28307
13.1314	55.28496
13.1321	55.28281
13.1328	55.27634
13.1335	55.26572
13.1342	55.25144
13.1349	55.23397
13.1356	55.2132
13.1363	55.18874
13.137	55.16123
13.1377	55.13132
13.1384	55.09934
13.1391	55.06444
13.1398	55.02726
13.1405	54.98863
13.1412	54.94935
13.1419	54.90823
13.1426	54.86567
13.1433	54.82307
13.144	54.7818
13.1447	54.7415
13.1454	54.70125
13.1461	54.66258
13.1468	54.62704
13.1475	54.59547
13.1482	54.5663
13.1489	54.54038
13.1496	54.51889
13.1503	54.50292
13.151	54.49197
13.1517	54.48576
13.1524	54.48442
13.1531	54.4881
13.1538	54.49733
13.1545	54.51201
13.1552	54.53113
13.1559	54.55371
13.1566	54.57945
13.1573	54.60972
13.158	54.64322
13.1587	54.67837
13.1594	54.71378
13.1601	54.75088
13.1608	54.78941
13.1615	54.82809
13.1622	54.86568
13.1629	54.90226
13.1636	54.93854
13.1643	54.97392
13.165	55.00778
13.1657	55.03976
13.1664	55.07033
13.1671	55.09939
13.1678	55.1268
13.1685	55.1524
13.1692	55.17641
13.1699	55.19875
13.1706	55.21921
13.1713	55.23758
13.172	55.25409
13.1727	55.26883
13.1734	55.28132
13.1741	55.29106
13.1748	55.29783
13.1755	55.30222
13.1762	55.3038
13.1769	55.30204
13.1776	55.29646
13.1783	55.28733
13.179	55.27475
13.1797	55.25857
13.1804	55.23866
13.1811	55.21467
13.1818	55.18668
13.1825	55.15533
13.1832	55.12125
13.1839	55.08461
13.1846	55.0444
13.1853	55.00161
13.186	54.95744
13.1867	54.913
13.1874	54.86683
13.1881	54.81934
13.1888	54.7721
13.1895	54.72668
13.1902	54.68289
13.1909	54.63967
13.1916	54.5983
13.1923	54.56014
13.193	54.52603
13.1937	54.49474
13.1944	54.46672
13.1951	54.44269
13.1958	54.42335
13.1965	54.40859
13.1972	54.39808
13.1979	54.39175
13.1986	54.38949
13.1993	54.39166
13.2	54.39847
13.2007	54.40901
13.2014	54.42237
13.2021	54.43806
13.2028	54.45755
13.2035	54.47975
13.2042	54.50306
13.2049	54.52591
13.2056	54.54955
13.2063	54.57412
13.207	54.59808
13.2077	54.61991
13.2084	54.63917
13.2091	54.65717
13.2098	54.6731
13.2105	54.68604
13.2112	54.6952
13.2119	54.70102
13.2126	54.70373
13.2133	54.70341
13.214	54.70014
13.2147	54.69339
13.2154	54.68328
13.2161	54.67071
13.2168	54.65658
13.2175	54.64106
13.2182	54.62302
13.2189	54.60358
13.2196	54.58404
13.2203	54.5655
13.221	54.54678
13.2217	54.52811
13.2224	54.51046
13.2231	54.49482
13.2238	54.48116
13.2245	54.46888
13.2252	54.45844
13.2259	54.45028
13.2266	54.44474
13.2273	54.44154
13.228	54.44061
13.2287	54.44195
13.2294	54.44554
13.2301	54.45164
13.2308	54.46009
13.2315	54.47052
13.2322	54.48259
13.2329	54.49644
13.2336	54.51245
13.2343	54.52992
13.235	54.54814
13.2357	54.56659
13.2364	54.58623
13.2371	54.60655
13.2378	54.62669
13.2385	54.64577
13.2392	54.66423
13.2399	54.68236
13.2406	54.69948
13.2413	54.7149
13.242	54.72824
13.2427	54.73997
13.2434	54.75009
13.2441	54.75856
13.2448	54.76528
13.2455	54.76971
13.2462	54.77233
13.2469	54.77398
13.2476	54.77547
13.2483	54.77635
13.249	54.77598
13.2497	54.77579
13.2504	54.77722
13.2511	54.78121
13.2518	54.78627
13.2525	54.79303
13.2532	54.80255
13.2539	54.81587
13.2546	54.83288
13.2553	54.8531
13.256	54.87646
13.2567	54.90291
13.2574	54.93282
13.2581	54.96668
13.2588	55.00328
13.2595	55.04138
13.2602	55.07994
13.2609	55.12062
13.2616	55.16275
13.2623	55.2047
13.263	55.24486
13.2637	55.2835
13.2644	55.32161
13.2651	55.35804
13.2658	55.3916
13.2665	55.42144
13.2672	55.44837
13.2679	55.47245
13.2686	55.49353
13.2693	55.51146
13.27	55.52589
13.2707	55.53709
13.2714	55.54561
13.2721	55.55201
13.2728	55.55636
13.2735	55.55805
13.2742	55.55769
13.2749	55.55596
13.2756	55.55343
13.2763	55.54956
13.277	55.5444
13.2777	55.53831
13.2784	55.53165
13.2791	55.5244
13.2798	55.51632
13.2805	55.50763
13.2812	55.49856
13.2819	55.48921
13.2826	55.47921
13.2833	55.46885
13.284	55.45853
13.2847	55.44865
13.2854	55.43872
13.2861	55.42876
13.2868	55.41945
13.2875	55.41149
13.2882	55.40506
13.2889	55.3994
13.2896	55.39513
13.2903	55.39296
13.291	55.39354
13.2917	55.39641
13.2924	55.4015
13.2931	55.40908
13.2938	55.41945
13.2945	55.43283
13.2952	55.44908
13.2959	55.46789
13.2966	55.48894
13.2973	55.51204
13.298	55.53783
13.2987	55.56584
13.2994	55.59538
13.3001	55.62576
13.3008	55.65742
13.3015	55.69062
13.3022	55.72456
13.3029	55.75843
13.3036	55.79186
13.3043	55.82585
13.305	55.85972
13.3057	55.89262
13.3064	55.92373
13.3071	55.95379
13.3078	55.98282
13.3085	56.01002
13.3092	56.03459
13.3099	56.05635
13.3106	56.07612
13.3113	56.09324
13.312	56.10697
13.3127	56.11665
13.3134	56.1227
13.3141	56.12524
13.3148	56.12411
13.3155	56.11914
13.3162	56.10989
13.3169	56.09639
13.3176	56.07945
13.3183	56.05989
13.319	56.03816
13.3197	56.01262
13.3204	55.98449
13.3211	55.95554
13.3218	55.92758
13.3225	55.89961
13.3232	55.87088
13.3239	55.84324
13.3246	55.81857
13.3253	55.79797
13.326	55.77962
13.3267	55.76422
13.3274	55.75287
13.3281	55.74665
13.3288	55.74567
13.3295	55.74929
13.3302	55.75708
13.3309	55.76863
13.3316	55.78415
13.3323	55.8046
13.333	55.82852
13.3337	55.85434
13.3344	55.88062
13.3351	55.90919
13.3358	55.93965
13.3365	55.97017
13.3372	55.99893
13.3379	56.02552
13.3386	56.05145
13.3393	56.07584
13.34	56.09773
13.3407	56.11626
13.3414	56.13177
13.3421	56.14462
13.3428	56.15497
13.3435	56.16295
13.3442	56.16819
13.3449	56.17054
13.3456	56.17083
13.3463	56.16992
13.347	56.16839
13.3477	56.16519
13.3484	56.16083
13.3491	56.15614
13.3498	56.152
13.3505	56.14822
13.3512	56.14437
13.3519	56.14086
13.3526	56.13811
13.3533	56.13646
13.354	56.13569
13.3547	56.13567
13.3554	56.13627
13.3561	56.13737
13.3568	56.13924
13.3575	56.14184
13.3582	56.14478
13.3589	56.14766
13.3596	56.15033
13.3603	56.15326
13.361	56.15612
13.3617	56.15852
13.3624	56.16008
13.3631	56.16108
13.3638	56.16156
13.3645	56.16127
13.3652	56.15994
13.3659	56.15741
13.3666	56.15385
13.3673	56.14931
13.368	56.14382
13.3687	56.1374
13.3694	56.12976
13.3701	56.12107
13.3708	56.11174
13.3715	56.10215
13.3722	56.09222
13.3729	56.0814
13.3736	56.07046
13.3743	56.06016
13.375	56.0512
13.3757	56.04265
13.3764	56.03476
13.3771	56.02837
13.3778	56.02434
13.3785	56.02279
13.3792	56.02301
13.3799	56.02549
13.3806	56.03076
13.3813	56.03928
13.382	56.05086
13.3827	56.06531
13.3834	56.08257
13.3841	56.10259
13.3848	56.1256
13.3855	56.15173
13.3862	56.18042
13.3869	56.21109
13.3876	56.24334
13.3883	56.27801
13.389	56.3147
13.3897	56.35256
13.3904	56.39077
13.3911	56.42947
13.3918	56.46926
13.3925	56.50945
13.3932	56.5493
13.3939	56.58828
13.3946	56.62716
13.3953	56.6657
13.396	56.70332
13.3967	56.73946
13.3974	56.77428
13.3981	56.80816
13.3988	56.84058
13.3995	56.87101
13.4002	56.89909
13.4009	56.92535
13.4016	56.94963
13.4023	56.97154
13.403	56.99069
13.4037	57.00705
13.4044	57.02086
13.4051	57.03206
13.4058	57.0406
13.4065	57.04635
13.4072	57.04903
13.4079	57.04903
13.4086	57.04685
13.4093	57.04298
13.41	57.03694
13.4107	57.02846
13.4114	57.01854
13.4121	57.00817
13.4128	56.99802
13.4135	56.98686
13.4142	56.97525
13.4149	56.96419
13.4156	56.95466
13.4163	56.94663
13.417	56.93951
13.4177	56.93358
13.4184	56.92912
13.4191	56.92646
13.4198	56.92582
13.4205	56.92668
13.4212	56.9284
13.4219	56.93035
13.4226	56.93306
13.4233	56.93687
13.424	56.94071
13.4247	56.94351
13.4254	56.94447
13.4261	56.94465
13.4268	56.94377
13.4275	56.94124
13.4282	56.93647
13.4289	56.92909
13.4296	56.91947
13.4303	56.90812
13.431	56.89553
13.4317	56.88192
13.4324	56.8661
13.4331	56.84901
13.4338	56.83199
13.4345	56.81644
13.4352	56.80176
13.4359	56.78703
13.4366	56.77385
13.4373	56.76379
13.438	56.75813
13.4387	56.7555
13.4394	56.75605
13.4401	56.76044
13.4408	56.76933
13.4415	56.78324
13.4422	56.8018
13.4429	56.82428
13.4436	56.84997
13.4443	56.87844
13.445	56.91137
13.4457	56.94763
13.4464	56.98537
13.4471	57.02272
13.4478	57.06007
13.4485	57.09898
13.4492	57.13746
13.4499	57.1735
13.4506	57.2054
13.4513	57.23522
13.452	57.26255
13.4527	57.28589
13.4534	57.30374
13.4541	57.31564
13.4548	57.32269
13.4555	57.32469
13.4562	57.32139
13.4569	57.31251
13.4576	57.29744
13.4583	57.27684
13.459	57.25169
13.4597	57.22299
13.4604	57.19047
13.4611	57.15286
13.4618	57.11191
13.4625	57.0695
13.4632	57.02731
13.4639	56.98336
13.4646	56.93791
13.4653	56.89282
13.466	56.84993
13.4667	56.80984
13.4674	56.77065
13.4681	56.73352
13.4688	56.6998
13.4695	56.6708
13.4702	56.64594
13.4709	56.6248
13.4716	56.60768
13.4723	56.59493
13.473	56.58687
13.4737	56.58357
13.4744	56.58449
13.4751	56.5891
13.4758	56.59686
13.4765	56.60853
13.4772	56.62409
13.4779	56.64252
13.4786	56.66281
13.4793	56.68441
13.48	56.70853
13.4807	56.73454
13.4814	56.76154
13.4821	56.78862
13.4828	56.81616
13.4835	56.8446
13.4842	56.87325
13.4849	56.90144
13.4856	56.92867
13.4863	56.95559
13.487	56.98205
13.4877	57.00771
13.4884	57.03222
13.4891	57.05553
13.4898	57.07787
13.4905	57.0992
13.4912	57.11948
13.4919	57.13864
13.4926	57.1565
13.4933	57.17327
13.494	57.18922
13.4947	57.20467
13.4954	57.21946
13.4961	57.23326
13.4968	57.24662
13.4975	57.26015
13.4982	57.27435
13.4989	57.28848
13.4996	57.30272
13.5003	57.31778
13.501	57.33435
13.5017	57.35274
13.5024	57.37229
13.5031	57.39326
13.5038	57.41594
13.5045	57.44065
13.5052	57.46767
13.5059	57.49668
13.5066	57.52718
13.5073	57.55868
13.508	57.59113
13.5087	57.62559
13.5094	57.66101
13.5101	57.69608
13.5108	57.7295
13.5115	57.76212
13.5122	57.79447
13.5129	57.82519
13.5136	57.85293
13.5143	57.87667
13.515	57.8978
13.5157	57.91597
13.5164	57.9304
13.5171	57.94031
13.5178	57.94534
13.5185	57.94598
13.5192	57.94256
13.5199	57.93542
13.5206	57.92477
13.5213	57.90962
13.522	57.89058
13.5227	57.86881
13.5234	57.84543
13.5241	57.82056
13.5248	57.79293
13.5255	57.76367
13.5262	57.73402
13.5269	57.70513
13.5276	57.67629
13.5283	57.64722
13.529	57.61846
13.5297	57.59053
13.5304	57.56385
13.5311	57.53811
13.5318	57.51312
13.5325	57.48872
13.5332	57.46474
13.5339	57.44142
13.5346	57.4188
13.5353	57.3965
13.536	57.37418
13.5367	57.35152
13.5374	57.32875
13.5381	57.30595
13.5388	57.28312
13.5395	57.26029
13.5402	57.23719
13.5409	57.21372
13.5416	57.19044
13.5423	57.1679
13.543	57.1466
13.5437	57.12575
13.5444	57.10559
13.5451	57.08682
13.5458	57.0702
13.5465	57.05597
13.5472	57.04342
13.5479	57.0329
13.5486	57.02487
13.5493	57.01978
13.55	57.0176
13.5507	57.0181
13.5514	57.0212
13.5521	57.0268
13.5528	57.03493
13.5535	57.04597
13.5542	57.05951
13.5549	57.07507
13.5556	57.09215
13.5563	57.11102
13.557	57.13206
13.5577	57.15455
13.5584	57.17783
13.5591	57.20129
13.5598	57.22576
13.5605	57.25103
13.5612	57.27647
13.5619	57.30143
13.5626	57.32584
13.5633	57.35042
13.564	57.37456
13.5647	57.39757
13.5654	57.41881
13.5661	57.43878
13.5668	57.45763
13.5675	57.47481
13.5682	57.48977
13.5689	57.50214
13.5696	57.5124
13.5703	57.52049
13.571	57.52622
13.5717	57.52944
13.5724	57.52986
13.5731	57.52759
13.5738	57.52306
13.5745	57.51668
13.5752	57.50876
13.5759	57.49842
13.5766	57.4861
13.5773	57.47274
13.578	57.4593
13.5787	57.44589
13.5794	57.43131
13.5801	57.41663
13.5808	57.40299
13.5815	57.39157
13.5822	57.38165
13.5829	57.37288
13.5836	57.366
13.5843	57.36175
13.585	57.36071
13.5857	57.36237
13.5864	57.36663
13.5871	57.37351
13.5878	57.38303
13.5885	57.39552
13.5892	57.41107
13.5899	57.42902
13.5906	57.44871
13.5913	57.46957
13.592	57.49261
13.5927	57.51753
13.5934	57.54335
13.5941	57.56908
13.5948	57.59443
13.5955	57.62066
13.5962	57.64688
13.5969	57.67198
13.5976	57.69486
13.5983	57.71606
13.599	57.73609
13.5997	57.75412
13.6004	57.76932
13.6011	57.78102
13.6018	57.78996
13.6025	57.79607
13.6032	57.79899
13.6039	57.79834
13.6046	57.7938
13.6053	57.78552
13.606	57.77389
13.6067	57.75929
13.6074	57.7421
13.6081	57.72137
13.6088	57.69735
13.6095	57.67121
13.6102	57.64413
13.6109	57.61671
13.6116	57.58704
13.6123	57.55632
13.613	57.52629
13.6137	57.49869
13.6144	57.47332
13.6151	57.44876
13.6158	57.42634
13.6165	57.40743
13.6172	57.39332
13.6179	57.38332
13.6186	57.37704
13.6193	57.37468
13.62	57.37643
13.6207	57.38277
13.6214	57.39429
13.6221	57.40978
13.6228	57.42791
13.6235	57.44733
13.6242	57.4692
13.6249	57.49431
13.6256	57.52046
13.6263	57.54544
13.627	57.56744
13.6277	57.58921
13.6284	57.61002
13.6291	57.62765
13.6298	57.63988
13.6305	57.64576
13.6312	57.6474
13.6319	57.64404
13.6326	57.63467
13.6333	57.6183
13.634	57.59458
13.6347	57.56416
13.6354	57.52764
13.6361	57.48562
13.6368	57.43839
13.6375	57.38422
13.6382	57.3243
13.6389	57.26055
13.6396	57.19489
13.6403	57.12745
13.641	57.05594
13.6417	56.9824
13.6424	56.90904
13.6431	56.83805
13.6438	56.76779
13.6445	56.69761
13.6452	56.62945
13.6459	56.56525
13.6466	56.50649
13.6473	56.45137
13.648	56.40011
13.6487	56.35359
13.6494	56.31265
13.6501	56.2778
13.6508	56.24849
13.6515	56.22441
13.6522	56.20524
13.6529	56.19071
13.6536	56.1818
13.6543	56.17826
13.655	56.17879
13.6557	56.18211
13.6564	56.18741
13.6571	56.19661
13.6578	56.20875
13.6585	56.22225
13.6592	56.23549
13.6599	56.24838
13.6606	56.26249
13.6613	56.27659
13.662	56.2894
13.6627	56.29962
13.6634	56.30778
13.6641	56.31439
13.6648	56.31909
13.6655	56.32155
13.6662	56.32141
13.6669	56.31849
13.6676	56.31329
13.6683	56.30637
13.669	56.29829
13.6697	56.28891
13.6704	56.27752
13.6711	56.265
13.6718	56.25225
13.6725	56.24018
13.6732	56.22831
13.6739	56.21634
13.6746	56.20465
13.6753	56.19362
13.676	56.18365
13.6767	56.1748
13.6774	56.16666
13.6781	56.15877
13.6788	56.15064
13.6795	56.14244
13.6802	56.13484
13.6809	56.12696
13.6816	56.11789
13.6823	56.10672
13.683	56.09401
13.6837	56.08008
13.6844	56.0643
13.6851	56.04606
13.6858	56.02477
13.6865	56.00064
13.6872	55.97398
13.6879	55.94507
13.6886	55.91416
13.6893	55.88107
13.69	55.84522
13.6907	55.80746
13.6914	55.76872
13.6921	55.72991
13.6928	55.69042
13.6935	55.64985
13.6942	55.60909
13.6949	55.56903
13.6956	55.53044
13.6963	55.4927
13.697	55.45569
13.6977	55.41959
13.6984	55.38458
13.6991	55.35089
13.6998	55.31859
13.7005	55.28729
13.7012	55.25661
13.7019	55.22614
13.7026	55.19602
13.7033	55.1665
13.704	55.1373
13.7047	55.10812
13.7054	55.07868
13.7061	55.04874
13.7068	55.01865
13.7075	54.98889
13.7082	54.95993
13.7089	54.93183
13.7096	54.90347
13.7103	54.87587
13.711	54.85028
13.7117	54.82795
13.7124	54.80861
13.7131	54.79119
13.7138	54.77682
13.7145	54.76668
13.7152	54.76188
13.7159	54.76184
13.7166	54.76619
13.7173	54.77523
13.718	54.78928
13.7187	54.80872
13.7194	54.83395
13.7201	54.86424
13.7208	54.89871
13.7215	54.93651
13.7222	54.97782
13.7229	55.02383
13.7236	55.07314
13.7243	55.1243
13.725	55.17584
13.7257	55.22895
13.7264	55.28415
13.7271	55.33988
13.7278	55.3946
13.7285	55.44703
13.7292	55.49887
13.7299	55.54983
13.7306	55.59877
13.7313	55.64456
13.732	55.68671
13.7327	55.72653
13.7334	55.76338
13.7341	55.79643
13.7348	55.82484
13.7355	55.84884
13.7362	55.86909
13.7369	55.88485
13.7376	55.89542
13.7383	55.90011
13.739	55.89941
13.7397	55.89346
13.7404	55.88198
13.7411	55.86463
13.7418	55.84107
13.7425	55.81108
13.7432	55.77521
13.7439	55.7341
13.7446	55.68838
13.7453	55.63766
13.746	55.58082
13.7467	55.51951
13.7474	55.45545
13.7481	55.39039
13.7488	55.32265
13.7495	55.25158
13.7502	55.17955
13.7509	55.10892
13.7516	55.04171
13.7523	54.97525
13.753	54.90994
13.7537	54.84772
13.7544	54.79056
13.7551	54.73968
13.7558	54.69339
13.7565	54.65183
13.7572	54.61541
13.7579	54.58455
13.7586	54.55989
13.7593	54.54135
13.76	54.52788
13.7607	54.51845
13.7614	54.51203
13.7621	54.51006
13.7628	54.51258
13.7635	54.51788
13.7642	54.52427
13.7649	54.53045
13.7656	54.53841
13.7663	54.54767
13.767	54.55687
13.7677	54.56465
13.7684	54.57034
13.7691	54.57526
13.7698	54.57905
13.7705	54.58114
13.7712	54.58098
13.7719	54.57844
13.7726	54.57388
13.7733	54.56738
13.774	54.55899
13.7747	54.54877
13.7754	54.53661
13.7761	54.52252
13.7768	54.50665
13.7775	54.48911
13.7782	54.47002
13.7789	54.4493
13.7796	54.42693
13.7803	54.40288
13.781	54.37716
13.7817	54.34971
13.7824	54.32043
13.7831	54.28951
13.7838	54.2571
13.7845	54.22341
13.7852	54.18795
13.7859	54.15053
13.7866	54.11203
13.7873	54.07337
13.788	54.03537
13.7887	53.99665
13.7894	53.95738
13.7901	53.91903
13.7908	53.8831
13.7915	53.85065
13.7922	53.81968
13.7929	53.79088
13.7936	53.76569
13.7943	53.74558
13.795	53.7313
13.7957	53.72159
13.7964	53.71659
13.7971	53.71661
13.7978	53.72195
13.7985	53.73336
13.7992	53.75078
13.7999	53.77295
13.8006	53.79859
13.8013	53.82649
13.802	53.85871
13.8027	53.89508
13.8034	53.93327
13.8041	53.97094
13.8048	54.00626
13.8055	54.04209
13.8062	54.07774
13.8069	54.11124
13.8076	54.14066
13.8083	54.1649
13.809	54.18581
13.8097	54.20303
13.8104	54.21591
13.8111	54.22383
13.8118	54.22611
13.8125	54.223
13.8132	54.21548
13.8139	54.20448
13.8146	54.19097
13.8153	54.17359
13.816	54.15218
13.8167	54.12849
13.8174	54.10424
13.8181	54.08092
13.8188	54.05654
13.8195	54.03138
13.8202	54.00687
13.8209	53.98448
13.8216	53.96521
13.8223	53.94773
13.823	53.93215
13.8237	53.91888
13.8244	53.90831
13.8251	53.90077
13.8258	53.89611
13.8265	53.89394
13.8272	53.89387
13.8279	53.8955
13.8286	53.8991
13.8293	53.90493
13.83	53.91249
13.8307	53.92132
13.8314	53.93095
13.8321	53.94157
13.8328	53.95338
13.8335	53.96633
13.8342	53.98038
13.8349	53.99546
13.8356	54.0114
13.8363	54.0284
13.837	54.04672
13.8377	54.06663
13.8384	54.08831
13.8391	54.11155
13.8398	54.13632
13.8405	54.16261
13.8412	54.1904
13.8419	54.2201
13.8426	54.25192
13.8433	54.28505
13.844	54.31865
13.8447	54.35187
13.8454	54.38573
13.8461	54.42052
13.8468	54.45484
13.8475	54.48733
13.8482	54.51674
13.8489	54.54451
13.8496	54.57062
13.8503	54.59398
13.851	54.61353
13.8517	54.62838
13.8524	54.63924
13.8531	54.64634
13.8538	54.64973
13.8545	54.64945
13.8552	54.64515
13.8559	54.63614
13.8566	54.62354
13.8573	54.60856
13.858	54.59242
13.8587	54.57464
13.8594	54.55395
13.8601	54.53197
13.8608	54.51038
13.8615	54.49083
13.8622	54.47254
13.8629	54.45472
13.8636	54.43825
13.8643	54.42404
13.865	54.41296
13.8657	54.40495
13.8664	54.39946
13.8671	54.39607
13.8678	54.39438
13.8685	54.39426
13.8692	54.39704
13.8699	54.40176
13.8706	54.40696
13.8713	54.41122
13.872	54.41399
13.8727	54.41711
13.8734	54.41958
13.8741	54.42016
13.8748	54.41758
13.8755	54.41149
13.8762	54.40288
13.8769	54.39162
13.8776	54.37758
13.8783	54.36058
13.879	54.33987
13.8797	54.31562
13.8804	54.289
13.8811	54.26119
13.8818	54.23323
13.8825	54.20336
13.8832	54.17178
13.8839	54.1403
13.8846	54.1107
13.8853	54.08438
13.886	54.05916
13.8867	54.03551
13.8874	54.01489
13.8881	53.99877
13.8888	53.98811
13.8895	53.98152
13.8902	53.97916
13.8909	53.98145
13.8916	53.98881
13.8923	54.00166
13.893	54.01993
13.8937	54.04305
13.8944	54.07043
13.8951	54.10151
13.8958	54.13686
13.8965	54.17709
13.8972	54.22092
13.8979	54.26706
13.8986	54.31425
13.8993	54.36381
13.9	54.41612
13.9007	54.46959
13.9014	54.52266
13.9021	54.57387
13.9028	54.62506
13.9035	54.67612
13.9042	54.72563
13.9049	54.77219
13.9056	54.81467
13.9063	54.85451
13.907	54.89156
13.9077	54.92516
13.9084	54.95464
13.9091	54.97948
13.9098	55.00005
13.9105	55.01663
13.9112	55.02946
13.9119	55.03879
13.9126	55.04438
13.9133	55.04566
13.914	55.04347
13.9147	55.03873
13.9154	55.03236
13.9161	55.02402
13.9168	55.01291
13.9175	54.99996
13.9182	54.98616
13.9189	54.97247
13.9196	54.95843
13.9203	54.9436
13.921	54.92842
13.9217	54.91338
13.9224	54.89893
13.9231	54.88499
13.9238	54.87132
13.9245	54.85777
13.9252	54.84422
13.9259	54.83058
13.9266	54.81712
13.9273	54.8037
13.928	54.79011
13.9287	54.77609
13.9294	54.76142
13.9301	54.74608
13.9308	54.73033
13.9315	54.71444
13.9322	54.69868
13.9329	54.68296
13.9336	54.66659
13.9343	54.65033
13.935	54.63501
13.9357	54.62148
13.9364	54.60969
13.9371	54.59873
13.9378	54.58934
13.9385	54.58231
13.9392	54.57842
13.9399	54.5778
13.9406	54.57993
13.9413	54.5847
13.942	54.59201
13.9427	54.60175
13.9434	54.61486
13.9441	54.63109
13.9448	54.64924
13.9455	54.66808
13.9462	54.68652
13.9469	54.70622
13.9476	54.72698
13.9483	54.74738
13.949	54.76601
13.9497	54.78167
13.9504	54.79564
13.9511	54.80796
13.9518	54.81811
13.9525	54.82557
13.9532	54.82977
13.9539	54.83048
13.9546	54.82847
13.9553	54.82464
13.956	54.81983
13.9567	54.81416
13.9574	54.80605
13.9581	54.79678
13.9588	54.78786
13.9595	54.78082
13.9602	54.77592
13.9609	54.77156
13.9616	54.76862
13.9623	54.76806
13.963	54.77083
13.9637	54.77743
13.9644	54.78723
13.9651	54.79972
13.9658	54.81438
13.9665	54.8307
13.9672	54.84981
13.9679	54.87188
13.9686	54.89529
13.9693	54.91843
13.97	54.93974
13.9707	54.96078
13.9714	54.98189
13.9721	55.0016
13.9728	55.01842
13.9735	55.031
13.9742	55.04011
13.9749	55.04623
13.9756	55.04925
13.9763	55.04909
13.977	55.04549
13.9777	55.03753
13.9784	55.02607
13.9791	55.01239
13.9798	54.99777
13.9805	54.9829
13.9812	54.96571
13.9819	54.94721
13.9826	54.929
13.9833	54.91271
13.984	54.89915
13.9847	54.88658
13.9854	54.87551
13.9861	54.86674
13.9868	54.86107
13.9875	54.85907
13.9882	54.86033
13.9889	54.86435
13.9896	54.87067
13.9903	54.87882
13.991	54.88924
13.9917	54.90267
13.9924	54.9179
13.9931	54.93366
13.9938	54.94872
13.9945	54.96368
13.9952	54.97959
13.9959	54.99509
13.9966	55.00878
13.9973	55.01929
13.998	55.02726
13.9987	55.03343
13.9994	55.03705
14.0001	55.03732
14.0008	55.03349
14.0015	55.02572
14.0022	55.0144
14.0029	54.99962
14.0036	54.98141
14.0043	54.95982
14.005	54.934
14.0057	54.9044
14.0064	54.872
14.0071	54.83777
14.0078	54.80246
14.0085	54.76424
14.0092	54.72375
14.0099	54.68259
14.0106	54.64234
14.0113	54.60408
14.012	54.56533
14.0127	54.527
14.0134	54.49094
14.0141	54.45902
14.0148	54.43241
14.0155	54.40903
14.0162	54.38936
14.0169	54.37441
14.0176	54.36519
14.0183	54.36249
14.019	54.3659
14.0197	54.3748
14.0204	54.38858
14.0211	54.40667
14.0218	54.42949
14.0225	54.45864
14.0232	54.49217
14.0239	54.52788
14.0246	54.56357
14.0253	54.59935
14.026	54.63794
14.0267	54.67709
14.0274	54.71437
14.0281	54.74736
14.0288	54.77597
14.0295	54.80239
14.0302	54.82547
14.0309	54.84401
14.0316	54.85681
14.0323	54.86307
14.033	54.8635
14.0337	54.85924
14.0344	54.85139
14.0351	54.84108
14.0358	54.82641
14.0365	54.80683
14.0372	54.78508
14.0379	54.76393
14.0386	54.7461
14.0393	54.72923
14.04	54.7123
14.0407	54.69783
14.0414	54.68834
14.0421	54.68628
14.0428	54.69069
14.0435	54.70043
14.0442	54.71577
14.0449	54.73696
14.0456	54.76434
14.0463	54.79968
14.047	54.84183
14.0477	54.88851
14.0484	54.93739
14.0491	54.98659
14.0498	55.03999
14.0505	55.0966
14.0512	55.15313
14.0519	55.20629
14.0526	55.25338
14.0533	55.29819
14.054	55.34029
14.0547	55.37744
14.0554	55.4074
14.0561	55.42829
14.0568	55.44154
14.0575	55.44774
14.0582	55.447
14.0589	55.4394
14.0596	55.42466
14.0603	55.40123
14.061	55.37062
14.0617	55.33481
14.0624	55.29578
14.0631	55.25441
14.0638	55.20728
14.0645	55.15627
14.0652	55.1041
14.0659	55.05347
14.0666	55.0057
14.0673	54.95746
14.068	54.90999
14.0687	54.86514
14.0694	54.82476
14.0701	54.7898
14.0708	54.75844
14.0715	54.73099
14.0722	54.70799
14.0729	54.68998
14.0736	54.67744
14.0743	54.67024
14.075	54.6678
14.0757	54.66954
14.0764	54.67485
14.0771	54.68397
14.0778	54.69796
14.0785	54.71564
14.0792	54.73573
14.0799	54.75696
14.0806	54.77958
14.0813	54.80529
14.082	54.83245
14.0827	54.85936
14.0834	54.88428
14.0841	54.9074
14.0848	54.93057
14.0855	54.95232
14.0862	54.97109
14.0869	54.98535
14.0876	54.9951
14.0883	55.0017
14.089	55.00445
14.0897	55.00258
14.0904	54.99534
14.0911	54.98223
14.0918	54.96373
14.0925	54.94044
14.0932	54.91302
14.0939	54.8821
14.0946	54.84661
14.0953	54.80591
14.096	54.76188
14.0967	54.71641
14.0974	54.67137
14.0981	54.62528
14.0988	54.57675
14.0995	54.52827
14.1002	54.48231
14.1009	54.44136
14.1016	54.40431
14.1023	54.36961
14.103	54.3388
14.1037	54.31344
14.1044	54.29507
14.1051	54.28365
14.1058	54.27823
14.1065	54.27866
14.1072	54.28483
14.1079	54.29662
14.1086	54.31525
14.1093	54.34055
14.11	54.37088
14.1107	54.40457
14.1114	54.44
14.1121	54.47893
14.1128	54.52194
14.1135	54.56704
14.1142	54.61224
14.1149	54.6556
14.1156	54.69863
14.1163	54.7421
14.117	54.78457
14.1177	54.82461
14.1184	54.86081
14.1191	54.89385
14.1198	54.92438
14.1205	54.95198
14.1212	54.97628
14.1219	54.99688
14.1226	55.01373
14.1233	55.02711
14.124	55.03719
14.1247	55.04416
14.1254	55.0482
14.1261	55.04904
14.1268	55.04667
14.1275	55.04137
14.1282	55.03341
14.1289	55.02307
14.1296	55.00997
14.1303	54.99409
14.131	54.97579
14.1317	54.9554
14.1324	54.93324
14.1331	54.90849
14.1338	54.88129
14.1345	54.85251
14.1352	54.82304
14.1359	54.79368
14.1366	54.76299
14.1373	54.73104
14.138	54.69928
14.1387	54.66913
14.1394	54.64194
14.1401	54.61606
14.1408	54.59132
14.1415	54.56916
14.1422	54.55098
14.1429	54.53818
14.1436	54.52994
14.1443	54.52573
14.145	54.52592
14.1457	54.53086
14.1464	54.54095
14.1471	54.55707
14.1478	54.5786
14.1485	54.6043
14.1492	54.6329
14.1499	54.66324
14.1506	54.69783
14.1513	54.73636
14.152	54.77631
14.1527	54.81513
14.1534	54.85039
14.1541	54.88472
14.1548	54.91859
14.1555	54.94984
14.1562	54.97626
14.1569	54.99573
14.1576	55.00938
14.1583	55.01812
14.159	55.02141
14.1597	55.01873
14.1604	55.00954
14.1611	54.99282
14.1618	54.96926
14.1625	54.94036
14.1632	54.90759
14.1639	54.87237
14.1646	54.8324
14.1653	54.78757
14.166	54.74027
14.1667	54.69289
14.1674	54.64778
14.1681	54.60277
14.1688	54.55706
14.1695	54.51268
14.1702	54.47165
14.1709	54.43599
14.1716	54.40495
14.1723	54.37747
14.173	54.35398
14.1737	54.33491
14.1744	54.32068
14.1751	54.31202
14.1758	54.30851
14.1765	54.30909
14.1772	54.31269
14.1779	54.31827
14.1786	54.3271
14.1793	54.33965
14.18	54.35434
14.1807	54.36958
14.1814	54.38381
14.1821	54.39777
14.1828	54.41241
14.1835	54.42682
14.1842	54.44009
14.1849	54.45129
14.1856	54.46043
14.1863	54.46814
14.187	54.4744
14.1877	54.47922
14.1884	54.4826
14.1891	54.48421
14.1898	54.484
14.1905	54.48252
14.1912	54.48026
14.1919	54.47778
14.1926	54.47489
14.1933	54.47116
14.194	54.46697
14.1947	54.4627
14.1954	54.45875
14.1961	54.45524
14.1968	54.45189
14.1975	54.44861
14.1982	54.4453
14.1989	54.44184
14.1996	54.43843
14.2003	54.43528
14.201	54.43196
14.2017	54.42806
14.2024	54.42314
14.2031	54.41723
14.2038	54.41078
14.2045	54.40349
14.2052	54.39503
14.2059	54.38507
14.2066	54.3734
14.2073	54.36024
14.208	54.34573
14.2087	54.33006
14.2094	54.31335
14.2101	54.29545
14.2108	54.27588
14.2115	54.25526
14.2122	54.23424
14.2129	54.21348
14.2136	54.19307
14.2143	54.17197
14.215	54.1509
14.2157	54.13067
14.2164	54.11214
14.2171	54.09569
14.2178	54.08034
14.2185	54.0664
14.2192	54.0543
14.2199	54.04449
14.2206	54.03735
14.2213	54.0327
14.222	54.03025
14.2227	54.02974
14.2234	54.0309
14.2241	54.03372
14.2248	54.03911
14.2255	54.04638
14.2262	54.05459
14.2269	54.06279
14.2276	54.07042
14.2283	54.07919
14.229	54.08838
14.2297	54.09671
14.2304	54.1029
14.2311	54.10596
14.2318	54.10768
14.2325	54.10768
14.2332	54.10487
14.2339	54.09814
14.2346	54.08652
14.2353	54.0709
14.236	54.05148
14.2367	54.028
14.2374	54.0002
14.2381	53.9678
14.2388	53.93022
14.2395	53.88797
14.2402	53.84186
14.2409	53.79272
14.2416	53.7413
14.2423	53.68589
14.243	53.62673
14.2437	53.56547
14.2444	53.50379
14.2451	53.44329
14.2458	53.38209
14.2465	53.31973
14.2472	53.25803
14.2479	53.19883
14.2486	53.14395
14.2493	53.09234
14.25	53.04299
14.2507	52.99699
14.2514	52.95548
14.2521	52.91956
14.2528	52.88938
14.2535	52.86415
14.2542	52.84373
14.2549	52.82798
14.2556	52.81676
14.2563	52.81068
14.257	52.81011
14.2577	52.81392
14.2584	52.82096
14.2591	52.83005
14.2598	52.84141
14.2605	52.85648
14.2612	52.87404
14.2619	52.89281
14.2626	52.91147
14.2633	52.92966
14.264	52.94881
14.2647	52.9684
14.2654	52.98774
14.2661	53.00619
14.2668	53.02329
14.2675	53.03947
14.2682	53.05496
14.2689	53.06996
14.2696	53.08465
14.2703	53.09904
14.271	53.11252
14.2717	53.12556
14.2724	53.13876
14.2731	53.15274
14.2738	53.16791
14.2745	53.18357
14.2752	53.19983
14.2759	53.21702
14.2766	53.23547
14.2773	53.25555
14.278	53.27745
14.2787	53.30076
14.2794	53.32499
14.2801	53.34965
14.2808	53.37433
14.2815	53.4003
14.2822	53.4272
14.2829	53.45382
14.2836	53.47902
14.2843	53.50164
14.285	53.5231
14.2857	53.54359
14.2864	53.56193
14.2871	53.57694
14.2878	53.58742
14.2885	53.59389
14.2892	53.59702
14.2899	53.59638
14.2906	53.59156
14.2913	53.58213
14.292	53.56776
14.2927	53.54871
14.2934	53.52545
14.2941	53.49848
14.2948	53.46827
14.2955	53.43447
14.2962	53.39641
14.2969	53.35499
14.2976	53.31112
14.2983	53.26573
14.299	53.21893
14.2997	53.16952
14.3004	53.11821
14.3011	53.06581
14.3018	53.01312
14.3025	52.96053
14.3032	52.9071
14.3039	52.85309
14.3046	52.79887
14.3053	52.74485
14.306	52.69129
14.3067	52.63789
14.3074	52.58458
14.3081	52.5314
14.3088	52.47835
14.3095	52.42545
14.3102	52.37261
14.3109	52.31989
14.3116	52.26736
14.3123	52.21511
14.313	52.16319
14.3137	52.11124
14.3144	52.0594
14.3151	52.00806
14.3158	51.95761
14.3165	51.90841
14.3172	51.85986
14.3179	51.81192
14.3186	51.76518
14.3193	51.72023
14.32	51.67766
14.3207	51.63714
14.3214	51.59829
14.3221	51.56151
14.3228	51.52719
14.3235	51.49571
14.3242	51.46725
14.3249	51.44153
14.3256	51.41838
14.3263	51.39765
14.327	51.37917
14.3277	51.36317
14.3284	51.35009
14.3291	51.3393
14.3298	51.33013
14.3305	51.32189
14.3312	51.31443
14.3319	51.30884
14.3326	51.30449
14.3333	51.30056
14.334	51.29627
14.3347	51.29111
14.3354	51.28616
14.3361	51.28114
14.3368	51.27546
14.3375	51.26855
14.3382	51.25991
14.3389	51.24997
14.3396	51.23886
14.3403	51.22653
14.341	51.2129
14.3417	51.19787
14.3424	51.18102
14.3431	51.16259
14.3438	51.14313
14.3445	51.12321
14.3452	51.10336
14.3459	51.08259
14.3466	51.06076
14.3473	51.03897
14.348	51.01838
14.3487	51.00009
14.3494	50.98356
14.3501	50.96772
14.3508	50.95371
14.3515	50.94266
14.3522	50.93571
14.3529	50.93308
14.3536	50.93359
14.3543	50.93766
14.355	50.94577
14.3557	50.95841
14.3564	50.97606
14.3571	50.99874
14.3578	51.02582
14.3585	51.05666
14.3592	51.09063
14.3599	51.12749
14.3606	51.16903
14.3613	51.21419
14.362	51.26138
14.3627	51.30902
14.3634	51.35587
14.3641	51.40473
14.3648	51.45496
14.3655	51.5044
14.3662	51.55092
14.3669	51.59246
14.3676	51.63121
14.3683	51.66773
14.369	51.70032
14.3697	51.72731
14.3704	51.747
14.3711	51.75984
14.3718	51.76698
14.3725	51.76792
14.3732	51.7621
14.3739	51.74901
14.3746	51.72797
14.3753	51.69906
14.376	51.66331
14.3767	51.62173
14.3774	51.57535
14.3781	51.52406
14.3788	51.46574
14.3795	51.40211
14.3802	51.33522
14.3809	51.26709
14.3816	51.19884
14.3823	51.12727
14.383	51.05356
14.3837	50.97972
14.3844	50.90781
14.3851	50.83956
14.3858	50.77303
14.3865	50.70798
14.3872	50.64522
14.3879	50.58554
14.3886	50.52974
14.3893	50.47789
14.39	50.42947
14.3907	50.38403
14.3914	50.34114
14.3921	50.30038
14.3928	50.26238
14.3935	50.22752
14.3942	50.19484
14.3949	50.16337
14.3956	50.13216
14.3963	50.10115
14.397	50.07145
14.3977	50.04246
14.3984	50.01354
14.3991	49.98405
14.3998	49.95361
14.4005	49.92286
14.4012	49.89178
14.4019	49.86025
14.4026	49.82817
14.4033	49.79539
14.404	49.76167
14.4047	49.7273
14.4054	49.69268
14.4061	49.6582
14.4068	49.6242
14.4075	49.58991
14.4082	49.55544
14.4089	49.52147
14.4096	49.48866
14.4103	49.45765
14.411	49.42783
14.4117	49.39885
14.4124	49.37138
14.4131	49.34611
14.4138	49.32372
14.4145	49.30412
14.4152	49.2866
14.4159	49.27161
14.4166	49.25963
14.4173	49.25115
14.418	49.24643
14.4187	49.24508
14.4194	49.24703
14.4201	49.25224
14.4208	49.2607
14.4215	49.2725
14.4222	49.28831
14.4229	49.30757
14.4236	49.32949
14.4243	49.35331
14.425	49.37838
14.4257	49.40632
14.4264	49.43678
14.4271	49.46841
14.4278	49.49982
14.4285	49.52965
14.4292	49.55936
14.4299	49.58962
14.4306	49.61888
14.4313	49.64557
14.432	49.66812
14.4327	49.68664
14.4334	49.70272
14.4341	49.71549
14.4348	49.72404
14.4355	49.72745
14.4362	49.72508
14.4369	49.7175
14.4376	49.70512
14.4383	49.68829
14.439	49.66735
14.4397	49.64231
14.4404	49.61142
14.4411	49.57583
14.4418	49.53734
14.4425	49.49771
14.4432	49.45854
14.4439	49.4169
14.4446	49.37296
14.4453	49.32912
14.446	49.28778
14.4467	49.25132
14.4474	49.21855
14.4481	49.18782
14.4488	49.16057
14.4495	49.13823
14.4502	49.12225
14.4509	49.11348
14.4516	49.11095
14.4523	49.11398
14.453	49.12187
14.4537	49.13395
14.4544	49.15034
14.4551	49.17338
14.4558	49.20121
14.4565	49.23149
14.4572	49.26186
14.4579	49.29045
14.4586	49.32075
14.4593	49.35222
14.46	49.38265
14.4607	49.40982
14.4614	49.43156
14.4621	49.44921
14.4628	49.46382
14.4635	49.47455
14.4642	49.48057
14.4649	49.48103
14.4656	49.47534
14.4663	49.46399
14.467	49.44773
14.4677	49.42731
14.4684	49.4035
14.4691	49.37617
14.4698	49.34359
14.4705	49.30716
14.4712	49.26856
14.4719	49.22944
14.4726	49.19093
14.4733	49.15022
14.474	49.10813
14.4747	49.06649
14.4754	49.02712
14.4761	48.99177
14.4768	48.95882
14.4775	48.9277
14.4782	48.89943
14.4789	48.875
14.4796	48.85543
14.4803	48.84087
14.481	48.83058
14.4817	48.82442
14.4824	48.82225
14.4831	48.82393
14.4838	48.82975
14.4845	48.84039
14.4852	48.85498
14.4859	48.87257
14.4866	48.89222
14.4873	48.91331
14.488	48.93741
14.4887	48.96404
14.4894	48.99221
14.4901	49.02097
14.4908	49.04938
14.4915	49.0785
14.4922	49.10852
14.4929	49.13876
14.4936	49.16853
14.4943	49.19717
14.495	49.22478
14.4957	49.25193
14.4964	49.27837
14.4971	49.30385
14.4978	49.32811
14.4985	49.35104
14.4992	49.37285
14.4999	49.39356
14.5006	49.41318
14.5013	49.43169
14.502	49.44908
14.5027	49.46519
14.5034	49.48015
14.5041	49.49414
14.5048	49.50733
14.5055	49.51989
14.5062	49.5314
14.5069	49.54192
14.5076	49.55181
14.5083	49.56148
14.509	49.57131
14.5097	49.5809
14.5104	49.58981
14.5111	49.59873
14.5118	49.60837
14.5125	49.61944
14.5132	49.63211
14.5139	49.64532
14.5146	49.6596
14.5153	49.6756
14.516	49.69398
14.5167	49.71529
14.5174	49.73895
14.5181	49.76484
14.5188	49.79308
14.5195	49.82379
14.5202	49.85707
14.5209	49.89344
14.5216	49.9327
14.5223	49.97418
14.523	50.01723
14.5237	50.06121
14.5244	50.10645
14.5251	50.15386
14.5258	50.20249
14.5265	50.25139
14.5272	50.29957
14.5279	50.3466
14.5286	50.39384
14.5293	50.44082
14.53	50.48685
14.5307	50.53119
14.5314	50.57322
14.5321	50.61345
14.5328	50.65211
14.5335	50.68907
14.5342	50.72424
14.5349	50.75749
14.5356	50.7886
14.5363	50.81764
14.537	50.84495
14.5377	50.87086
14.5384	50.8957
14.5391	50.91948
14.5398	50.94172
14.5405	50.96272
14.5412	50.98283
14.5419	51.00237
14.5426	51.02167
14.5433	51.04062
14.544	51.05901
14.5447	51.07662
14.5454	51.09328
14.5461	51.10881
14.5468	51.1241
14.5475	51.13897
14.5482	51.15249
14.5489	51.16373
14.5496	51.17177
14.5503	51.17698
14.551	51.18046
14.5517	51.18122
14.5524	51.17824
14.5531	51.17049
14.5538	51.15734
14.5545	51.13985
14.5552	51.11799
14.5559	51.09155
14.5566	51.06034
14.5573	51.02409
14.558	50.98198
14.5587	50.93461
14.5594	50.88302
14.5601	50.82825
14.5608	50.77132
14.5615	50.71106
14.5622	50.64656
14.5629	50.5795
14.5636	50.51155
14.5643	50.4444
14.565	50.37832
14.5657	50.31074
14.5664	50.24305
14.5671	50.17695
14.5678	50.11412
14.5685	50.05592
14.5692	50.00037
14.5699	49.9475
14.5706	49.89819
14.5713	49.8533
14.572	49.81371
14.5727	49.77946
14.5734	49.74997
14.5741	49.72495
14.5748	49.70413
14.5755	49.68724
14.5762	49.67473
14.5769	49.66755
14.5776	49.66445
14.5783	49.66409
14.579	49.66515
14.5797	49.6668
14.5804	49.67142
14.5811	49.67824
14.5818	49.68572
14.5825	49.69235
14.5832	49.69663
14.5839	49.69981
14.5846	49.70253
14.5853	49.70395
14.586	49.70318
14.5867	49.69938
14.5874	49.69212
14.5881	49.68208
14.5888	49.66951
14.5895	49.65468
14.5902	49.63785
14.5909	49.61906
14.5916	49.59746
14.5923	49.57358
14.593	49.54817
14.5937	49.52201
14.5944	49.49581
14.5951	49.46875
14.5958	49.44063
14.5965	49.41201
14.5972	49.3835
14.5979	49.35568
14.5986	49.3286
14.5993	49.30167
14.6	49.27508
14.6007	49.24903
14.6014	49.22372
14.6021	49.19927
14.6028	49.17539
14.6035	49.15215
14.6042	49.1297
14.6049	49.10817
14.6056	49.08769
14.6063	49.06784
14.607	49.0487
14.6077	49.03064
14.6084	49.01406
14.6091	48.99935
14.6098	48.98621
14.6105	48.97402
14.6112	48.96352
14.6119	48.95543
14.6126	48.95049
14.6133	48.94911
14.614	48.95012
14.6147	48.9539
14.6154	48.96108
14.6161	48.97235
14.6168	48.98832
14.6175	49.0089
14.6182	49.03367
14.6189	49.06247
14.6196	49.09514
14.6203	49.13149
14.621	49.17214
14.6217	49.21777
14.6224	49.26712
14.6231	49.3189
14.6238	49.37185
14.6245	49.42529
14.6252	49.48173
14.6259	49.54016
14.6266	49.59891
14.6273	49.65626
14.628	49.71058
14.6287	49.76356
14.6294	49.81585
14.6301	49.86615
14.6308	49.9132
14.6315	49.95571
14.6322	49.9934
14.6329	50.02763
14.6336	50.05805
14.6343	50.08426
14.635	50.10585
14.6357	50.12241
14.6364	50.13381
14.6371	50.14052
14.6378	50.14302
14.6385	50.14182
14.6392	50.1374
14.6399	50.12862
14.6406	50.1153
14.6413	50.09872
14.642	50.08016
14.6427	50.06089
14.6434	50.04082
14.6441	50.01778
14.6448	49.99327
14.6455	49.96901
14.6462	49.94672
14.6469	49.92774
14.6476	49.90943
14.6483	49.89216
14.649	49.8775
14.6497	49.86704
14.6504	49.86234
14.6511	49.86297
14.6518	49.86774
14.6525	49.87713
14.6532	49.89167
14.6539	49.91185
14.6546	49.93827
14.6553	49.97118
14.656	50.00968
14.6567	50.0528
14.6574	50.09955
14.6581	50.14915
14.6588	50.20384
14.6595	50.2632
14.6602	50.32539
14.6609	50.38852
14.6616	50.45074
14.6623	50.51255
14.663	50.57602
14.6637	50.63969
14.6644	50.70208
14.6651	50.7617
14.6658	50.81757
14.6665	50.8714
14.6672	50.92308
14.6679	50.97204
14.6686	51.01775
14.6693	51.05964
14.67	51.09774
14.6707	51.13241
14.6714	51.16384
14.6721	51.19223
14.6728	51.21778
14.6735	51.24033
14.6742	51.2594
14.6749	51.27551
14.6756	51.28918
14.6763	51.30095
14.677	51.31123
14.6777	51.319
14.6784	51.3245
14.6791	51.32841
14.6798	51.33141
14.6805	51.33419
14.6812	51.33632
14.6819	51.33718
14.6826	51.33742
14.6833	51.33763
14.684	51.33843
14.6847	51.3401
14.6854	51.34171
14.6861	51.34358
14.6868	51.34618
14.6875	51.34999
14.6882	51.35545
14.6889	51.36227
14.6896	51.37025
14.6903	51.37946
14.691	51.39001
14.6917	51.40196
14.6924	51.41557
14.6931	51.43096
14.6938	51.44771
14.6945	51.46538
14.6952	51.48355
14.6959	51.50198
14.6966	51.52177
14.6973	51.54248
14.698	51.56325
14.6987	51.58324
14.6994	51.60158
14.7001	51.61893
14.7008	51.63597
14.7015	51.65189
14.7022	51.66587
14.7029	51.6771
14.7036	51.68513
14.7043	51.69094
14.705	51.69438
14.7057	51.69517
14.7064	51.69301
14.7071	51.68762
14.7078	51.67863
14.7085	51.66637
14.7092	51.65139
14.7099	51.63422
14.7106	51.6154
14.7113	51.59452
14.712	51.57043
14.7127	51.54436
14.7134	51.5176
14.7141	51.49147
14.7148	51.46691
14.7155	51.4415
14.7162	51.4158
14.7169	51.3914
14.7176	51.36987
14.7183	51.35281
14.719	51.3399
14.7197	51.32984
14.7204	51.32309
14.7211	51.32015
14.7218	51.32151
14.7225	51.3278
14.7232	51.33964
14.7239	51.35593
14.7246	51.3754
14.7253	51.39679
14.726	51.41888
14.7267	51.44404
14.7274	51.47255
14.7281	51.50219
14.7288	51.5307
14.7295	51.55586
14.7302	51.57711
14.7309	51.59751
14.7316	51.61585
14.7323	51.63063
14.733	51.64036
14.7337	51.64366
14.7344	51.64155
14.7351	51.6346
14.7358	51.62266
14.7365	51.6056
14.7372	51.58328
14.7379	51.55511
14.7386	51.52081
14.7393	51.48138
14.74	51.43784
14.7407	51.39121
14.7414	51.34212
14.7421	51.2884
14.7428	51.23077
14.7435	51.17073
14.7442	51.1098
14.7449	51.04948
14.7456	50.98873
14.7463	50.92624
14.747	50.8634
14.7477	50.80162
14.7484	50.74231
14.7491	50.68629
14.7498	50.63173
14.7505	50.57896
14.7512	50.52865
14.7519	50.48148
14.7526	50.43814
14.7533	50.39858
14.754	50.36237
14.7547	50.32929
14.7554	50.29916
14.7561	50.27177
14.7568	50.24733
14.7575	50.22664
14.7582	50.20893
14.7589	50.19329
14.7596	50.17881
14.7603	50.16468
14.761	50.15236
14.7617	50.1419
14.7624	50.13218
14.7631	50.12211
14.7638	50.1106
14.7645	50.09763
14.7652	50.08465
14.7659	50.07091
14.7666	50.05556
14.7673	50.03772
14.768	50.01666
14.7687	49.99324
14.7694	49.9676
14.7701	49.93945
14.7708	49.9085
14.7715	49.87443
14.7722	49.83702
14.7729	49.79642
14.7736	49.75293
14.7743	49.70686
14.775	49.65853
14.7757	49.60805
14.7764	49.55436
14.7771	49.49796
14.7778	49.43976
14.7785	49.38068
14.7792	49.32164
14.7799	49.26175
14.7806	49.20003
14.7813	49.13782
14.782	49.07645
14.7827	49.01727
14.7834	48.96107
14.7841	48.90562
14.7848	48.85154
14.7855	48.80005
14.7862	48.75238
14.7869	48.70974
14.7876	48.67179
14.7883	48.63763
14.789	48.60753
14.7897	48.58174
14.7904	48.5605
14.7911	48.54423
14.7918	48.53342
14.7925	48.5273
14.7932	48.52499
14.7939	48.5256
14.7946	48.52827
14.7953	48.53427
14.796	48.54405
14.7967	48.55634
14.7974	48.56987
14.7981	48.5834
14.7988	48.59638
14.7995	48.61053
14.8002	48.62538
14.8009	48.64018
14.8016	48.65419
14.8023	48.66667
14.803	48.67788
14.8037	48.68827
14.8044	48.69784
14.8051	48.70658
14.8058	48.71449
14.8065	48.72146
14.8072	48.72724
14.8079	48.73214
14.8086	48.7365
14.8093	48.74066
14.81	48.74494
14.8107	48.74904
14.8114	48.75281
14.8121	48.75645
14.8128	48.76013
14.8135	48.76401
14.8142	48.7683
14.8149	48.77298
14.8156	48.77781
14.8163	48.78256
14.817	48.78697
14.8177	48.79085
14.8184	48.79482
14.8191	48.79881
14.8198	48.80228
14.8205	48.80468
14.8212	48.80544
14.8219	48.80448
14.8226	48.80261
14.8233	48.79947
14.824	48.79461
14.8247	48.7876
14.8254	48.77803
14.8261	48.7661
14.8268	48.75204
14.8275	48.73586
14.8282	48.71759
14.8289	48.69725
14.8296	48.6747
14.8303	48.64968
14.831	48.62255
14.8317	48.59367
14.8324	48.56341
14.8331	48.53211
14.8338	48.49913
14.8345	48.46448
14.8352	48.42861
14.8359	48.39198
14.8366	48.35506
14.8373	48.31785
14.838	48.27961
14.8387	48.24076
14.8394	48.2018
14.8401	48.16322
14.8408	48.12547
14.8415	48.08775
14.8422	48.05002
14.8429	48.01288
14.8436	47.97688
14.8443	47.94262
14.845	47.91015
14.8457	47.87856
14.8464	47.84832
14.8471	47.81998
14.8478	47.79407
14.8485	47.77113
14.8492	47.75062
14.8499	47.73235
14.8506	47.7166
14.8513	47.70366
14.852	47.69379
14.8527	47.68726
14.8534	47.68403
14.8541	47.68379
14.8548	47.68619
14.8555	47.6909
14.8562	47.69763
14.8569	47.70722
14.8576	47.71965
14.8583	47.73413
14.859	47.74989
14.8597	47.76616
14.8604	47.7827
14.8611	47.80068
14.8618	47.81965
14.8625	47.83903
14.8632	47.8582
14.8639	47.87658
14.8646	47.89425
14.8653	47.9116
14.866	47.92876
14.8667	47.94591
14.8674	47.96319
14.8681	47.98047
14.8688	47.99702
14.8695	48.01346
14.8702	48.03053
14.8709	48.04898
14.8716	48.06955
14.8723	48.09159
14.873	48.11466
14.8737	48.13929
14.8744	48.16603
14.8751	48.19542
14.8758	48.2279
14.8765	48.26321
14.8772	48.30104
14.8779	48.34111
14.8786	48.38313
14.8793	48.42683
14.88	48.4732
14.8807	48.52251
14.8814	48.57353
14.8821	48.62502
14.8828	48.67575
14.8835	48.72507
14.8842	48.77545
14.8849	48.82605
14.8856	48.8753
14.8863	48.92165
14.887	48.96352
14.8877	49.00162
14.8884	49.0375
14.8891	49.07004
14.8898	49.09809
14.8905	49.1205
14.8912	49.13629
14.8919	49.1463
14.8926	49.15091
14.8933	49.15022
14.894	49.1443
14.8947	49.13324
14.8954	49.11637
14.8961	49.09314
14.8968	49.06471
14.8975	49.03229
14.8982	48.99707
14.8989	48.96003
14.8996	48.91892
14.9003	48.87402
14.901	48.82681
14.9017	48.77883
14.9024	48.73156
14.9031	48.68523
14.9038	48.63788
14.9045	48.59026
14.9052	48.54324
14.9059	48.49771
14.9066	48.45451
14.9073	48.41292
14.908	48.37259
14.9087	48.3338
14.9094	48.29683
14.9101	48.26198
14.9108	48.22944
14.9115	48.19898
14.9122	48.17051
14.9129	48.14395
14.9136	48.11922
14.9143	48.09626
14.915	48.07534
14.9157	48.05649
14.9164	48.03939
14.9171	48.02374
14.9178	48.00923
14.9185	47.99574
14.9192	47.98399
14.9199	47.97367
14.9206	47.96426
14.9213	47.95527
14.922	47.9462
14.9227	47.93742
14.9234	47.92946
14.9241	47.92177
14.9248	47.9138
14.9255	47.905
14.9262	47.89498
14.9269	47.88477
14.9276	47.87415
14.9283	47.86251
14.929	47.84921
14.9297	47.83366
14.9304	47.81577
14.9311	47.79624
14.9318	47.77488
14.9325	47.75144
14.9332	47.72572
14.9339	47.69745
14.9346	47.66615
14.9353	47.63217
14.936	47.59617
14.9367	47.55882
14.9374	47.52075
14.9381	47.48206
14.9388	47.44154
14.9395	47.39982
14.9402	47.35768
14.9409	47.31589
14.9416	47.27524
14.9423	47.23551
14.943	47.19619
14.9437	47.15727
14.9444	47.11873
14.9451	47.08055
14.9458	47.04309
14.9465	47.00784
14.9472	46.97356
14.9479	46.93858
14.9486	46.90124
14.9493	46.85985
14.95	46.81574
14.9507	46.771
14.9514	46.72341
14.9521	46.67069
14.9528	46.6106
14.9535	46.54134
14.9542	46.46682
14.9549	46.38663
14.9556	46.2984
14.9563	46.19977
14.957	46.08835
14.9577	45.96257
14.9584	45.82388
14.9591	45.67368
14.9598	45.5133
14.9605	45.34405
14.9612	45.16694
14.9619	44.96662
14.9626	44.74569
14.9633	44.52037
14.964	44.30689
14.9647	44.12149
14.9654	43.97122
14.9661	43.82637
14.9668	43.69744
14.9675	43.6014
14.9682	43.55518
14.9689	43.57571
14.9696	43.67382
14.9703	43.83874
14.971	44.05549
14.9717	44.3091
14.9724	44.58459
14.9731	44.87134
14.9738	45.20519
14.9745	45.57752
14.9752	45.96276
14.9759	46.33535
14.9766	46.66972
14.9773	46.95631
14.978	47.22196
14.9787	47.46527
14.9794	47.68303
14.9801	47.87204
14.9808	48.02903
14.9815	48.1492
14.9822	48.23563
14.9829	48.29503
14.9836	48.33408
14.9843	48.35947
14.985	48.37527
14.9857	48.37222
14.9864	48.35167
14.9871	48.31719
14.9878	48.27237
14.9885	48.22075
14.9892	48.16009
14.9899	48.08585
14.9906	48.00219
14.9913	47.91336
14.992	47.8236
14.9927	47.73658
14.9934	47.64617
14.9941	47.55214
14.9948	47.45793
14.9955	47.36698
14.9962	47.28271
14.9969	47.20726
14.9976	47.13779
14.9983	47.07333
14.999	47.01316
14.9997	46.95657
15.0004	46.90287
15.0011	46.85399
15.0018	46.81048
15.0025	46.77014
15.0032	46.73075
15.0039	46.69012
15.0046	46.64643
15.0053	46.60161
15.006	46.55623
15.0067	46.51017
15.0074	46.46329
15.0081	46.41549
15.0088	46.36615
15.0095	46.31476
15.0102	46.26241
15.0109	46.21024
15.0116	46.15936
15.0123	46.11087
15.013	46.06341
15.0137	46.01652
15.0144	45.97116
15.0151	45.92829
15.0158	45.88886
15.0165	45.85336
15.0172	45.81993
15.0179	45.78917
15.0186	45.76217
15.0193	45.73997
15.02	45.72364
15.0207	45.71369
15.0214	45.70933
15.0221	45.71004
15.0228	45.7153
15.0235	45.72459
15.0242	45.73751
15.0249	45.75614
15.0256	45.78005
15.0263	45.80739
15.027	45.83635
15.0277	45.86508
15.0284	45.8929
15.0291	45.92303
15.0298	45.95431
15.0305	45.98499
15.0312	46.01335
15.0319	46.03766
15.0326	46.05858
15.0333	46.07786
15.034	46.09445
15.0347	46.1073
15.0354	46.11535
15.0361	46.11762
15.0368	46.11469
15.0375	46.10705
15.0382	46.09487
15.0389	46.07829
15.0396	46.05747
15.0403	46.03208
15.041	46.00098
15.0417	45.96526
15.0424	45.92616
15.0431	45.88492
15.0438	45.8428
15.0445	45.7984
15.0452	45.75042
15.0459	45.70064
15.0466	45.65085
15.0473	45.6028
15.048	45.558
15.0487	45.51407
15.0494	45.47088
15.0501	45.42956
15.0508	45.39124
15.0515	45.35703
15.0522	45.32766
15.0529	45.30229
15.0536	45.28049
15.0543	45.26194
15.055	45.2463
15.0557	45.23323
15.0564	45.22404
15.0571	45.2192
15.0578	45.21706
15.0585	45.21595
15.0592	45.21422
15.0599	45.21053
15.0606	45.20781
15.0613	45.20581
15.062	45.20278
15.0627	45.19698
15.0634	45.18667
15.0641	45.17115
15.0648	45.15265
15.0655	45.13077
15.0662	45.10479
15.0669	45.07405
15.0676	45.03783
15.0683	44.99525
15.069	44.94668
15.0697	44.89334
15.0704	44.8365
15.0711	44.77739
15.0718	44.71692
15.0725	44.65138
15.0732	44.58164
15.0739	44.51056
15.0746	44.441
15.0753	44.37583
15.076	44.31566
15.0767	44.25501
15.0774	44.19636
15.0781	44.14303
15.0788	44.09837
15.0795	44.0657
15.0802	44.04377
15.0809	44.0292
15.0816	44.02393
15.0823	44.0299
15.083	44.04905
15.0837	44.08323
15.0844	44.13164
15.0851	44.19321
15.0858	44.2675
15.0865	44.35411
15.0872	44.45261
15.0879	44.56339
15.0886	44.68907
15.0893	44.82768
15.09	44.97666
15.0907	45.13346
15.0914	45.29555
15.0921	45.46443
15.0928	45.64375
15.0935	45.83039
15.0942	46.02114
15.0949	46.21276
15.0956	46.40221
15.0963	46.59361
15.097	46.78805
15.0977	46.98287
15.0984	47.17541
15.0991	47.36298
15.0998	47.54385
15.1005	47.72182
15.1012	47.89646
15.1019	48.0663
15.1026	48.22985
15.1033	48.38563
15.104	48.53355
15.1047	48.67563
15.1054	48.81106
15.1061	48.93892
15.1068	49.0583
15.1075	49.1683
15.1082	49.26968
15.1089	49.36307
15.1096	49.44787
15.1103	49.52345
15.111	49.58923
15.1117	49.6447
15.1124	49.6906
15.1131	49.72699
15.1138	49.75363
15.1145	49.77026
15.1152	49.77662
15.1159	49.77244
15.1166	49.75765
15.1173	49.73264
15.118	49.69783
15.1187	49.65364
15.1194	49.60048
15.1201	49.53748
15.1208	49.46394
15.1215	49.38113
15.1222	49.29033
15.1229	49.19282
15.1236	49.08971
15.1243	48.97818
15.125	48.85832
15.1257	48.73227
15.1264	48.60214
15.1271	48.47006
15.1278	48.33719
15.1285	48.19975
15.1292	48.05872
15.1299	47.91602
15.1306	47.77358
15.1313	47.63331
15.132	47.49529
15.1327	47.35692
15.1334	47.21925
15.1341	47.08348
15.1348	46.95079
15.1355	46.82237
15.1362	46.69746
15.1369	46.57522
15.1376	46.45618
15.1383	46.34089
15.139	46.22988
15.1397	46.12361
15.1404	46.0214
15.1411	45.92319
15.1418	45.82924
15.1425	45.73983
15.1432	45.65522
15.1439	45.57544
15.1446	45.49985
15.1453	45.42877
15.146	45.36267
15.1467	45.30198
15.1474	45.24716
15.1481	45.19812
15.1488	45.1543
15.1495	45.11598
15.1502	45.08346
15.1509	45.05702
15.1516	45.03697
15.1523	45.02354
15.153	45.01647
15.1537	45.0154
15.1544	45.01994
15.1551	45.02973
15.1558	45.0446
15.1565	45.06611
15.1572	45.09365
15.1579	45.12594
15.1586	45.16173
15.1593	45.19975
15.16	45.23985
15.1607	45.28456
15.1614	45.33264
15.1621	45.3825
15.1628	45.43253
15.1635	45.48114
15.1642	45.52898
15.1649	45.57802
15.1656	45.62696
15.1663	45.67447
15.167	45.7192
15.1677	45.75986
15.1684	45.79749
15.1691	45.8328
15.1698	45.86531
15.1705	45.89454
15.1712	45.91999
15.1719	45.94123
15.1726	45.95851
15.1733	45.97207
15.174	45.9821
15.1747	45.98874
15.1754	45.99217
15.1761	45.99229
15.1768	45.9885
15.1775	45.98124
15.1782	45.97108
15.1789	45.95858
15.1796	45.94428
15.1803	45.92784
15.181	45.90843
15.1817	45.88676
15.1824	45.86355
15.1831	45.83951
15.1838	45.81536
15.1845	45.79008
15.1852	45.76332
15.1859	45.73586
15.1866	45.7085
15.1873	45.682
15.188	45.65703
15.1887	45.6325
15.1894	45.60838
15.1901	45.58512
15.1908	45.56316
15.1915	45.54296
15.1922	45.52488
15.1929	45.50867
15.1936	45.49406
15.1943	45.48085
15.195	45.46879
15.1957	45.45766
15.1964	45.44793
15.1971	45.44036
15.1978	45.43399
15.1985	45.42786
15.1992	45.42097
15.1999	45.41233
15.2006	45.40309
15.2013	45.39405
15.202	45.38409
15.2027	45.37209
15.2034	45.35693
15.2041	45.33761
15.2048	45.31552
15.2055	45.29093
15.2062	45.26316
15.2069	45.23154
15.2076	45.19539
15.2083	45.15417
15.209	45.10825
15.2097	45.05798
15.2104	45.00358
15.2111	44.9453
15.2118	44.88337
15.2125	44.81745
15.2132	44.74645
15.2139	44.67139
15.2146	44.5934
15.2153	44.51364
15.216	44.43323
15.2167	44.35108
15.2174	44.26549
15.2181	44.17827
15.2188	44.09123
15.2195	44.00619
15.2202	43.92492
15.2209	43.84509
15.2216	43.76577
15.2223	43.68867
15.223	43.61555
15.2237	43.54812
15.2244	43.48786
15.2251	43.43248
15.2258	43.38177
15.2265	43.3367
15.2272	43.29821
15.2279	43.26725
15.2286	43.24463
15.2293	43.22993
15.23	43.22254
15.2307	43.22192
15.2314	43.22753
15.2321	43.23884
15.2328	43.25639
15.2335	43.28191
15.2342	43.31384
15.2349	43.35043
15.2356	43.38994
15.2363	43.43063
15.237	43.4738
15.2377	43.52163
15.2384	43.57216
15.2391	43.62339
15.2398	43.67334
15.2405	43.72006
15.2412	43.7654
15.2419	43.81048
15.2426	43.85418
15.2433	43.89539
15.244	43.933
15.2447	43.96602
15.2454	43.99526
15.2461	44.02117
15.2468	44.04377
15.2475	44.06306
15.2482	44.07905
15.2489	44.09153
15.2496	44.09949
15.2503	44.10369
15.251	44.10518
15.2517	44.10499
15.2524	44.10415
15.2531	44.10258
15.2538	44.09805
15.2545	44.09184
15.2552	44.08548
15.2559	44.08051
15.2566	44.07845
15.2573	44.07885
15.258	44.07976
15.2587	44.08227
15.2594	44.0875
15.2601	44.0966
15.2608	44.11071
15.2615	44.12973
15.2622	44.15282
15.2629	44.17977
15.2636	44.21036
15.2643	44.24438
15.265	44.28168
15.2657	44.32402
15.2664	44.37097
15.2671	44.42093
15.2678	44.47228
15.2685	44.52343
15.2692	44.57328
15.2699	44.62496
15.2706	44.67792
15.2713	44.73043
15.272	44.78077
15.2727	44.8272
15.2734	44.86875
15.2741	44.90777
15.2748	44.94401
15.2755	44.97681
15.2762	45.00551
15.2769	45.02947
15.2776	45.04809
15.2783	45.0616
15.279	45.07066
15.2797	45.07594
15.2804	45.07812
15.2811	45.07785
15.2818	45.07436
15.2825	45.06654
15.2832	45.05565
15.2839	45.04298
15.2846	45.02983
15.2853	45.01748
15.286	45.00457
15.2867	44.99016
15.2874	44.97538
15.2881	44.96138
15.2888	44.94929
15.2895	44.94017
15.2902	44.93311
15.2909	44.92758
15.2916	44.92385
15.2923	44.92216
15.293	44.92277
15.2937	44.92598
15.2944	44.93224
15.2951	44.9411
15.2958	44.9519
15.2965	44.96401
15.2972	44.97677
15.2979	44.98996
15.2986	45.0051
15.2993	45.02163
15.3	45.03856
15.3007	45.05495
15.3014	45.06984
15.3021	45.08288
15.3028	45.09537
15.3035	45.10707
15.3042	45.11758
15.3049	45.1265
15.3056	45.13344
15.3063	45.13811
15.307	45.14069
15.3077	45.14154
15.3084	45.14102
15.3091	45.13951
15.3098	45.13736
15.3105	45.13405
15.3112	45.1291
15.3119	45.12319
15.3126	45.11698
15.3133	45.11117
15.314	45.10639
15.3147	45.10202
15.3154	45.09761
15.3161	45.09361
15.3168	45.09048
15.3175	45.08865
15.3182	45.08855
15.3189	45.08987
15.3196	45.09238
15.3203	45.09613
15.321	45.10116
15.3217	45.10749
15.3224	45.1152
15.3231	45.12454
15.3238	45.13533
15.3245	45.14731
15.3252	45.16021
15.3259	45.17377
15.3266	45.18787
15.3273	45.20325
15.328	45.21962
15.3287	45.2365
15.3294	45.25344
15.3301	45.26995
15.3308	45.28588
15.3315	45.30207
15.3322	45.31823
15.3329	45.33398
15.3336	45.34892
15.3343	45.36267
15.335	45.37508
15.3357	45.38662
15.3364	45.39724
15.3371	45.40689
15.3378	45.41551
15.3385	45.42305
15.3392	45.42926
15.3399	45.43403
15.3406	45.43773
15.3413	45.44073
15.342	45.44338
15.3427	45.44606
15.3434	45.44836
15.3441	45.44985
15.3448	45.45103
15.3455	45.4524
15.3462	45.45445
15.3469	45.45767
15.3476	45.46168
15.3483	45.46616
15.349	45.47131
15.3497	45.47737
15.3504	45.48455
15.3511	45.49308
15.3518	45.50321
15.3525	45.51471
15.3532	45.52721
15.3539	45.54033
15.3546	45.55368
15.3553	45.56702
15.356	45.58164
15.3567	45.59725
15.3574	45.61286
15.3581	45.6275
15.3588	45.64017
15.3595	45.65025
15.3602	45.65984
15.3609	45.66849
15.3616	45.67503
15.3623	45.67827
15.363	45.67703
15.3637	45.67056
15.3644	45.66051
15.3651	45.64678
15.3658	45.62886
15.3665	45.60627
15.3672	45.57851
15.3679	45.545
15.3686	45.50542
15.3693	45.46064
15.37	45.41157
15.3707	45.35915
15.3714	45.3043
15.3721	45.24657
15.3728	45.18346
15.3735	45.11677
15.3742	45.04852
15.3749	44.98076
15.3756	44.91553
15.3763	44.85248
15.377	44.7885
15.3777	44.72518
15.3784	44.66427
15.3791	44.60751
15.3798	44.55666
15.3805	44.51183
15.3812	44.4713
15.3819	44.43516
15.3826	44.40356
15.3833	44.37662
15.384	44.35449
15.3847	44.33824
15.3854	44.32809
15.3861	44.32261
15.3868	44.3204
15.3875	44.32004
15.3882	44.32012
15.3889	44.32275
15.3896	44.32907
15.3903	44.33712
15.391	44.34494
15.3917	44.35058
15.3924	44.35212
15.3931	44.35147
15.3938	44.34973
15.3945	44.34584
15.3952	44.33875
15.3959	44.32741
15.3966	44.31079
15.3973	44.28898
15.398	44.2627
15.3987	44.23247
15.3994	44.19883
15.4001	44.16231
15.4008	44.12324
15.4015	44.07933
15.4022	44.03111
15.4029	43.98042
15.4036	43.92911
15.4043	43.87903
15.405	43.8316
15.4057	43.78346
15.4064	43.73482
15.4071	43.68748
15.4078	43.64318
15.4085	43.60372
15.4092	43.57045
15.4099	43.5412
15.4106	43.51575
15.4113	43.49469
15.412	43.47858
15.4127	43.46799
15.4134	43.46351
15.4141	43.46537
15.4148	43.47288
15.4155	43.48527
15.4162	43.50176
15.4169	43.52156
15.4176	43.5444
15.4183	43.57207
15.419	43.60393
15.4197	43.63892
15.4204	43.67599
15.4211	43.71411
15.4218	43.75277
15.4225	43.79349
15.4232	43.83604
15.4239	43.87992
15.4246	43.92465
15.4253	43.96974
15.426	44.0149
15.4267	44.06058
15.4274	44.10691
15.4281	44.15394
15.4288	44.20172
15.4295	44.25031
15.4302	44.2998
15.4309	44.35025
15.4316	44.40152
15.4323	44.45345
15.433	44.5059
15.4337	44.55871
15.4344	44.61227
15.4351	44.6674
15.4358	44.72323
15.4365	44.77883
15.4372	44.83326
15.4379	44.88558
15.4386	44.93633
15.4393	44.98748
15.44	45.03758
15.4407	45.08502
15.4414	45.12821
15.4421	45.16556
15.4428	45.19743
15.4435	45.22621
15.4442	45.25066
15.4449	45.26945
15.4456	45.28124
15.4463	45.2847
15.447	45.27962
15.4477	45.26734
15.4484	45.24786
15.4491	45.22117
15.4498	45.18727
15.4505	45.14614
15.4512	45.09682
15.4519	45.03874
15.4526	44.97331
15.4533	44.90195
15.454	44.82609
15.4547	44.74717
15.4554	44.6638
15.4561	44.57398
15.4568	44.47965
15.4575	44.38279
15.4582	44.2854
15.4589	44.18944
15.4596	44.09348
15.4603	43.99521
15.461	43.89643
15.4617	43.79898
15.4624	43.70467
15.4631	43.61533
15.4638	43.52966
15.4645	43.44575
15.4652	43.36502
15.4659	43.28888
15.4666	43.21876
15.4673	43.15609
15.468	43.10011
15.4687	43.04951
15.4694	43.00494
15.4701	42.96706
15.4708	42.93655
15.4715	42.91406
15.4722	42.89969
15.4729	42.89295
15.4736	42.89356
15.4743	42.90123
15.475	42.91568
15.4757	42.93664
15.4764	42.96538
15.4771	43.00228
15.4778	43.04592
15.4785	43.09489
15.4792	43.14778
15.4799	43.20318
15.4806	43.26327
15.4813	43.32932
15.482	43.39925
15.4827	43.47099
15.4834	43.54246
15.4841	43.6116
15.4848	43.68045
15.4855	43.75072
15.4862	43.82073
15.4869	43.88882
15.4876	43.95332
15.4883	44.01256
15.489	44.06737
15.4897	44.11905
15.4904	44.16719
15.4911	44.21141
15.4918	44.2513
15.4925	44.28646
15.4932	44.31646
15.4939	44.34155
15.4946	44.36237
15.4953	44.37954
15.496	44.39369
15.4967	44.40545
15.4974	44.41391
15.4981	44.41852
15.4988	44.42013
15.4995	44.41956
15.5002	44.41763
15.5009	44.41517
15.5016	44.41172
15.5023	44.40663
15.503	44.40016
15.5037	44.39257
15.5044	44.38411
15.5051	44.37506
15.5058	44.36565
15.5065	44.35572
15.5072	44.34491
15.5079	44.33287
15.5086	44.31924
15.5093	44.30366
15.51	44.2865
15.5107	44.26808
15.5114	44.24808
15.5121	44.22617
15.5128	44.20204
15.5135	44.17536
15.5142	44.14582
15.5149	44.1136
15.5156	44.07916
15.5163	44.04296
15.517	44.00544
15.5177	43.96705
15.5184	43.92672
15.5191	43.88379
15.5198	43.83952
15.5205	43.79517
15.5212	43.75199
15.5219	43.71124
15.5226	43.67188
15.5233	43.63247
15.524	43.59422
15.5247	43.55832
15.5254	43.52599
15.5261	43.49841
15.5268	43.47536
15.5275	43.45564
15.5282	43.43952
15.5289	43.42727
15.5296	43.41914
15.5303	43.41542
15.531	43.41662
15.5317	43.42276
15.5324	43.43313
15.5331	43.44698
15.5338	43.46358
15.5345	43.48221
15.5352	43.50356
15.5359	43.52888
15.5366	43.55703
15.5373	43.58682
15.538	43.6171
15.5387	43.64668
15.5394	43.67582
15.5401	43.70611
15.5408	43.73682
15.5415	43.76723
15.5422	43.79657
15.5429	43.82411
15.5436	43.84965
15.5443	43.87395
15.545	43.89706
15.5457	43.91899
15.5464	43.93976
15.5471	43.95937
15.5478	43.97754
15.5485	43.99388
15.5492	44.00893
15.5499	44.02323
15.5506	44.03736
15.5513	44.05188
15.552	44.06679
15.5527	44.08114
15.5534	44.09532
15.5541	44.10981
15.5548	44.1251
15.5555	44.14167
15.5562	44.15975
15.5569	44.17879
15.5576	44.19876
15.5583	44.21971
15.559	44.24164
15.5597	44.26461
15.5604	44.28873
15.5611	44.31428
15.5618	44.34097
15.5625	44.36846
15.5632	44.39642
15.5639	44.4245
15.5646	44.45259
15.5653	44.48134
15.566	44.51056
15.5667	44.53993
15.5674	44.56914
15.5681	44.59786
15.5688	44.62591
15.5695	44.65373
15.5702	44.68131
15.5709	44.70851
15.5716	44.7352
15.5723	44.76126
15.573	44.78659
15.5737	44.81137
15.5744	44.83561
15.5751	44.85925
15.5758	44.88225
15.5765	44.90455
15.5772	44.92614
15.5779	44.94725
15.5786	44.96779
15.5793	44.98759
15.58	45.0065
15.5807	45.02434
15.5814	45.04099
15.5821	45.05689
15.5828	45.07198
15.5835	45.08598
15.5842	45.0986
15.5849	45.10957
15.5856	45.11862
15.5863	45.12608
15.587	45.13206
15.5877	45.13644
15.5884	45.13908
15.5891	45.13986
15.5898	45.13866
15.5905	45.13523
15.5912	45.12973
15.5919	45.12245
15.5926	45.11366
15.5933	45.10367
15.594	45.09275
15.5947	45.08022
15.5954	45.0659
15.5961	45.05037
15.5968	45.03424
15.5975	45.01809
15.5982	45.00251
15.5989	44.98686
15.5996	44.97056
15.6003	44.95421
15.601	44.93841
15.6017	44.92373
15.6024	44.91078
15.6031	44.89939
15.6038	44.88892
15.6045	44.87959
15.6052	44.8716
15.6059	44.86517
15.6066	44.8605
15.6073	44.85774
15.608	44.85679
15.6087	44.85745
15.6094	44.85954
15.6101	44.86286
15.6108	44.86722
15.6115	44.87278
15.6122	44.88002
15.6129	44.88858
15.6136	44.89802
15.6143	44.90794
15.615	44.91791
15.6157	44.9279
15.6164	44.93877
15.6171	44.95015
15.6178	44.96159
15.6185	44.9726
15.6192	44.98273
15.6199	44.99181
15.6206	45.00083
15.6213	45.00947
15.622	45.01724
15.6227	45.02365
15.6234	45.02821
15.6241	45.0306
15.6248	45.03164
15.6255	45.03124
15.6262	45.02911
15.6269	45.02493
15.6276	45.01838
15.6283	45.0092
15.629	44.99769
15.6297	44.98396
15.6304	44.96797
15.6311	44.94973
15.6318	44.9292
15.6325	44.90636
15.6332	44.88085
15.6339	44.85281
15.6346	44.82256
15.6353	44.79044
15.636	44.75678
15.6367	44.72189
15.6374	44.68507
15.6381	44.64617
15.6388	44.60572
15.6395	44.56426
15.6402	44.52234
15.6409	44.48049
15.6416	44.43809
15.6423	44.39461
15.643	44.35063
15.6437	44.3067
15.6444	44.26339
15.6451	44.22126
15.6458	44.18011
15.6465	44.13928
15.6472	44.09906
15.6479	44.05974
15.6486	44.02164
15.6493	43.98505
15.65	43.95006
15.6507	43.91635
15.6514	43.88391
15.6521	43.85273
15.6528	43.82281
15.6535	43.79415
15.6542	43.76678
15.6549	43.74078
15.6556	43.71608
15.6563	43.69258
15.657	43.67017
15.6577	43.64878
15.6584	43.62828
15.6591	43.60865
15.6598	43.59001
15.6605	43.57249
15.6612	43.55624
15.6619	43.5414
15.6626	43.52801
15.6633	43.51543
15.664	43.50389
15.6647	43.49385
15.6654	43.4858
15.6661	43.48021
15.6668	43.47747
15.6675	43.47681
15.6682	43.47813
15.6689	43.48185
15.6696	43.48836
15.6703	43.49807
15.671	43.51137
15.6717	43.52821
15.6724	43.54829
15.6731	43.57149
15.6738	43.59765
15.6745	43.62666
15.6752	43.65836
15.6759	43.69345
15.6766	43.73223
15.6773	43.77389
15.678	43.81764
15.6787	43.86268
15.6794	43.90822
15.6801	43.9547
15.6808	44.0035
15.6815	44.05369
15.6822	44.10433
15.6829	44.15447
15.6836	44.20316
15.6843	44.25023
15.685	44.29719
15.6857	44.34361
15.6864	44.38892
15.6871	44.43252
15.6878	44.47384
15.6885	44.51245
15.6892	44.54881
15.6899	44.58316
15.6906	44.61565
15.6913	44.64643
15.692	44.67565
15.6927	44.70335
15.6934	44.72865
15.6941	44.75189
15.6948	44.77373
15.6955	44.79484
15.6962	44.81588
15.6969	44.83747
15.6976	44.85845
15.6983	44.87867
15.699	44.89875
15.6997	44.91931
15.7004	44.94097
15.7011	44.96434
15.7018	44.98916
15.7025	45.01495
15.7032	45.04177
15.7039	45.06965
15.7046	45.09866
15.7053	45.12883
15.706	45.16055
15.7067	45.19398
15.7074	45.22862
15.7081	45.26393
15.7088	45.29939
15.7095	45.33447
15.7102	45.36934
15.7109	45.40513
15.7116	45.44118
15.7123	45.47678
15.713	45.51119
15.7137	45.54369
15.7144	45.57396
15.7151	45.60338
15.7158	45.63161
15.7165	45.65809
15.7172	45.68225
15.7179	45.7035
15.7186	45.7214
15.7193	45.73672
15.72	45.74955
15.7207	45.75966
15.7214	45.76685
15.7221	45.77091
15.7228	45.77163
15.7235	45.76883
15.7242	45.76271
15.7249	45.75356
15.7256	45.74169
15.7263	45.72738
15.727	45.71092
15.7277	45.69134
15.7284	45.66826
15.7291	45.64269
15.7298	45.61564
15.7305	45.5881
15.7312	45.56107
15.7319	45.53376
15.7326	45.50426
15.7333	45.47403
15.734	45.44461
15.7347	45.41752
15.7354	45.3943
15.7361	45.37519
15.7368	45.35729
15.7375	45.3416
15.7382	45.32947
15.7389	45.32227
15.7396	45.32133
15.7403	45.32763
15.741	45.33952
15.7417	45.3568
15.7424	45.37973
15.7431	45.40858
15.7438	45.44361
15.7445	45.48512
15.7452	45.53402
15.7459	45.58981
15.7466	45.65148
15.7473	45.71802
15.748	45.78843
15.7487	45.86173
15.7494	45.93986
15.7501	46.02363
15.7508	46.11141
15.7515	46.20154
15.7522	46.29238
15.7529	46.3823
15.7536	46.47185
15.7543	46.56329
15.755	46.65556
15.7557	46.74755
15.7564	46.83816
15.7571	46.92627
15.7578	47.01134
15.7585	47.09461
15.7592	47.17618
15.7599	47.25608
15.7606	47.3343
15.7613	47.41084
15.762	47.48552
15.7627	47.55732
15.7634	47.62686
15.7641	47.69508
15.7648	47.76292
15.7655	47.83132
15.7662	47.90111
15.7669	47.97067
15.7676	48.03977
15.7683	48.10928
15.769	48.18007
15.7697	48.25299
15.7704	48.32889
15.7711	48.40773
15.7718	48.48883
15.7725	48.57198
15.7732	48.65699
15.7739	48.74365
15.7746	48.83178
15.7753	48.92216
15.776	49.01591
15.7767	49.11168
15.7774	49.20804
15.7781	49.30358
15.7788	49.39686
15.7795	49.48755
15.7802	49.5788
15.7809	49.66955
15.7816	49.75816
15.7823	49.84298
15.783	49.92239
15.7837	49.99504
15.7844	50.06301
15.7851	50.12665
15.7858	50.18544
15.7865	50.23885
15.7872	50.28636
15.7879	50.32743
15.7886	50.3612
15.7893	50.38815
15.79	50.40936
15.7907	50.42592
15.7914	50.43891
15.7921	50.44943
15.7928	50.45614
15.7935	50.45703
15.7942	50.45403
15.7949	50.4491
15.7956	50.4442
15.7963	50.44128
15.797	50.44086
15.7977	50.43968
15.7984	50.43854
15.7991	50.43863
15.7998	50.44113
15.8005	50.44722
15.8012	50.4579
15.8019	50.47234
15.8026	50.48999
15.8033	50.51053
15.804	50.53367
15.8047	50.5591
15.8054	50.58657
15.8061	50.61766
15.8068	50.6523
15.8075	50.68918
15.8082	50.72702
15.8089	50.7645
15.8096	50.80033
15.8103	50.83527
15.811	50.87097
15.8117	50.90648
15.8124	50.94084
15.8131	50.9731
15.8138	51.00232
15.8145	51.02795
15.8152	51.05095
15.8159	51.07155
15.8166	51.08993
15.8173	51.10625
15.818	51.12067
15.8187	51.13317
15.8194	51.14248
15.8201	51.14917
15.8208	51.15421
15.8215	51.1586
15.8222	51.1633
15.8229	51.16926
15.8236	51.17509
15.8243	51.1803
15.825	51.18564
15.8257	51.19187
15.8264	51.19973
15.8271	51.20996
15.8278	51.22271
15.8285	51.23729
15.8292	51.25353
15.8299	51.27128
15.8306	51.29037
15.8313	51.31065
15.832	51.33236
15.8327	51.35647
15.8334	51.38227
15.8341	51.4089
15.8348	51.43549
15.8355	51.46121
15.8362	51.48544
15.8369	51.51008
15.8376	51.5349
15.8383	51.55898
15.839	51.58134
15.8397	51.60105
15.8404	51.61716
15.8411	51.63055
15.8418	51.64188
15.8425	51.65074
15.8432	51.65669
15.8439	51.65933
15.8446	51.65823
15.8453	51.65326
15.846	51.64487
15.8467	51.6331
15.8474	51.61803
15.8481	51.5997
15.8488	51.57818
15.8495	51.55345
15.8502	51.5253
15.8509	51.49384
15.8516	51.45922
15.8523	51.42159
15.853	51.38111
15.8537	51.3379
15.8544	51.29173
15.8551	51.24256
15.8558	51.1905
15.8565	51.13568
15.8572	51.07819
15.8579	51.01816
15.8586	50.95527
15.8593	50.88931
15.86	50.82065
15.8607	50.74964
15.8614	50.67665
15.8621	50.60205
15.8628	50.52567
15.8635	50.44651
15.8642	50.36518
15.8649	50.28235
15.8656	50.19873
15.8663	50.11502
15.867	50.03167
15.8677	49.94717
15.8684	49.86173
15.8691	49.77606
15.8698	49.6909
15.8705	49.60698
15.8712	49.52502
15.8719	49.4446
15.8726	49.36521
15.8733	49.2869
15.874	49.20975
15.8747	49.13382
15.8754	49.05917
15.8761	48.98638
15.8768	48.916
15.8775	48.84712
15.8782	48.7788
15.8789	48.71009
15.8796	48.64005
15.8803	48.56839
15.881	48.49775
15.8817	48.42726
15.8824	48.35541
15.8831	48.28066
15.8838	48.2015
15.8845	48.11649
15.8852	48.02749
15.8859	47.93521
15.8866	47.83891
15.8873	47.73783
15.888	47.63123
15.8887	47.51835
15.8894	47.39844
15.8901	47.27179
15.8908	47.1394
15.8915	47.00226
15.8922	46.86139
15.8929	46.71778
15.8936	46.57121
15.8943	46.41785
15.895	46.25967
15.8957	46.09932
15.8964	45.93948
15.8971	45.78282
15.8978	45.63161
15.8985	45.4807
15.8992	45.32968
15.8999	45.18127
15.9006	45.0382
15.9013	44.9032
15.902	44.779
15.9027	44.66433
15.9034	44.55602
15.9041	44.45542
15.9048	44.36389
15.9055	44.28278
15.9062	44.21346
15.9069	44.15703
15.9076	44.11285
15.9083	44.07992
15.909	44.05731
15.9097	44.04408
15.9104	44.03928
15.9111	44.04228
15.9118	44.05677
15.9125	44.08217
15.9132	44.11591
15.9139	44.15544
15.9146	44.19821
15.9153	44.24166
15.916	44.28832
15.9167	44.34151
15.9174	44.39853
15.9181	44.45665
15.9188	44.51316
15.9195	44.56534
15.9202	44.61219
15.9209	44.65808
15.9216	44.70228
15.9223	44.74347
15.923	44.78034
15.9237	44.81157
15.9244	44.83593
15.9251	44.85409
15.9258	44.86683
15.9265	44.87453
15.9272	44.87753
15.9279	44.87621
15.9286	44.87093
15.9293	44.86041
15.93	44.84373
15.9307	44.82245
15.9314	44.79811
15.9321	44.77228
15.9328	44.7465
15.9335	44.7211
15.9342	44.69256
15.9349	44.66206
15.9356	44.63136
15.9363	44.60221
15.937	44.57635
15.9377	44.55535
15.9384	44.53669
15.9391	44.51979
15.9398	44.50568
15.9405	44.49538
15.9412	44.48992
15.9419	44.49031
15.9426	44.49678
15.9433	44.50842
15.944	44.52492
15.9447	44.54602
15.9454	44.57145
15.9461	44.60092
15.9468	44.63468
15.9475	44.67462
15.9482	44.71964
15.9489	44.76825
15.9496	44.81895
15.9503	44.87024
15.951	44.92074
15.9517	44.97348
15.9524	45.02901
15.9531	45.08547
15.9538	45.14099
15.9545	45.19371
15.9552	45.24176
15.9559	45.28558
15.9566	45.32803
15.9573	45.36796
15.958	45.4041
15.9587	45.43519
15.9594	45.45996
15.9601	45.47748
15.9608	45.48914
15.9615	45.49527
15.9622	45.4958
15.9629	45.49067
15.9636	45.47981
15.9643	45.46315
15.965	45.43968
15.9657	45.40944
15.9664	45.37345
15.9671	45.33274
15.9678	45.28833
15.9685	45.24124
15.9692	45.1912
15.9699	45.1358
15.9706	45.07628
15.9713	45.01408
15.972	44.95064
15.9727	44.88739
15.9734	44.82549
15.9741	44.76254
15.9748	44.69839
15.9755	44.63397
15.9762	44.5702
15.9769	44.50802
15.9776	44.44836
15.9783	44.39097
15.979	44.33491
15.9797	44.28033
15.9804	44.22739
15.9811	44.17625
15.9818	44.12706
15.9825	44.08
15.9832	44.03509
15.9839	43.99213
15.9846	43.95093
15.9853	43.91128
15.986	43.87298
15.9867	43.83583
15.9874	43.79989
15.9881	43.76531
15.9888	43.73214
15.9895	43.70044
15.9902	43.67026
15.9909	43.64167
15.9916	43.6144
15.9923	43.58809
15.993	43.56315
15.9937	43.54003
15.9944	43.51919
15.9951	43.50106
15.9958	43.48597
15.9965	43.47314
15.9972	43.46259
15.9979	43.45458
15.9986	43.44941
15.9993	43.44737
16	43.44874
16.0007	43.45389
16.0014	43.46268
16.0021	43.47462
16.0028	43.48921
16.0035	43.50597
16.0042	43.5244
16.0049	43.54462
16.0056	43.56834
16.0063	43.59472
16.007	43.62259
16.0077	43.6508
16.0084	43.67821
16.0091	43.70374
16.0098	43.72925
16.0105	43.75523
16.0112	43.78072
16.0119	43.80478
16.0126	43.82645
16.0133	43.84478
16.014	43.85953
16.0147	43.87182
16.0154	43.88165
16.0161	43.889
16.0168	43.89383
16.0175	43.89612
16.0182	43.89569
16.0189	43.8914
16.0196	43.88381
16.0203	43.87393
16.021	43.86276
16.0217	43.85131
16.0224	43.84059
16.0231	43.8295
16.0238	43.81665
16.0245	43.80321
16.0252	43.79036
16.0259	43.77926
16.0266	43.77109
16.0273	43.76656
16.028	43.76411
16.0287	43.76366
16.0294	43.76543
16.0301	43.76965
16.0308	43.77654
16.0315	43.78634
16.0322	43.8001
16.0329	43.81761
16.0336	43.83776
16.0343	43.85946
16.035	43.88159
16.0357	43.90304
16.0364	43.92409
16.0371	43.94754
16.0378	43.97201
16.0385	43.99581
16.0392	44.01724
16.0399	44.03464
16.0406	44.04647
16.0413	44.05489
16.042	44.06056
16.0427	44.06278
16.0434	44.06086
16.0441	44.05412
16.0448	44.04184
16.0455	44.02324
16.0462	43.99839
16.0469	43.96835
16.0476	43.93417
16.0483	43.89693
16.049	43.8577
16.0497	43.81703
16.0504	43.77125
16.0511	43.72119
16.0518	43.66911
16.0525	43.61725
16.0532	43.56785
16.0539	43.52315
16.0546	43.48163
16.0553	43.44044
16.056	43.40118
16.0567	43.36545
16.0574	43.33487
16.0581	43.31106
16.0588	43.29522
16.0595	43.28574
16.0602	43.28211
16.0609	43.28413
16.0616	43.29162
16.0623	43.30439
16.063	43.32227
16.0637	43.3472
16.0644	43.37957
16.0651	43.41744
16.0658	43.45891
16.0665	43.50206
16.0672	43.54496
16.0679	43.58728
16.0686	43.63356
16.0693	43.68229
16.07	43.7312
16.0707	43.77805
16.0714	43.82057
16.0721	43.85659
16.0728	43.88857
16.0735	43.91798
16.0742	43.94373
16.0749	43.96478
16.0756	43.98004
16.0763	43.98845
16.077	43.9892
16.0777	43.98288
16.0784	43.97027
16.0791	43.95208
16.0798	43.92906
16.0805	43.90195
16.0812	43.87134
16.0819	43.83451
16.0826	43.79153
16.0833	43.7443
16.084	43.69473
16.0847	43.64472
16.0854	43.59619
16.0861	43.54883
16.0868	43.49903
16.0875	43.44828
16.0882	43.3983
16.0889	43.35081
16.0896	43.30753
16.0903	43.26998
16.091	43.23588
16.0917	43.20465
16.0924	43.17695
16.0931	43.15347
16.0938	43.13488
16.0945	43.12187
16.0952	43.11487
16.0959	43.11348
16.0966	43.11717
16.0973	43.12545
16.098	43.13782
16.0987	43.15378
16.0994	43.17301
16.1001	43.19732
16.1008	43.22642
16.1015	43.25914
16.1022	43.29436
16.1029	43.33093
16.1036	43.3677
16.1043	43.40533
16.105	43.44584
16.1057	43.48809
16.1064	43.53086
16.1071	43.57296
16.1078	43.61318
16.1085	43.65058
16.1092	43.68709
16.1099	43.72287
16.1106	43.75727
16.1113	43.78967
16.112	43.81943
16.1127	43.84591
16.1134	43.86905
16.1141	43.88948
16.1148	43.90729
16.1155	43.92252
16.1162	43.93524
16.1169	43.94549
16.1176	43.95325
16.1183	43.95777
16.119	43.95936
16.1197	43.95858
16.1204	43.95601
16.1211	43.95222
16.1218	43.9478
16.1225	43.94229
16.1232	43.93476
16.1239	43.9258
16.1246	43.91606
16.1253	43.90615
16.126	43.8967
16.1267	43.88818
16.1274	43.87951
16.1281	43.87068
16.1288	43.86204
16.1295	43.85396
16.1302	43.84682
16.1309	43.84097
16.1316	43.83652
16.1323	43.83312
16.133	43.83066
16.1337	43.82904
16.1344	43.82816
16.1351	43.82791
16.1358	43.82827
16.1365	43.82975
16.1372	43.83221
16.1379	43.83529
16.1386	43.83863
16.1393	43.84187
16.14	43.84467
16.1407	43.84717
16.1414	43.84992
16.1421	43.85268
16.1428	43.85516
16.1435	43.85712
16.1442	43.85829
16.1449	43.85842
16.1456	43.85767
16.1463	43.85618
16.147	43.85406
16.1477	43.85139
16.1484	43.84827
16.1491	43.8448
16.1498	43.84077
16.1505	43.83587
16.1512	43.8304
16.1519	43.82471
16.1526	43.8191
16.1533	43.8139
16.154	43.80939
16.1547	43.80508
16.1554	43.80088
16.1561	43.79695
16.1568	43.79348
16.1575	43.79061
16.1582	43.78851
16.1589	43.78736
16.1596	43.78711
16.1603	43.78757
16.161	43.78851
16.1617	43.78972
16.1624	43.79099
16.1631	43.79216
16.1638	43.79394
16.1645	43.7963
16.1652	43.79878
16.1659	43.80091
16.1666	43.80223
16.1673	43.80227
16.168	43.80097
16.1687	43.79905
16.1694	43.79636
16.1701	43.79271
16.1708	43.78789
16.1715	43.78171
16.1722	43.77396
16.1729	43.76439
16.1736	43.75319
16.1743	43.7407
16.175	43.72726
16.1757	43.71322
16.1764	43.69891
16.1771	43.68424
16.1778	43.6682
16.1785	43.65126
16.1792	43.63407
16.1799	43.61726
16.1806	43.60146
16.1813	43.58729
16.182	43.57417
16.1827	43.56162
16.1834	43.54988
16.1841	43.5392
16.1848	43.52982
16.1855	43.52199
16.1862	43.51606
16.1869	43.51235
16.1876	43.51039
16.1883	43.50957
16.189	43.50933
16.1897	43.50907
16.1904	43.50822
16.1911	43.50776
16.1918	43.50846
16.1925	43.50942
16.1932	43.50975
16.1939	43.50852
16.1946	43.50486
16.1953	43.49813
16.196	43.48965
16.1967	43.47952
16.1974	43.46743
16.1981	43.45311
16.1988	43.43626
16.1995	43.41658
16.2002	43.39342
16.2009	43.3666
16.2016	43.33701
16.2023	43.30554
16.203	43.27305
16.2037	43.24044
16.2044	43.20831
16.2051	43.17389
16.2058	43.1375
16.2065	43.10076
16.2072	43.06526
16.2079	43.03262
16.2086	43.00443
16.2093	42.98049
16.21	42.95792
16.2107	42.93776
16.2114	42.92122
16.2121	42.90953
16.2128	42.9039
16.2135	42.90551
16.2142	42.91375
16.2149	42.92781
16.2156	42.94746
16.2163	42.97249
16.217	43.00268
16.2177	43.03781
16.2184	43.07841
16.2191	43.12653
16.2198	43.18076
16.2205	43.23936
16.2212	43.30061
16.2219	43.36277
16.2226	43.4241
16.2233	43.48731
16.224	43.55422
16.2247	43.62276
16.2254	43.69085
16.2261	43.75642
16.2268	43.81738
16.2275	43.8724
16.2282	43.92494
16.2289	43.97499
16.2296	44.02152
16.2303	44.06354
16.231	44.10003
16.2317	44.12999
16.2324	44.15292
16.2331	44.16957
16.2338	44.18057
16.2345	44.18654
16.2352	44.18809
16.2359	44.18585
16.2366	44.18024
16.2373	44.16911
16.238	44.15266
16.2387	44.13222
16.2394	44.10917
16.2401	44.08485
16.2408	44.06061
16.2415	44.0366
16.2422	44.01034
16.2429	43.9825
16.2436	43.95399
16.2443	43.92572
16.245	43.8986
16.2457	43.87353
16.2464	43.8502
16.2471	43.82792
16.2478	43.80653
16.2485	43.78588
16.2492	43.76584
16.2499	43.74625
16.2506	43.72718
16.2513	43.70956
16.252	43.69297
16.2527	43.67674
16.2534	43.6602
16.2541	43.64267
16.2548	43.62349
16.2555	43.6029
16.2562	43.5818
16.2569	43.55989
16.2576	43.53683
16.2583	43.5123
16.259	43.48599
16.2597	43.45757
16.2604	43.4268
16.2611	43.394
16.2618	43.35961
16.2625	43.32406
16.2632	43.28777
16.2639	43.25119
16.2646	43.21413
16.2653	43.17531
16.266	43.13537
16.2667	43.09514
16.2674	43.05541
16.2681	43.01699
16.2688	42.98068
16.2695	42.94571
16.2702	42.91135
16.2709	42.87802
16.2716	42.84615
16.2723	42.81616
16.273	42.78846
16.2737	42.76346
16.2744	42.74103
16.2751	42.72087
16.2758	42.70266
16.2765	42.6861
16.2772	42.67089
16.2779	42.65673
16.2786	42.64399
16.2793	42.63347
16.28	42.62456
16.2807	42.61661
16.2814	42.60898
16.2821	42.601
16.2828	42.59208
16.2835	42.58293
16.2842	42.57392
16.2849	42.56485
16.2856	42.55548
16.2863	42.54559
16.287	42.53499
16.2877	42.52333
16.2884	42.51023
16.2891	42.4962
16.2898	42.48181
16.2905	42.46765
16.2912	42.4543
16.2919	42.44234
16.2926	42.43088
16.2933	42.4188
16.294	42.40715
16.2947	42.39698
16.2954	42.38935
16.2961	42.3853
16.2968	42.38573
16.2975	42.38877
16.2982	42.39418
16.2989	42.4027
16.2996	42.41508
16.3003	42.43206
16.301	42.45439
16.3017	42.48253
16.3024	42.51576
16.3031	42.55383
16.3038	42.59649
16.3045	42.64356
16.3052	42.6948
16.3059	42.75
16.3066	42.81026
16.3073	42.87608
16.308	42.94635
16.3087	43.01998
16.3094	43.09586
16.3101	43.1729
16.3108	43.25036
16.3115	43.33118
16.3122	43.41506
16.3129	43.50053
16.3136	43.58608
16.3143	43.67022
16.315	43.75145
16.3157	43.82972
16.3164	43.90786
16.3171	43.98503
16.3178	44.06014
16.3185	44.13211
16.3192	44.19985
16.3199	44.26226
16.3206	44.32023
16.3213	44.37476
16.322	44.42543
16.3227	44.4718
16.3234	44.51343
16.3241	44.54989
16.3248	44.58079
16.3255	44.60644
16.3262	44.62708
16.3269	44.64283
16.3276	44.65384
16.3283	44.66022
16.329	44.66212
16.3297	44.65931
16.3304	44.65115
16.3311	44.63811
16.3318	44.62074
16.3325	44.59956
16.3332	44.57512
16.3339	44.54794
16.3346	44.51684
16.3353	44.48124
16.336	44.44208
16.3367	44.40027
16.3374	44.35675
16.3381	44.31246
16.3388	44.26798
16.3395	44.221
16.3402	44.17174
16.3409	44.12131
16.3416	44.07082
16.3423	44.02139
16.343	43.97413
16.3437	43.92899
16.3444	43.88371
16.3451	43.83906
16.3458	43.796
16.3465	43.75551
16.3472	43.71853
16.3479	43.68605
16.3486	43.65739
16.3493	43.63162
16.35	43.60906
16.3507	43.59003
16.3514	43.57488
16.3521	43.56391
16.3528	43.5575
16.3535	43.55607
16.3542	43.55919
16.3549	43.56624
16.3556	43.57661
16.3563	43.58968
16.357	43.60484
16.3577	43.62239
16.3584	43.64447
16.3591	43.66997
16.3598	43.69752
16.3605	43.72573
16.3612	43.75323
16.3619	43.77865
16.3626	43.8034
16.3633	43.82936
16.364	43.85523
16.3647	43.8797
16.3654	43.90145
16.3661	43.91919
16.3668	43.93174
16.3675	43.94086
16.3682	43.9471
16.3689	43.94995
16.3696	43.94893
16.3703	43.94356
16.371	43.93336
16.3717	43.91778
16.3724	43.89662
16.3731	43.87054
16.3738	43.84026
16.3745	43.80649
16.3752	43.76997
16.3759	43.73141
16.3766	43.68979
16.3773	43.64341
16.378	43.59367
16.3787	43.54201
16.3794	43.48987
16.3801	43.43868
16.3808	43.3898
16.3815	43.3406
16.3822	43.29025
16.3829	43.24019
16.3836	43.19181
16.3843	43.14654
16.385	43.10579
16.3857	43.07053
16.3864	43.03859
16.3871	43.00984
16.3878	42.98473
16.3885	42.96371
16.3892	42.94726
16.3899	42.93582
16.3906	42.92988
16.3913	42.92944
16.392	42.93388
16.3927	42.94257
16.3934	42.95487
16.3941	42.97016
16.3948	42.9878
16.3955	43.00922
16.3962	43.03527
16.3969	43.06474
16.3976	43.0964
16.3983	43.12903
16.399	43.1614
16.3997	43.19252
16.4004	43.2246
16.4011	43.25792
16.4018	43.2916
16.4025	43.32476
16.4032	43.35652
16.4039	43.38602
16.4046	43.41275
16.4053	43.43785
16.406	43.46144
16.4067	43.48346
16.4074	43.50384
16.4081	43.52252
16.4088	43.53942
16.4095	43.55409
16.4102	43.56614
16.4109	43.57624
16.4116	43.58503
16.4123	43.59318
16.413	43.60136
16.4137	43.61021
16.4144	43.61854
16.4151	43.62584
16.4158	43.63283
16.4165	43.64024
16.4172	43.64879
16.4179	43.6592
16.4186	43.67207
16.4193	43.68648
16.42	43.70219
16.4207	43.71934
16.4214	43.73804
16.4221	43.75841
16.4228	43.78058
16.4235	43.80485
16.4242	43.83176
16.4249	43.86074
16.4256	43.89117
16.4263	43.92239
16.427	43.95377
16.4277	43.98467
16.4284	44.01586
16.4291	44.04863
16.4298	44.08201
16.4305	44.115
16.4312	44.1466
16.4319	44.17582
16.4326	44.2017
16.4333	44.22552
16.434	44.248
16.4347	44.26855
16.4354	44.28659
16.4361	44.30154
16.4368	44.31284
16.4375	44.31996
16.4382	44.32322
16.4389	44.32296
16.4396	44.31944
16.4403	44.31293
16.441	44.30367
16.4417	44.29193
16.4424	44.27742
16.4431	44.25877
16.4438	44.23679
16.4445	44.21247
16.4452	44.18682
16.4459	44.16086
16.4466	44.13559
16.4473	44.11028
16.448	44.08313
16.4487	44.05514
16.4494	44.02734
16.4501	44.00078
16.4508	43.97649
16.4515	43.95548
16.4522	43.93655
16.4529	43.91886
16.4536	43.90298
16.4543	43.88948
16.455	43.87891
16.4557	43.87185
16.4564	43.86881
16.4571	43.86947
16.4578	43.87351
16.4585	43.88069
16.4592	43.8908
16.4599	43.90363
16.4606	43.91896
16.4613	43.93689
16.462	43.95848
16.4627	43.98324
16.4634	44.01046
16.4641	44.03943
16.4648	44.06945
16.4655	44.09981
16.4662	44.1308
16.4669	44.16385
16.4676	44.19832
16.4683	44.23349
16.469	44.26864
16.4697	44.30306
16.4704	44.33603
16.4711	44.36816
16.4718	44.40022
16.4725	44.43184
16.4732	44.46263
16.4739	44.49222
16.4746	44.52021
16.4753	44.54627
16.476	44.57088
16.4767	44.59423
16.4774	44.61619
16.4781	44.6366
16.4788	44.65533
16.4795	44.67223
16.4802	44.68722
16.4809	44.70058
16.4816	44.7123
16.4823	44.72227
16.483	44.7304
16.4837	44.73658
16.4844	44.74071
16.4851	44.74279
16.4858	44.74312
16.4865	44.74157
16.4872	44.73801
16.4879	44.7323
16.4886	44.7243
16.4893	44.71386
16.49	44.70094
16.4907	44.68567
16.4914	44.6681
16.4921	44.64829
16.4928	44.62628
16.4935	44.60211
16.4942	44.57584
16.4949	44.54692
16.4956	44.51522
16.4963	44.48125
16.497	44.44551
16.4977	44.40849
16.4984	44.3707
16.4991	44.33254
16.4998	44.29229
16.5005	44.24997
16.5012	44.20659
16.5019	44.16319
16.5026	44.12078
16.5033	44.08039
16.504	44.04258
16.5047	44.00489
16.5054	43.9676
16.5061	43.93179
16.5068	43.8985
16.5075	43.86879
16.5082	43.84371
16.5089	43.82359
16.5096	43.8066
16.5103	43.79296
16.511	43.78318
16.5117	43.77774
16.5124	43.77712
16.5131	43.78181
16.5138	43.79215
16.5145	43.80788
16.5152	43.82857
16.5159	43.85382
16.5166	43.8832
16.5173	43.91632
16.518	43.95275
16.5187	43.9936
16.5194	44.03963
16.5201	44.08978
16.5208	44.14301
16.5215	44.19829
16.5222	44.25458
16.5229	44.3109
16.5236	44.36943
16.5243	44.43075
16.525	44.49366
16.5257	44.55696
16.5264	44.61948
16.5271	44.68
16.5278	44.7376
16.5285	44.79433
16.5292	44.85042
16.5299	44.90522
16.5306	44.95808
16.5313	45.00835
16.532	45.0554
16.5327	45.09877
16.5334	45.13929
16.5341	45.1771
16.5348	45.2122
16.5355	45.24455
16.5362	45.27414
16.5369	45.30096
16.5376	45.32486
16.5383	45.34556
16.539	45.36333
16.5397	45.37846
16.5404	45.39125
16.5411	45.40201
16.5418	45.41104
16.5425	45.41826
16.5432	45.4232
16.5439	45.426
16.5446	45.42682
16.5453	45.42582
16.546	45.42313
16.5467	45.41892
16.5474	45.41326
16.5481	45.40604
16.5488	45.39714
16.5495	45.38643
16.5502	45.3738
16.5509	45.35912
16.5516	45.34226
16.5523	45.32345
16.553	45.30276
16.5537	45.28009
16.5544	45.25534
16.5551	45.22839
16.5558	45.19915
16.5565	45.16749
16.5572	45.13304
16.5579	45.096
16.5586	45.05673
16.5593	45.0156
16.56	44.97298
16.5607	44.92924
16.5614	44.88443
16.5621	44.83691
16.5628	44.78715
16.5635	44.73616
16.5642	44.68493
16.5649	44.63445
16.5656	44.58573
16.5663	44.53894
16.567	44.49158
16.5677	44.44432
16.5684	44.39828
16.5691	44.35454
16.5698	44.31422
16.5705	44.27839
16.5712	44.24717
16.5719	44.21867
16.5726	44.19327
16.5733	44.17149
16.574	44.15383
16.5747	44.14083
16.5754	44.133
16.5761	44.13083
16.5768	44.13414
16.5775	44.1423
16.5782	44.15467
16.5789	44.17061
16.5796	44.18947
16.5803	44.21061
16.581	44.23567
16.5817	44.26584
16.5824	44.29957
16.5831	44.33534
16.5838	44.3716
16.5845	44.40683
16.5852	44.43953
16.5859	44.47241
16.5866	44.50674
16.5873	44.54092
16.588	44.57341
16.5887	44.60262
16.5894	44.62698
16.5901	44.64506
16.5908	44.65883
16.5915	44.66912
16.5922	44.67542
16.5929	44.67723
16.5936	44.67406
16.5943	44.6654
16.595	44.65072
16.5957	44.62949
16.5964	44.60232
16.5971	44.57004
16.5978	44.53347
16.5985	44.49343
16.5992	44.45074
16.5999	44.40565
16.6006	44.3553
16.6013	44.3004
16.602	44.24248
16.6027	44.18308
16.6034	44.12373
16.6041	44.06594
16.6048	44.0102
16.6055	43.95312
16.6062	43.89538
16.6069	43.83822
16.6076	43.7829
16.6083	43.73067
16.609	43.68278
16.6097	43.63961
16.6104	43.5993
16.6111	43.56193
16.6118	43.52778
16.6125	43.49712
16.6132	43.47023
16.6139	43.44737
16.6146	43.42903
16.6153	43.4154
16.616	43.40587
16.6167	43.39975
16.6174	43.3964
16.6181	43.39514
16.6188	43.39532
16.6195	43.39767
16.6202	43.40357
16.6209	43.41209
16.6216	43.42227
16.6223	43.43317
16.623	43.4438
16.6237	43.45324
16.6244	43.46214
16.6251	43.4717
16.6258	43.48142
16.6265	43.49084
16.6272	43.49946
16.6279	43.50679
16.6286	43.51237
16.6293	43.51622
16.63	43.51874
16.6307	43.5201
16.6314	43.52051
16.6321	43.52012
16.6328	43.51912
16.6335	43.51769
16.6342	43.51508
16.6349	43.51118
16.6356	43.50652
16.6363	43.5016
16.637	43.49692
16.6377	43.49301
16.6384	43.49031
16.6391	43.48802
16.6398	43.48587
16.6405	43.48418
16.6412	43.48327
16.6419	43.48344
16.6426	43.48501
16.6433	43.48825
16.644	43.49285
16.6447	43.49867
16.6454	43.50568
16.6461	43.5139
16.6468	43.52331
16.6475	43.53391
16.6482	43.54573
16.6489	43.55899
16.6496	43.5736
16.6503	43.5894
16.651	43.6062
16.6517	43.62382
16.6524	43.64209
16.6531	43.66089
16.6538	43.68054
16.6545	43.70103
16.6552	43.72229
16.6559	43.74424
16.6566	43.76681
16.6573	43.7899
16.658	43.81347
16.6587	43.83763
16.6594	43.86239
16.6601	43.88774
16.6608	43.91368
16.6615	43.9402
16.6622	43.96729
16.6629	43.99503
16.6636	44.02367
16.6643	44.05305
16.665	44.08296
16.6657	44.11317
16.6664	44.14347
16.6671	44.17365
16.6678	44.20385
16.6685	44.23511
16.6692	44.2669
16.6699	44.29855
16.6706	44.32942
16.6713	44.35884
16.672	44.38614
16.6727	44.41145
16.6734	44.43647
16.6741	44.46055
16.6748	44.48289
16.6755	44.50266
16.6762	44.51905
16.6769	44.53125
16.6776	44.53921
16.6783	44.54433
16.679	44.54633
16.6797	44.54485
16.6804	44.53949
16.6811	44.52987
16.6818	44.51563
16.6825	44.49633
16.6832	44.47195
16.6839	44.44306
16.6846	44.41021
16.6853	44.37397
16.686	44.3349
16.6867	44.29356
16.6874	44.24913
16.6881	44.19989
16.6888	44.14707
16.6895	44.09201
16.6902	44.03601
16.6909	43.9804
16.6916	43.92649
16.6923	43.87325
16.693	43.81803
16.6937	43.76227
16.6944	43.70745
16.6951	43.6551
16.6958	43.6067
16.6965	43.56376
16.6972	43.52569
16.6979	43.49031
16.6986	43.45827
16.6993	43.43026
16.7	43.40697
16.7007	43.38909
16.7014	43.37732
16.7021	43.37198
16.7028	43.37257
16.7035	43.3786
16.7042	43.38959
16.7049	43.40506
16.7056	43.42452
16.7063	43.4475
16.707	43.47518
16.7077	43.50871
16.7084	43.54685
16.7091	43.58834
16.7098	43.63192
16.7105	43.67634
16.7112	43.72035
16.7119	43.7652
16.7126	43.81274
16.7133	43.86187
16.714	43.91151
16.7147	43.96058
16.7154	44.00798
16.7161	44.05264
16.7168	44.09526
16.7175	44.13716
16.7182	44.1779
16.7189	44.217
16.7196	44.25403
16.7203	44.28851
16.721	44.32
16.7217	44.3484
16.7224	44.3741
16.7231	44.39733
16.7238	44.41832
16.7245	44.43729
16.7252	44.45449
16.7259	44.47013
16.7266	44.48374
16.7273	44.49495
16.728	44.50417
16.7287	44.5118
16.7294	44.51826
16.7301	44.52395
16.7308	44.52929
16.7315	44.53401
16.7322	44.53767
16.7329	44.54038
16.7336	44.54228
16.7343	44.54349
16.735	44.54414
16.7357	44.54436
16.7364	44.54433
16.7371	44.54401
16.7378	44.54316
16.7385	44.54156
16.7392	44.53898
16.7399	44.5352
16.7406	44.52997
16.7413	44.52369
16.742	44.51667
16.7427	44.50863
16.7434	44.49925
16.7441	44.48825
16.7448	44.47531
16.7455	44.46014
16.7462	44.4428
16.7469	44.42361
16.7476	44.40258
16.7483	44.37973
16.749	44.35508
16.7497	44.32863
16.7504	44.30042
16.7511	44.26999
16.7518	44.23713
16.7525	44.2023
16.7532	44.16599
16.7539	44.12865
16.7546	44.09076
16.7553	44.05278
16.756	44.01396
16.7567	43.97346
16.7574	43.932
16.7581	43.89028
16.7588	43.84903
16.7595	43.80894
16.7602	43.77074
16.7609	43.73383
16.7616	43.69713
16.7623	43.66118
16.763	43.62654
16.7637	43.59372
16.7644	43.56329
16.7651	43.53577
16.7658	43.51097
16.7665	43.48816
16.7672	43.4675
16.7679	43.44919
16.7686	43.43339
16.7693	43.42029
16.77	43.41006
16.7707	43.40291
16.7714	43.3988
16.7721	43.39746
16.7728	43.39863
16.7735	43.40203
16.7742	43.40741
16.7749	43.41449
16.7756	43.42365
16.7763	43.43562
16.777	43.44987
16.7777	43.46587
16.7784	43.48308
16.7791	43.50096
16.7798	43.51897
16.7805	43.53741
16.7812	43.55737
16.7819	43.57837
16.7826	43.59988
16.7833	43.62137
16.784	43.64231
16.7847	43.66217
16.7854	43.68095
16.7861	43.69952
16.7868	43.71773
16.7875	43.73535
16.7882	43.7522
16.7889	43.76807
16.7896	43.78275
16.7903	43.79603
16.791	43.80788
16.7917	43.8186
16.7924	43.82845
16.7931	43.83773
16.7938	43.84672
16.7945	43.85571
16.7952	43.86448
16.7959	43.87194
16.7966	43.87865
16.7973	43.88528
16.798	43.89251
16.7987	43.90103
16.7994	43.91151
16.8001	43.924
16.8008	43.93681
16.8015	43.95042
16.8022	43.96552
16.8029	43.98279
16.8036	44.00295
16.8043	44.02667
16.805	44.05429
16.8057	44.08459
16.8064	44.11762
16.8071	44.15363
16.8078	44.19288
16.8085	44.23563
16.8092	44.28213
16.8099	44.3327
16.8106	44.38763
16.8113	44.44653
16.812	44.50887
16.8127	44.57417
16.8134	44.64192
16.8141	44.71162
16.8148	44.78314
16.8155	44.85864
16.8162	44.9376
16.8169	45.0188
16.8176	45.10105
16.8183	45.18315
16.819	45.2639
16.8197	45.34251
16.8204	45.42206
16.8211	45.50244
16.8218	45.58232
16.8225	45.6604
16.8232	45.73536
16.8239	45.8059
16.8246	45.87093
16.8253	45.93312
16.826	45.9928
16.8267	46.04897
16.8274	46.10065
16.8281	46.14683
16.8288	46.18652
16.8295	46.2188
16.8302	46.24506
16.8309	46.26587
16.8316	46.28082
16.8323	46.28952
16.833	46.29154
16.8337	46.28649
16.8344	46.27396
16.8351	46.25393
16.8358	46.2267
16.8365	46.19254
16.8372	46.15172
16.8379	46.10449
16.8386	46.05112
16.8393	45.99186
16.84	45.92562
16.8407	45.85196
16.8414	45.77177
16.8421	45.68595
16.8428	45.59538
16.8435	45.50095
16.8442	45.40356
16.8449	45.30173
16.8456	45.19385
16.8463	45.08126
16.847	44.96535
16.8477	44.84747
16.8484	44.72901
16.8491	44.61131
16.8498	44.49319
16.8505	44.3718
16.8512	44.24869
16.8519	44.12548
16.8526	44.00378
16.8533	43.88522
16.854	43.77139
16.8547	43.66185
16.8554	43.55315
16.8561	43.44651
16.8568	43.34335
16.8575	43.24509
16.8582	43.15314
16.8589	43.06894
16.8596	42.99282
16.8603	42.92222
16.861	42.85745
16.8617	42.79915
16.8624	42.7479
16.8631	42.70434
16.8638	42.66906
16.8645	42.64258
16.8652	42.62459
16.8659	42.61466
16.8666	42.61237
16.8673	42.61733
16.868	42.62913
16.8687	42.64737
16.8694	42.67198
16.8701	42.70494
16.8708	42.74573
16.8715	42.7932
16.8722	42.84621
16.8729	42.90363
16.8736	42.96431
16.8743	43.02742
16.875	43.09589
16.8757	43.16978
16.8764	43.24779
16.8771	43.32862
16.8778	43.41097
16.8785	43.49355
16.8792	43.57516
16.8799	43.65818
16.8806	43.74334
16.8813	43.82964
16.882	43.91608
16.8827	44.00167
16.8834	44.08541
16.8841	44.16631
16.8848	44.2454
16.8855	44.32365
16.8862	44.40063
16.8869	44.4759
16.8876	44.54905
16.8883	44.61966
16.889	44.6873
16.8897	44.7523
16.8904	44.81529
16.8911	44.87599
16.8918	44.93412
16.8925	44.98942
16.8932	45.04161
16.8939	45.09042
16.8946	45.13613
16.8953	45.17945
16.896	45.21998
16.8967	45.25725
16.8974	45.29084
16.8981	45.32028
16.8988	45.34513
16.8995	45.36547
16.9002	45.38247
16.9009	45.39571
16.9016	45.4047
16.9023	45.4089
16.903	45.40779
16.9037	45.40086
16.9044	45.38779
16.9051	45.36934
16.9058	45.34559
16.9065	45.31649
16.9072	45.28198
16.9079	45.24201
16.9086	45.19651
16.9093	45.1453
16.91	45.08732
16.9107	45.02302
16.9114	44.95326
16.9121	44.87887
16.9128	44.80069
16.9135	44.71957
16.9142	44.63618
16.9149	44.54737
16.9156	44.45304
16.9163	44.35498
16.917	44.25499
16.9177	44.15486
16.9184	44.05639
16.9191	43.96134
16.9198	43.86648
16.9205	43.76999
16.9212	43.67375
16.9219	43.57964
16.9226	43.48952
16.9233	43.40528
16.924	43.32878
16.9247	43.25883
16.9254	43.19268
16.9261	43.13134
16.9268	43.07584
16.9275	43.02719
16.9282	42.98644
16.9289	42.95459
16.9296	42.93224
16.9303	42.91856
16.931	42.91297
16.9317	42.91488
16.9324	42.92374
16.9331	42.93899
16.9338	42.96004
16.9345	42.98733
16.9352	43.02387
16.9359	43.06826
16.9366	43.11863
16.9373	43.17311
16.938	43.22981
16.9387	43.28687
16.9394	43.34329
16.9401	43.40437
16.9408	43.46952
16.9415	43.53648
16.9422	43.60298
16.9429	43.66678
16.9436	43.72562
16.9443	43.7775
16.945	43.8262
16.9457	43.87279
16.9464	43.91604
16.9471	43.95473
16.9478	43.98764
16.9485	44.01355
16.9492	44.03125
16.9499	44.04106
16.9506	44.04405
16.9513	44.0405
16.952	44.03073
16.9527	44.01504
16.9534	43.99374
16.9541	43.96714
16.9548	43.93404
16.9555	43.89311
16.9562	43.84577
16.9569	43.79343
16.9576	43.73752
16.9583	43.67948
16.959	43.62072
16.9597	43.561
16.9604	43.49684
16.9611	43.42938
16.9618	43.36009
16.9625	43.29044
16.9632	43.2219
16.9639	43.15594
16.9646	43.09329
16.9653	43.03086
16.966	42.96887
16.9667	42.90823
16.9674	42.84984
16.9681	42.79461
16.9688	42.74344
16.9695	42.69714
16.9702	42.65468
16.9709	42.6156
16.9716	42.57994
16.9723	42.54774
16.973	42.51902
16.9737	42.49381
16.9744	42.47217
16.9751	42.45458
16.9758	42.44104
16.9765	42.43112
16.9772	42.4244
16.9779	42.42045
16.9786	42.41884
16.9793	42.41913
16.98	42.42169
16.9807	42.42727
16.9814	42.4355
16.9821	42.44601
16.9828	42.45842
16.9835	42.47236
16.9842	42.48746
16.9849	42.50361
16.9856	42.5214
16.9863	42.5408
16.987	42.56175
16.9877	42.58415
16.9884	42.60795
16.9891	42.63305
16.9898	42.65939
16.9905	42.68694
16.9912	42.71578
16.9919	42.74601
16.9926	42.77771
16.9933	42.81096
16.994	42.84585
16.9947	42.88246
16.9954	42.92075
16.9961	42.96064
16.9968	43.00212
16.9975	43.04516
16.9982	43.08974
16.9989	43.13583
16.9996	43.18342
17.0003	43.23286
17.001	43.28428
17.0017	43.33734
17.0024	43.39172
17.0031	43.44709
17.0038	43.50313
17.0045	43.55951
17.0052	43.61663
17.0059	43.67547
17.0066	43.73543
17.0073	43.79587
17.008	43.85616
17.0087	43.91567
17.0094	43.97377
17.0101	44.03036
17.0108	44.0872
17.0115	44.14385
17.0122	44.19959
17.0129	44.25371
17.0136	44.30548
17.0143	44.35419
17.015	44.3993
17.0157	44.44244
17.0164	44.4837
17.0171	44.52249
17.0178	44.5582
17.0185	44.59025
17.0192	44.61804
17.0199	44.64098
17.0206	44.65964
17.0213	44.67456
17.022	44.68557
17.0227	44.69253
17.0234	44.69529
17.0241	44.6937
17.0248	44.6876
17.0255	44.67666
17.0262	44.66074
17.0269	44.64026
17.0276	44.61567
17.0283	44.58741
17.029	44.55592
17.0297	44.52163
17.0304	44.48435
17.0311	44.44225
17.0318	44.39609
17.0325	44.34688
17.0332	44.29565
17.0339	44.24342
17.0346	44.19121
17.0353	44.13971
17.036	44.08616
17.0367	44.03062
17.0374	43.97425
17.0381	43.91818
17.0388	43.86356
17.0395	43.81152
17.0402	43.7632
17.0409	43.71677
17.0416	43.67116
17.0423	43.62727
17.043	43.58597
17.0437	43.54816
17.0444	43.51472
17.0451	43.48655
17.0458	43.4636
17.0465	43.44464
17.0472	43.42976
17.0479	43.41906
17.0486	43.41266
17.0493	43.41068
17.05	43.41323
17.0507	43.42062
17.0514	43.43355
17.0521	43.45148
17.0528	43.47371
17.0535	43.49957
17.0542	43.52835
17.0549	43.55938
17.0556	43.59219
17.0563	43.6291
17.057	43.67007
17.0577	43.71393
17.0584	43.7595
17.0591	43.80561
17.0598	43.85108
17.0605	43.89474
17.0612	43.93827
17.0619	43.98312
17.0626	44.02828
17.0633	44.07271
17.064	44.11541
17.0647	44.15535
17.0654	44.1915
17.0661	44.22395
17.0668	44.25458
17.0675	44.283
17.0682	44.30867
17.0689	44.33107
17.0696	44.34967
17.0703	44.36394
17.071	44.37347
17.0717	44.37867
17.0724	44.37985
17.0731	44.37718
17.0738	44.37086
17.0745	44.36108
17.0752	44.34803
17.0759	44.33185
17.0766	44.31141
17.0773	44.28664
17.078	44.25829
17.0787	44.22713
17.0794	44.19391
17.0801	44.1594
17.0808	44.12434
17.0815	44.08781
17.0822	44.04815
17.0829	44.00639
17.0836	43.96356
17.0843	43.92073
17.085	43.87892
17.0857	43.83919
17.0864	43.80175
17.0871	43.76407
17.0878	43.72664
17.0885	43.69036
17.0892	43.65612
17.0899	43.6248
17.0906	43.5973
17.0913	43.57435
17.092	43.55414
17.0927	43.5364
17.0934	43.52174
17.0941	43.51077
17.0948	43.50411
17.0955	43.50237
17.0962	43.50618
17.0969	43.51521
17.0976	43.52877
17.0983	43.54694
17.099	43.56982
17.0997	43.5975
17.1004	43.63009
17.1011	43.66767
17.1018	43.71053
17.1025	43.75907
17.1032	43.81286
17.1039	43.87141
17.1046	43.93425
17.1053	44.00088
17.106	44.07082
17.1067	44.14382
17.1074	44.22187
17.1081	44.30471
17.1088	44.39131
17.1095	44.48067
17.1102	44.57176
17.1109	44.66355
17.1116	44.75505
17.1123	44.8481
17.113	44.94398
17.1137	45.04152
17.1144	45.13957
17.1151	45.23694
17.1158	45.33248
17.1165	45.42502
17.1172	45.51488
17.1179	45.60489
17.1186	45.6941
17.1193	45.78134
17.12	45.86544
17.1207	45.94525
17.1214	46.0196
17.1221	46.08772
17.1228	46.15212
17.1235	46.21287
17.1242	46.26918
17.1249	46.32026
17.1256	46.36533
17.1263	46.40359
17.127	46.43427
17.1277	46.45798
17.1284	46.4755
17.1291	46.48668
17.1298	46.49138
17.1305	46.48944
17.1312	46.48073
17.1319	46.46511
17.1326	46.44203
17.1333	46.41084
17.134	46.3723
17.1347	46.32727
17.1354	46.27657
17.1361	46.22105
17.1368	46.16154
17.1375	46.09843
17.1382	46.0284
17.1389	45.95195
17.1396	45.87072
17.1403	45.78637
17.141	45.70053
17.1417	45.61486
17.1424	45.53098
17.1431	45.44582
17.1438	45.35729
17.1445	45.26733
17.1452	45.17788
17.1459	45.09087
17.1466	45.00826
17.1473	44.93196
17.148	44.8621
17.1487	44.79481
17.1494	44.73083
17.1501	44.6712
17.1508	44.61698
17.1515	44.56923
17.1522	44.52899
17.1529	44.49722
17.1536	44.47321
17.1543	44.45631
17.155	44.44611
17.1557	44.44224
17.1564	44.44431
17.1571	44.45195
17.1578	44.46476
17.1585	44.48459
17.1592	44.51254
17.1599	44.54699
17.1606	44.58628
17.1613	44.62877
17.162	44.67283
17.1627	44.71681
17.1634	44.76074
17.1641	44.80916
17.1648	44.86082
17.1655	44.91385
17.1662	44.9664
17.1669	45.01661
17.1676	45.06263
17.1683	45.10287
17.169	45.14091
17.1697	45.17756
17.1704	45.2116
17.1711	45.24178
17.1718	45.26689
17.1725	45.28569
17.1732	45.29696
17.1739	45.30077
17.1746	45.29862
17.1753	45.29057
17.176	45.27667
17.1767	45.25694
17.1774	45.23144
17.1781	45.20021
17.1788	45.16294
17.1795	45.11819
17.1802	45.06667
17.1809	45.00944
17.1816	44.94755
17.1823	44.88206
17.183	44.81402
17.1837	44.74442
17.1844	44.67066
17.1851	44.5918
17.1858	44.50931
17.1865	44.42462
17.1872	44.33915
17.1879	44.25437
17.1886	44.1717
17.1893	44.09081
17.19	44.00863
17.1907	43.92604
17.1914	43.84414
17.1921	43.764
17.1928	43.68672
17.1935	43.61337
17.1942	43.54475
17.1949	43.47853
17.1956	43.41452
17.1963	43.35349
17.197	43.29615
17.1977	43.24326
17.1984	43.19555
17.1991	43.15376
17.1998	43.1172
17.2005	43.0848
17.2012	43.05704
17.2019	43.03436
17.2026	43.01723
17.2033	43.0061
17.204	43.00145
17.2047	43.00341
17.2054	43.011
17.2061	43.02432
17.2068	43.04366
17.2075	43.06928
17.2082	43.10147
17.2089	43.1405
17.2096	43.18666
17.2103	43.24011
17.211	43.30063
17.2117	43.3679
17.2124	43.44162
17.2131	43.52146
17.2138	43.60711
17.2145	43.69826
17.2152	43.79572
17.2159	43.90129
17.2166	44.0137
17.2173	44.13159
17.218	44.25358
17.2187	44.37832
17.2194	44.50442
17.2201	44.63111
17.2208	44.7635
17.2215	44.90118
17.2222	45.04164
17.2229	45.18241
17.2236	45.32099
17.2243	45.45491
17.225	45.58166
17.2257	45.70396
17.2264	45.82608
17.2271	45.94577
17.2278	46.06076
17.2285	46.16876
17.2292	46.26749
17.2299	46.35469
17.2306	46.42918
17.2313	46.49535
17.232	46.55317
17.2327	46.60167
17.2334	46.6399
17.2341	46.6669
17.2348	46.68171
17.2355	46.68336
17.2362	46.67154
17.2369	46.64697
17.2376	46.61047
17.2383	46.56282
17.239	46.50482
17.2397	46.43728
17.2404	46.36097
17.2411	46.27525
17.2418	46.17662
17.2425	46.06671
17.2432	45.94752
17.2439	45.82106
17.2446	45.68934
17.2453	45.55437
17.246	45.41786
17.2467	45.27444
17.2474	45.12325
17.2481	44.96677
17.2488	44.80749
17.2495	44.64788
17.2502	44.49044
17.2509	44.33763
17.2516	44.18857
17.2523	44.03821
17.253	43.88812
17.2537	43.74006
17.2544	43.59581
17.2551	43.45716
17.2558	43.32588
17.2565	43.20339
17.2572	43.08686
17.2579	42.97566
17.2586	42.87028
17.2593	42.77122
17.26	42.67897
17.2607	42.59402
17.2614	42.51686
17.2621	42.44807
17.2628	42.3875
17.2635	42.33445
17.2642	42.2882
17.2649	42.24805
17.2656	42.21329
17.2663	42.18322
17.267	42.15755
17.2677	42.13867
17.2684	42.12621
17.2691	42.11911
17.2698	42.11635
17.2705	42.11688
17.2712	42.11967
17.2719	42.12366
17.2726	42.13001
17.2733	42.14014
17.274	42.15335
17.2747	42.16896
17.2754	42.18628
17.2761	42.20463
17.2768	42.22331
17.2775	42.2419
17.2782	42.26136
17.2789	42.28185
17.2796	42.30339
17.2803	42.32596
17.281	42.34957
17.2817	42.37423
17.2824	42.39992
17.2831	42.42623
17.2838	42.45306
17.2845	42.48079
17.2852	42.50977
17.2859	42.54035
17.2866	42.57289
17.2873	42.60774
17.288	42.64503
17.2887	42.68407
17.2894	42.72489
17.2901	42.76765
17.2908	42.81251
17.2915	42.85961
17.2922	42.9091
17.2929	42.96114
17.2936	43.01601
17.2943	43.07362
17.295	43.13363
17.2957	43.19575
17.2964	43.25963
17.2971	43.32497
17.2978	43.39145
17.2985	43.45929
17.2992	43.52991
17.2999	43.60267
17.3006	43.67682
17.3013	43.75156
17.302	43.82612
17.3027	43.89972
17.3034	43.97164
17.3041	44.04363
17.3048	44.11627
17.3055	44.18874
17.3062	44.2602
17.3069	44.32986
17.3076	44.39688
17.3083	44.46044
17.309	44.52049
17.3097	44.57871
17.3104	44.63483
17.3111	44.68837
17.3118	44.73889
17.3125	44.78591
17.3132	44.829
17.3139	44.8677
17.3146	44.90238
17.3153	44.93337
17.316	44.96073
17.3167	44.98449
17.3174	45.00469
17.3181	45.02139
17.3188	45.03461
17.3195	45.04413
17.3202	45.04935
17.3209	45.05068
17.3216	45.04859
17.3223	45.04353
17.323	45.03598
17.3237	45.0264
17.3244	45.0152
17.3251	45.00099
17.3258	44.98348
17.3265	44.96341
17.3272	44.94148
17.3279	44.91842
17.3286	44.89494
17.3293	44.87175
17.33	44.84877
17.3307	44.82419
17.3314	44.7985
17.3321	44.77239
17.3328	44.74652
17.3335	44.72157
17.3342	44.69819
17.3349	44.67703
17.3356	44.6568
17.3363	44.637
17.337	44.61816
17.3377	44.60079
17.3384	44.58542
17.3391	44.57256
17.3398	44.56272
17.3405	44.55598
17.3412	44.55125
17.3419	44.5487
17.3426	44.54861
17.3433	44.55128
17.344	44.55698
17.3447	44.56599
17.3454	44.57861
17.3461	44.59478
17.3468	44.61428
17.3475	44.63696
17.3482	44.66268
17.3489	44.6913
17.3496	44.72267
17.3503	44.75665
17.351	44.79351
17.3517	44.83441
17.3524	44.87877
17.3531	44.92582
17.3538	44.97478
17.3545	45.02489
17.3552	45.07537
17.3559	45.12548
17.3566	45.17706
17.3573	45.23099
17.358	45.28621
17.3587	45.34165
17.3594	45.39624
17.3601	45.44891
17.3608	45.4986
17.3615	45.54495
17.3622	45.59043
17.3629	45.63475
17.3636	45.67721
17.3643	45.71707
17.365	45.75361
17.3657	45.78612
17.3664	45.81386
17.3671	45.837
17.3678	45.85623
17.3685	45.87173
17.3692	45.88367
17.3699	45.8922
17.3706	45.89751
17.3713	45.89976
17.372	45.8988
17.3727	45.89302
17.3734	45.88301
17.3741	45.86973
17.3748	45.85417
17.3755	45.83732
17.3762	45.82015
17.3769	45.80366
17.3776	45.78629
17.3783	45.76596
17.379	45.74407
17.3797	45.722
17.3804	45.70116
17.3811	45.68294
17.3818	45.66875
17.3825	45.65952
17.3832	45.652
17.3839	45.64606
17.3846	45.64273
17.3853	45.64307
17.386	45.64811
17.3867	45.65892
17.3874	45.67651
17.3881	45.70085
17.3888	45.73037
17.3895	45.76517
17.3902	45.80541
17.3909	45.85123
17.3916	45.9028
17.3923	45.96025
17.393	46.02381
17.3937	46.09475
17.3944	46.17272
17.3951	46.25672
17.3958	46.34573
17.3965	46.43875
17.3972	46.53477
17.3979	46.63278
17.3986	46.73334
17.3993	46.83975
17.4	46.95072
17.4007	47.06462
17.4014	47.17983
17.4021	47.29476
17.4028	47.40777
17.4035	47.51733
17.4042	47.62668
17.4049	47.73729
17.4056	47.84765
17.4063	47.95624
17.407	48.06154
17.4077	48.16202
17.4084	48.25618
17.4091	48.34335
17.4098	48.42653
17.4105	48.50562
17.4112	48.58002
17.4119	48.64909
17.4126	48.71222
17.4133	48.76878
17.414	48.81815
17.4147	48.86028
17.4154	48.89575
17.4161	48.92481
17.4168	48.94775
17.4175	48.96483
17.4182	48.97634
17.4189	48.98253
17.4196	48.98348
17.4203	48.97777
17.421	48.96563
17.4217	48.94783
17.4224	48.92514
17.4231	48.8983
17.4238	48.86808
17.4245	48.83524
17.4252	48.79935
17.4259	48.75872
17.4266	48.71397
17.4273	48.66577
17.428	48.61481
17.4287	48.56177
17.4294	48.50734
17.4301	48.45213
17.4308	48.39482
17.4315	48.33499
17.4322	48.27311
17.4329	48.20965
17.4336	48.14509
17.4343	48.07989
17.435	48.01454
17.4357	47.94913
17.4364	47.88261
17.4371	47.81513
17.4378	47.74697
17.4385	47.67842
17.4392	47.60977
17.4399	47.54132
17.4406	47.47334
17.4413	47.4054
17.442	47.33709
17.4427	47.26866
17.4434	47.2004
17.4441	47.13256
17.4448	47.06543
17.4455	46.99927
17.4462	46.93423
17.4469	46.86952
17.4476	46.80518
17.4483	46.74152
17.449	46.67884
17.4497	46.61744
17.4504	46.55763
17.4511	46.49972
17.4518	46.44365
17.4525	46.38889
17.4532	46.33554
17.4539	46.2837
17.4546	46.23349
17.4553	46.18502
17.456	46.13842
17.4567	46.09379
17.4574	46.0513
17.4581	46.01084
17.4588	45.97223
17.4595	45.93527
17.4602	45.89977
17.4609	45.86555
17.4616	45.83242
17.4623	45.80038
17.463	45.77017
17.4637	45.74159
17.4644	45.71429
17.4651	45.68794
17.4658	45.66219
17.4665	45.63672
17.4672	45.61117
17.4679	45.58577
17.4686	45.56101
17.4693	45.53678
17.47	45.51291
17.4707	45.48928
17.4714	45.46574
17.4721	45.44214
17.4728	45.41832
17.4735	45.39382
17.4742	45.36886
17.4749	45.34386
17.4756	45.31925
17.4763	45.29546
17.477	45.2729
17.4777	45.25201
17.4784	45.23254
17.4791	45.21286
17.4798	45.19363
17.4805	45.17563
17.4812	45.1597
17.4819	45.14663
17.4826	45.13724
17.4833	45.13233
17.484	45.13069
17.4847	45.13122
17.4854	45.1346
17.4861	45.14152
17.4868	45.15265
17.4875	45.16869
17.4882	45.1903
17.4889	45.21807
17.4896	45.2514
17.4903	45.2899
17.491	45.33336
17.4917	45.38161
17.4924	45.43444
17.4931	45.49167
17.4938	45.5531
17.4945	45.61952
17.4952	45.69267
17.4959	45.77135
17.4966	45.85423
17.4973	45.93998
17.498	46.02727
17.4987	46.11475
17.4994	46.20114
17.5001	46.28978
17.5008	46.38237
17.5015	46.47692
17.5022	46.57148
17.5029	46.66408
17.5036	46.75274
17.5043	46.83552
17.505	46.91122
17.5057	46.98456
17.5064	47.05554
17.5071	47.12273
17.5078	47.18472
17.5085	47.24008
17.5092	47.28739
17.5099	47.32524
17.5106	47.35354
17.5113	47.37468
17.512	47.38846
17.5127	47.39459
17.5134	47.39276
17.5141	47.38266
17.5148	47.36401
17.5155	47.33648
17.5162	47.29905
17.5169	47.25183
17.5176	47.19581
17.5183	47.13194
17.519	47.06123
17.5197	46.98462
17.5204	46.90312
17.5211	46.81706
17.5218	46.72251
17.5225	46.62006
17.5232	46.5115
17.5239	46.39864
17.5246	46.28329
17.5253	46.16724
17.526	46.05231
17.5267	45.93762
17.5274	45.8184
17.5281	45.69632
17.5288	45.57337
17.5295	45.45154
17.5302	45.3328
17.5309	45.21916
17.5316	45.11257
17.5323	45.01023
17.533	44.90984
17.5337	44.81267
17.5344	44.71998
17.5351	44.63302
17.5358	44.55306
17.5365	44.48136
17.5372	44.41891
17.5379	44.36387
17.5386	44.31572
17.5393	44.2746
17.54	44.24067
17.5407	44.21408
17.5414	44.19497
17.5421	44.18349
17.5428	44.18028
17.5435	44.18642
17.5442	44.20095
17.5449	44.22279
17.5456	44.25085
17.5463	44.28405
17.547	44.32132
17.5477	44.36156
17.5484	44.40728
17.5491	44.46059
17.5498	44.51964
17.5505	44.58255
17.5512	44.64747
17.5519	44.71253
17.5526	44.77588
17.5533	44.83603
17.554	44.89781
17.5547	44.96177
17.5554	45.02612
17.5561	45.08903
17.5568	45.14871
17.5575	45.20335
17.5582	45.25114
17.5589	45.29141
17.5596	45.32776
17.5603	45.36005
17.561	45.38756
17.5617	45.4096
17.5624	45.42546
17.5631	45.43445
17.5638	45.43586
17.5645	45.42919
17.5652	45.41486
17.5659	45.39351
17.5666	45.36581
17.5673	45.33239
17.568	45.29393
17.5687	45.25106
17.5694	45.20437
17.5701	45.15125
17.5708	45.09115
17.5715	45.02556
17.5722	44.95597
17.5729	44.88387
17.5736	44.81074
17.5743	44.73806
17.575	44.66659
17.5757	44.59215
17.5764	44.51502
17.5771	44.43665
17.5778	44.35849
17.5785	44.28198
17.5792	44.20858
17.5799	44.13974
17.5806	44.07535
17.5813	44.01229
17.582	43.95118
17.5827	43.89286
17.5834	43.83821
17.5841	43.78808
17.5848	43.74332
17.5855	43.70478
17.5862	43.67197
17.5869	43.64384
17.5876	43.62051
17.5883	43.60211
17.589	43.5888
17.5897	43.58068
17.5904	43.57791
17.5911	43.58062
17.5918	43.58909
17.5925	43.60317
17.5932	43.62256
17.5939	43.64698
17.5946	43.67614
17.5953	43.70974
17.596	43.7475
17.5967	43.7894
17.5974	43.83657
17.5981	43.88876
17.5988	43.94544
17.5995	44.00612
17.6002	44.07029
17.6009	44.13744
17.6016	44.20705
17.6023	44.27952
17.603	44.35629
17.6037	44.43676
17.6044	44.52026
17.6051	44.6061
17.6058	44.69362
17.6065	44.78214
17.6072	44.87098
17.6079	44.96151
17.6086	45.05478
17.6093	45.14995
17.61	45.24614
17.6107	45.34251
17.6114	45.43818
17.6121	45.53232
17.6128	45.62422
17.6135	45.71607
17.6142	45.80819
17.6149	45.89976
17.6156	45.98995
17.6163	46.07796
17.617	46.16295
17.6177	46.2441
17.6184	46.32106
17.6191	46.39581
17.6198	46.46822
17.6205	46.53774
17.6212	46.60382
17.6219	46.66591
17.6226	46.72347
17.6233	46.77595
17.624	46.82314
17.6247	46.86567
17.6254	46.90371
17.6261	46.93744
17.6268	46.96702
17.6275	46.99259
17.6282	47.01432
17.6289	47.03237
17.6296	47.04574
17.6303	47.05379
17.631	47.0574
17.6317	47.05742
17.6324	47.05471
17.6331	47.05013
17.6338	47.04454
17.6345	47.03867
17.6352	47.03008
17.6359	47.01828
17.6366	47.00435
17.6373	46.98941
17.638	46.97455
17.6387	46.96086
17.6394	46.94945
17.6401	46.94097
17.6408	46.93299
17.6415	46.92544
17.6422	46.91892
17.6429	46.91408
17.6436	46.91154
17.6443	46.91191
17.645	46.91583
17.6457	46.92356
17.6464	46.93423
17.6471	46.9477
17.6478	46.96394
17.6485	46.98288
17.6492	47.00449
17.6499	47.02871
17.6506	47.05551
17.6513	47.08528
17.652	47.11847
17.6527	47.15463
17.6534	47.1933
17.6541	47.23402
17.6548	47.27634
17.6555	47.31979
17.6562	47.36393
17.6569	47.40973
17.6576	47.45776
17.6583	47.5075
17.659	47.55844
17.6597	47.61005
17.6604	47.66181
17.6611	47.71321
17.6618	47.76384
17.6625	47.81513
17.6632	47.86726
17.6639	47.91967
17.6646	47.97178
17.6653	48.02302
17.666	48.07285
17.6667	48.12068
17.6674	48.16634
17.6681	48.21163
17.6688	48.25632
17.6695	48.29972
17.6702	48.34113
17.6709	48.37988
17.6716	48.41526
17.6723	48.44661
17.673	48.47419
17.6737	48.50024
17.6744	48.52403
17.6751	48.54459
17.6758	48.56095
17.6765	48.57214
17.6772	48.57719
17.6779	48.57514
17.6786	48.56676
17.6793	48.55407
17.68	48.53629
17.6807	48.51264
17.6814	48.48228
17.6821	48.44442
17.6828	48.39824
17.6835	48.34295
17.6842	48.27905
17.6849	48.20739
17.6856	48.12797
17.6863	48.04076
17.687	47.94577
17.6877	47.84297
17.6884	47.73235
17.6891	47.61383
17.6898	47.48546
17.6905	47.34747
17.6912	47.20118
17.6919	47.04792
17.6926	46.88902
17.6933	46.7258
17.694	46.55961
17.6947	46.39098
17.6954	46.2146
17.6961	46.03106
17.6968	45.84272
17.6975	45.65192
17.6982	45.461
17.6989	45.27231
17.6996	45.0882
17.7003	44.90885
17.701	44.72705
17.7017	44.54427
17.7024	44.36319
17.7031	44.18648
17.7038	44.0168
17.7045	43.85683
17.7052	43.70923
17.7059	43.57363
17.7066	43.44439
17.7073	43.32263
17.708	43.20981
17.7087	43.1074
17.7094	43.01687
17.7101	42.93969
17.7108	42.87732
17.7115	42.82978
17.7122	42.79532
17.7129	42.77365
17.7136	42.76447
17.7143	42.7675
17.715	42.78245
17.7157	42.80902
17.7164	42.84695
17.7171	42.89864
17.7178	42.96493
17.7185	43.04402
17.7192	43.13414
17.7199	43.2335
17.7206	43.34029
17.7213	43.45275
17.722	43.56929
17.7227	43.69488
17.7234	43.83063
17.7241	43.97439
17.7248	44.12399
17.7255	44.2773
17.7262	44.43214
17.7269	44.58638
17.7276	44.7385
17.7283	44.89405
17.729	45.05338
17.7297	45.21467
17.7304	45.37611
17.7311	45.53588
17.7318	45.69216
17.7325	45.84316
17.7332	45.98791
17.7339	46.13033
17.7346	46.27042
17.7353	46.40735
17.736	46.54028
17.7367	46.66834
17.7374	46.79071
17.7381	46.90653
17.7388	47.0154
17.7395	47.11853
17.7402	47.2161
17.7409	47.3082
17.7416	47.39488
17.7423	47.47622
17.743	47.55228
17.7437	47.62314
17.7444	47.68836
17.7451	47.74717
17.7458	47.80013
17.7465	47.84789
17.7472	47.89107
17.7479	47.9303
17.7486	47.96621
17.7493	47.99944
17.75	48.02934
17.7507	48.05459
17.7514	48.07576
17.7521	48.09346
17.7528	48.10827
17.7535	48.1208
17.7542	48.13164
17.7549	48.14139
17.7556	48.14946
17.7563	48.15504
17.757	48.15841
17.7577	48.15981
17.7584	48.1595
17.7591	48.15774
17.7598	48.15477
17.7605	48.15085
17.7612	48.14596
17.7619	48.13989
17.7626	48.13251
17.7633	48.12365
17.764	48.1132
17.7647	48.10099
17.7654	48.08688
17.7661	48.07077
17.7668	48.05313
17.7675	48.03403
17.7682	48.01326
17.7689	47.99058
17.7696	47.96578
17.7703	47.93863
17.771	47.90891
17.7717	47.87642
17.7724	47.84137
17.7731	47.80389
17.7738	47.76404
17.7745	47.72189
17.7752	47.6775
17.7759	47.63092
17.7766	47.58223
17.7773	47.53136
17.778	47.47758
17.7787	47.42112
17.7794	47.36239
17.7801	47.30183
17.7808	47.23985
17.7815	47.17689
17.7822	47.11336
17.7829	47.04925
17.7836	46.98291
17.7843	46.91472
17.785	46.8454
17.7857	46.77567
17.7864	46.70624
17.7871	46.63782
17.7878	46.57111
17.7885	46.50617
17.7892	46.44114
17.7899	46.37638
17.7906	46.31244
17.7913	46.24986
17.792	46.1892
17.7927	46.13102
17.7934	46.07587
17.7941	46.0239
17.7948	45.97433
17.7955	45.92705
17.7962	45.88205
17.7969	45.83929
17.7976	45.79872
17.7983	45.76033
17.799	45.72406
17.7997	45.69045
17.8004	45.6602
17.8011	45.63269
17.8018	45.60726
17.8025	45.58323
17.8032	45.55993
17.8039	45.5367
17.8046	45.51288
17.8053	45.48925
17.806	45.46734
17.8067	45.44643
17.8074	45.42576
17.8081	45.40456
17.8088	45.38209
17.8095	45.35759
17.8102	45.33029
17.8109	45.30074
17.8116	45.27003
17.8123	45.23791
17.813	45.20414
17.8137	45.16845
17.8144	45.1306
17.8151	45.09034
17.8158	45.0474
17.8165	45.00128
17.8172	44.95202
17.8179	44.90018
17.8186	44.8463
17.8193	44.79092
17.82	44.7346
17.8207	44.67788
17.8214	44.62128
17.8221	44.56305
17.8228	44.50238
17.8235	44.44033
17.8242	44.37794
17.8249	44.31624
17.8256	44.25629
17.8263	44.19911
17.827	44.1457
17.8277	44.09387
17.8284	44.04264
17.8291	43.99291
17.8298	43.94557
17.8305	43.90154
17.8312	43.86169
17.8319	43.82693
17.8326	43.7981
17.8333	43.77405
17.834	43.75411
17.8347	43.73843
17.8354	43.72715
17.8361	43.72043
17.8368	43.71843
17.8375	43.72129
17.8382	43.72919
17.8389	43.74283
17.8396	43.762
17.8403	43.78613
17.841	43.81464
17.8417	43.84697
17.8424	43.88252
17.8431	43.92073
17.8438	43.96117
17.8445	44.00582
17.8452	44.05482
17.8459	44.10731
17.8466	44.16247
17.8473	44.21946
17.848	44.27742
17.8487	44.33553
17.8494	44.39316
17.8501	44.45243
17.8508	44.51358
17.8515	44.57591
17.8522	44.63875
17.8529	44.70142
17.8536	44.76323
17.8543	44.82349
17.855	44.88174
17.8557	44.9396
17.8564	44.99725
17.8571	45.05419
17.8578	45.10995
17.8585	45.16404
17.8592	45.21598
17.8599	45.26529
17.8606	45.31165
17.8613	45.35637
17.862	45.39947
17.8627	45.44055
17.8634	45.47921
17.8641	45.51505
17.8648	45.54766
17.8655	45.57663
17.8662	45.60174
17.8669	45.6241
17.8676	45.64372
17.8683	45.66023
17.869	45.67327
17.8697	45.68248
17.8704	45.6875
17.8711	45.68797
17.8718	45.68363
17.8725	45.6751
17.8732	45.66249
17.8739	45.64575
17.8746	45.6248
17.8753	45.59957
17.876	45.57001
17.8767	45.53604
17.8774	45.49753
17.8781	45.45394
17.8788	45.40552
17.8795	45.35269
17.8802	45.29584
17.8809	45.23539
17.8816	45.17173
17.8823	45.10528
17.883	45.03611
17.8837	44.96232
17.8844	44.88422
17.8851	44.8027
17.8858	44.7186
17.8865	44.63281
17.8872	44.54617
17.8879	44.45957
17.8886	44.3734
17.8893	44.28513
17.89	44.19491
17.8907	44.10356
17.8914	44.01194
17.8921	43.92087
17.8928	43.8312
17.8935	43.74376
17.8942	43.65902
17.8949	43.57494
17.8956	43.49151
17.8963	43.40925
17.897	43.32871
17.8977	43.25042
17.8984	43.17492
17.8991	43.10274
17.8998	43.03423
17.9005	42.96831
17.9012	42.90489
17.9019	42.84415
17.9026	42.78629
17.9033	42.73148
17.904	42.67993
17.9047	42.63181
17.9054	42.58723
17.9061	42.54555
17.9068	42.50682
17.9075	42.47127
17.9082	42.43911
17.9089	42.41057
17.9096	42.38589
17.9103	42.36529
17.911	42.34883
17.9117	42.33541
17.9124	42.32518
17.9131	42.31864
17.9138	42.3163
17.9145	42.31867
17.9152	42.32624
17.9159	42.33952
17.9166	42.35883
17.9173	42.38285
17.918	42.41153
17.9187	42.44526
17.9194	42.48445
17.9201	42.52948
17.9208	42.58076
17.9215	42.63868
17.9222	42.70364
17.9229	42.77581
17.9236	42.85479
17.9243	42.94014
17.925	43.03141
17.9257	43.12815
17.9264	43.22991
17.9271	43.33625
17.9278	43.447
17.9285	43.56518
17.9292	43.6905
17.9299	43.8214
17.9306	43.9563
17.9313	44.09363
17.932	44.23182
17.9327	44.3693
17.9334	44.50489
17.9341	44.64376
17.9348	44.78635
17.9355	44.93056
17.9362	45.07431
17.9369	45.21551
17.9376	45.35208
17.9383	45.48193
17.939	45.60327
17.9397	45.72055
17.9404	45.83502
17.9411	45.94529
17.9418	46.05002
17.9425	46.14785
17.9432	46.23742
17.9439	46.31737
17.9446	46.3864
17.9453	46.4453
17.946	46.49516
17.9467	46.53641
17.9474	46.56945
17.9481	46.59473
17.9488	46.61266
17.9495	46.62367
17.9502	46.62811
17.9509	46.62279
17.9516	46.60715
17.9523	46.58318
17.953	46.55285
17.9537	46.51814
17.9544	46.48102
17.9551	46.44347
17.9558	46.40742
17.9565	46.36859
17.9572	46.32454
17.9579	46.2773
17.9586	46.22892
17.9593	46.18145
17.96	46.13691
17.9607	46.09736
17.9614	46.06483
17.9621	46.03728
17.9628	46.01212
17.9635	45.99004
17.9642	45.97171
17.9649	45.95782
17.9656	45.94903
17.9663	45.94604
17.967	45.94951
17.9677	45.96051
17.9684	45.97896
17.9691	46.00365
17.9698	46.03336
17.9705	46.06687
17.9712	46.10299
17.9719	46.14049
17.9726	46.17816
17.9733	46.21809
17.974	46.26366
17.9747	46.31293
17.9754	46.3639
17.9761	46.41456
17.9768	46.46292
17.9775	46.50697
17.9782	46.54472
17.9789	46.57712
17.9796	46.60852
17.9803	46.63778
17.981	46.6636
17.9817	46.68465
17.9824	46.69964
17.9831	46.70727
17.9838	46.70622
17.9845	46.69588
17.9852	46.67765
17.9859	46.65213
17.9866	46.6198
17.9873	46.58118
17.988	46.53675
17.9887	46.48702
17.9894	46.43249
17.9901	46.37241
17.9908	46.3034
17.9915	46.2269
17.9922	46.14482
17.9929	46.05906
17.9936	45.97153
17.9943	45.88413
17.995	45.79875
17.9957	45.71576
17.9964	45.6292
17.9971	45.53999
17.9978	45.45013
17.9985	45.36164
17.9992	45.27653
17.9999	45.19679
18.0006	45.12446
18.0013	45.06076
18.002	45.00148
18.0027	44.9463
18.0034	44.89599
18.0041	44.85138
18.0048	44.81324
18.0055	44.78239
18.0062	44.75963
18.0069	44.7457
18.0076	44.74038
18.0083	44.74305
18.009	44.75316
18.0097	44.77017
18.0104	44.79352
18.0111	44.82268
18.0118	44.85709
18.0125	44.89636
18.0132	44.9432
18.0139	44.99781
18.0146	45.05884
18.0153	45.12491
18.016	45.19464
18.0167	45.26667
18.0174	45.33962
18.0181	45.41217
18.0188	45.48741
18.0195	45.56685
18.0202	45.64913
18.0209	45.73291
18.0216	45.81682
18.0223	45.89952
18.023	45.97964
18.0237	46.05583
18.0244	46.12981
18.0251	46.20364
18.0258	46.27647
18.0265	46.34743
18.0272	46.41566
18.0279	46.48032
18.0286	46.54053
18.0293	46.59546
18.03	46.64548
18.0307	46.69206
18.0314	46.73494
18.0321	46.77385
18.0328	46.80849
18.0335	46.83859
18.0342	46.86387
18.0349	46.88405
18.0356	46.89905
18.0363	46.90927
18.037	46.91476
18.0377	46.91557
18.0384	46.91173
18.0391	46.90326
18.0398	46.89022
18.0405	46.87262
18.0412	46.85038
18.0419	46.82309
18.0426	46.79094
18.0433	46.75418
18.044	46.71305
18.0447	46.66779
18.0454	46.61866
18.0461	46.56589
18.0468	46.50951
18.0475	46.44833
18.0482	46.38257
18.0489	46.31277
18.0496	46.23945
18.0503	46.16313
18.051	46.08434
18.0517	46.00361
18.0524	45.92124
18.0531	45.8352
18.0538	45.74547
18.0545	45.65291
18.0552	45.55839
18.0559	45.46276
18.0566	45.36689
18.0573	45.27164
18.058	45.17779
18.0587	45.08299
18.0594	44.98653
18.0601	44.88938
18.0608	44.79254
18.0615	44.69697
18.0622	44.60367
18.0629	44.51361
18.0636	44.42777
18.0643	44.34441
18.065	44.262
18.0657	44.18146
18.0664	44.10372
18.0671	44.02968
18.0678	43.96029
18.0685	43.89644
18.0692	43.83908
18.0699	43.7877
18.0706	43.74061
18.0713	43.69818
18.072	43.66082
18.0727	43.62894
18.0734	43.60294
18.0741	43.58325
18.0748	43.57027
18.0755	43.56434
18.0762	43.56528
18.0769	43.57273
18.0776	43.58631
18.0783	43.60565
18.079	43.63036
18.0797	43.66008
18.0804	43.69443
18.0811	43.73362
18.0818	43.78001
18.0825	43.83291
18.0832	43.89114
18.0839	43.95351
18.0846	44.01885
18.0853	44.08595
18.086	44.15366
18.0867	44.22122
18.0874	44.29259
18.0881	44.36785
18.0888	44.44551
18.0895	44.52413
18.0902	44.60224
18.0909	44.67837
18.0916	44.75108
18.0923	44.819
18.093	44.88538
18.0937	44.95149
18.0944	45.01615
18.0951	45.07816
18.0958	45.13635
18.0965	45.18954
18.0972	45.23654
18.0979	45.27618
18.0986	45.30925
18.0993	45.33734
18.1	45.36023
18.1007	45.37774
18.1014	45.38967
18.1021	45.39583
18.1028	45.39602
18.1035	45.39004
18.1042	45.37727
18.1049	45.35714
18.1056	45.3304
18.1063	45.29785
18.107	45.26029
18.1077	45.21852
18.1084	45.17331
18.1091	45.12548
18.1098	45.07475
18.1105	45.01781
18.1112	44.95559
18.1119	44.8895
18.1126	44.82094
18.1133	44.75134
18.114	44.6821
18.1147	44.61464
18.1154	44.54979
18.1161	44.48355
18.1168	44.41586
18.1175	44.34794
18.1182	44.281
18.1189	44.21627
18.1196	44.15497
18.1203	44.09833
18.121	44.04746
18.1217	44.00009
18.1224	43.95525
18.1231	43.91358
18.1238	43.87571
18.1245	43.84228
18.1252	43.81394
18.1259	43.79132
18.1266	43.77505
18.1273	43.76492
18.128	43.76018
18.1287	43.76074
18.1294	43.76654
18.1301	43.77751
18.1308	43.79358
18.1315	43.81467
18.1322	43.84071
18.1329	43.87199
18.1336	43.90905
18.1343	43.95155
18.135	43.9991
18.1357	44.0513
18.1364	44.10777
18.1371	44.16811
18.1378	44.23194
18.1385	44.29915
18.1392	44.37081
18.1399	44.44682
18.1406	44.52687
18.1413	44.61065
18.142	44.69787
18.1427	44.78821
18.1434	44.88137
18.1441	44.9771
18.1448	45.07601
18.1455	45.17825
18.1462	45.28368
18.1469	45.39218
18.1476	45.50361
18.1483	45.61784
18.149	45.73474
18.1497	45.8542
18.1504	45.97689
18.1511	46.10309
18.1518	46.23235
18.1525	46.36424
18.1532	46.49833
18.1539	46.63418
18.1546	46.77136
18.1553	46.90943
18.156	47.04925
18.1567	47.19238
18.1574	47.33793
18.1581	47.48498
18.1588	47.63259
18.1595	47.77983
18.1602	47.92576
18.1609	48.06946
18.1616	48.211
18.1623	48.35354
18.163	48.49639
18.1637	48.63843
18.1644	48.77854
18.1651	48.91558
18.1658	49.04843
18.1665	49.17596
18.1672	49.29736
18.1679	49.41531
18.1686	49.53016
18.1693	49.64121
18.17	49.74777
18.1707	49.84916
18.1714	49.94468
18.1721	50.03363
18.1728	50.11535
18.1735	50.19013
18.1742	50.25861
18.1749	50.321
18.1756	50.37749
18.1763	50.42828
18.177	50.47358
18.1777	50.51358
18.1784	50.54849
18.1791	50.57766
18.1798	50.60008
18.1805	50.61645
18.1812	50.62746
18.1819	50.63384
18.1826	50.63631
18.1833	50.63558
18.184	50.63237
18.1847	50.62688
18.1854	50.61739
18.1861	50.60401
18.1868	50.58714
18.1875	50.56715
18.1882	50.54443
18.1889	50.51936
18.1896	50.49233
18.1903	50.46371
18.191	50.43359
18.1917	50.40164
18.1924	50.36749
18.1931	50.33077
18.1938	50.29111
18.1945	50.24815
18.1952	50.20152
18.1959	50.15085
18.1966	50.09743
18.1973	50.04205
18.198	49.9839
18.1987	49.92214
18.1994	49.85597
18.2001	49.78456
18.2008	49.70708
18.2015	49.62273
18.2022	49.5316
18.2029	49.43537
18.2036	49.33383
18.2043	49.22666
18.205	49.11355
18.2057	48.99417
18.2064	48.86822
18.2071	48.73537
18.2078	48.59515
18.2085	48.44656
18.2092	48.29025
18.2099	48.12716
18.2106	47.95824
18.2113	47.78442
18.212	47.60664
18.2127	47.42583
18.2134	47.24283
18.2141	47.05385
18.2148	46.85806
18.2155	46.65728
18.2162	46.45336
18.2169	46.24813
18.2176	46.04343
18.2183	45.8411
18.219	45.64297
18.2197	45.44703
18.2204	45.24907
18.2211	45.05074
18.2218	44.85378
18.2225	44.65995
18.2232	44.47096
18.2239	44.28857
18.2246	44.11451
18.2253	43.94933
18.226	43.78909
18.2267	43.63395
18.2274	43.48465
18.2281	43.34194
18.2288	43.20656
18.2295	43.07926
18.2302	42.96079
18.2309	42.85183
18.2316	42.75182
18.2323	42.66022
18.233	42.57679
18.2337	42.50126
18.2344	42.43341
18.2351	42.37298
18.2358	42.31974
18.2365	42.27343
18.2372	42.23441
18.2379	42.20312
18.2386	42.17936
18.2393	42.1629
18.24	42.15355
18.2407	42.15108
18.2414	42.15528
18.2421	42.16594
18.2428	42.18277
18.2435	42.20553
18.2442	42.2346
18.2449	42.27036
18.2456	42.31322
18.2463	42.36359
18.247	42.42186
18.2477	42.48843
18.2484	42.56358
18.2491	42.64599
18.2498	42.73557
18.2505	42.83278
18.2512	42.93811
18.2519	43.05202
18.2526	43.17499
18.2533	43.30748
18.254	43.44997
18.2547	43.60301
18.2554	43.76642
18.2561	43.93952
18.2568	44.12162
18.2575	44.31203
18.2582	44.51009
18.2589	44.71511
18.2596	44.92642
18.2603	45.14506
18.261	45.3754
18.2617	45.61559
18.2624	45.8633
18.2631	46.11621
18.2638	46.37199
18.2645	46.62832
18.2652	46.88288
18.2659	47.13417
18.2666	47.39095
18.2673	47.65351
18.268	47.91843
18.2687	48.18228
18.2694	48.44163
18.2701	48.69306
18.2708	48.93315
18.2715	49.15847
18.2722	49.3737
18.2729	49.58478
18.2736	49.78917
18.2743	49.98434
18.275	50.16774
18.2757	50.33684
18.2764	50.48911
18.2771	50.62202
18.2778	50.73481
18.2785	50.8324
18.2792	50.91483
18.2799	50.98159
18.2806	51.03213
18.2813	51.06595
18.282	51.0825
18.2827	51.08127
18.2834	51.06161
18.2841	51.0214
18.2848	50.96136
18.2855	50.88322
18.2862	50.78873
18.2869	50.67963
18.2876	50.55767
18.2883	50.42457
18.289	50.28208
18.2897	50.12675
18.2904	49.95384
18.2911	49.76615
18.2918	49.56648
18.2925	49.35764
18.2932	49.14247
18.2939	48.92377
18.2946	48.70435
18.2953	48.48469
18.296	48.25603
18.2967	48.01954
18.2974	47.77793
18.2981	47.5339
18.2988	47.29015
18.2995	47.04939
18.3002	46.81431
18.3009	46.58743
18.3016	46.36366
18.3023	46.14068
18.303	45.91991
18.3037	45.70274
18.3044	45.49058
18.3051	45.28482
18.3058	45.08687
18.3065	44.89812
18.3072	44.71836
18.3079	44.54512
18.3086	44.37858
18.3093	44.21899
18.31	44.06664
18.3107	43.92179
18.3114	43.7847
18.3121	43.65564
18.3128	43.53484
18.3135	43.42197
18.3142	43.31689
18.3149	43.21954
18.3156	43.12984
18.3163	43.04773
18.317	42.97314
18.3177	42.906
18.3184	42.84624
18.3191	42.79385
18.3198	42.74886
18.3205	42.71134
18.3212	42.68133
18.3219	42.65888
18.3226	42.64404
18.3233	42.63686
18.324	42.6374
18.3247	42.6458
18.3254	42.66234
18.3261	42.6868
18.3268	42.71893
18.3275	42.75847
18.3282	42.80518
18.3289	42.85879
18.3296	42.91906
18.3303	42.98584
18.331	43.06127
18.3317	43.14536
18.3324	43.23698
18.3331	43.33501
18.3338	43.43831
18.3345	43.54576
18.3352	43.65622
18.3359	43.76857
18.3366	43.88468
18.3373	44.00826
18.338	44.13744
18.3387	44.27028
18.3394	44.40482
18.3401	44.53912
18.3408	44.67121
18.3415	44.79915
18.3422	44.92202
18.3429	45.04587
18.3436	45.17052
18.3443	45.29411
18.345	45.41481
18.3457	45.53076
18.3464	45.64012
18.3471	45.74103
18.3478	45.83166
18.3485	45.9137
18.3492	45.98951
18.3499	46.05871
18.3506	46.12094
18.3513	46.17581
18.352	46.22294
18.3527	46.26196
18.3534	46.2925
18.3541	46.31377
18.3548	46.32447
18.3555	46.32568
18.3562	46.31868
18.3569	46.30477
18.3576	46.28524
18.3583	46.26138
18.359	46.23448
18.3597	46.20567
18.3604	46.17053
18.3611	46.1279
18.3618	46.07974
18.3625	46.02799
18.3632	45.9746
18.3639	45.92152
18.3646	45.87069
18.3653	45.82406
18.366	45.78088
18.3667	45.7363
18.3674	45.69141
18.3681	45.6476
18.3688	45.60624
18.3695	45.56871
18.3702	45.53639
18.3709	45.51065
18.3716	45.49266
18.3723	45.48034
18.373	45.47289
18.3737	45.47042
18.3744	45.47302
18.3751	45.48078
18.3758	45.49382
18.3765	45.51222
18.3772	45.53609
18.3779	45.56626
18.3786	45.60343
18.3793	45.64672
18.38	45.69525
18.3807	45.74812
18.3814	45.80446
18.3821	45.86336
18.3828	45.92395
18.3835	45.98589
18.3842	46.05258
18.3849	46.12376
18.3856	46.1982
18.3863	46.27468
18.387	46.35195
18.3877	46.42879
18.3884	46.50397
18.3891	46.57625
18.3898	46.64723
18.3905	46.71899
18.3912	46.79074
18.3919	46.86168
18.3926	46.93102
18.3933	46.99795
18.394	47.06168
18.3947	47.12141
18.3954	47.17671
18.3961	47.22901
18.3968	47.27851
18.3975	47.32511
18.3982	47.36872
18.3989	47.40926
18.3996	47.44664
18.4003	47.48077
18.401	47.51156
18.4017	47.5384
18.4024	47.5612
18.4031	47.58045
18.4038	47.59666
18.4045	47.61031
18.4052	47.62191
18.4059	47.63194
18.4066	47.6409
18.4073	47.6487
18.408	47.65347
18.4087	47.65563
18.4094	47.65587
18.4101	47.65486
18.4108	47.65331
18.4115	47.65188
18.4122	47.65128
18.4129	47.65216
18.4136	47.65308
18.4143	47.65326
18.415	47.65324
18.4157	47.65355
18.4164	47.65472
18.4171	47.65728
18.4178	47.66176
18.4185	47.66871
18.4192	47.67836
18.4199	47.68998
18.4206	47.70339
18.4213	47.71849
18.422	47.73518
18.4227	47.75337
18.4234	47.77294
18.4241	47.79381
18.4248	47.8159
18.4255	47.84066
18.4262	47.86828
18.4269	47.89787
18.4276	47.92856
18.4283	47.95948
18.429	47.98974
18.4297	48.01848
18.4304	48.04481
18.4311	48.0692
18.4318	48.09492
18.4325	48.12102
18.4332	48.14624
18.4339	48.1693
18.4346	48.18895
18.4353	48.2039
18.436	48.21291
18.4367	48.21478
18.4374	48.21189
18.4381	48.20541
18.4388	48.19468
18.4395	48.17905
18.4402	48.15789
18.4409	48.13055
18.4416	48.09638
18.4423	48.05474
18.443	48.00501
18.4437	47.94727
18.4444	47.88222
18.4451	47.81056
18.4458	47.733
18.4465	47.65027
18.4472	47.56308
18.4479	47.47213
18.4486	47.37804
18.4493	47.2772
18.45	47.16881
18.4507	47.05473
18.4514	46.9368
18.4521	46.81686
18.4528	46.69676
18.4535	46.57833
18.4542	46.46341
18.4549	46.35156
18.4556	46.23698
18.4563	46.12092
18.457	46.00529
18.4577	45.89196
18.4584	45.78283
18.4591	45.67978
18.4598	45.58471
18.4605	45.49943
18.4612	45.42103
18.4619	45.34762
18.4626	45.27987
18.4633	45.21844
18.464	45.16397
18.4647	45.11714
18.4654	45.0786
18.4661	45.049
18.4668	45.02909
18.4675	45.01918
18.4682	45.01838
18.4689	45.02578
18.4696	45.04042
18.4703	45.06138
18.471	45.08772
18.4717	45.1185
18.4724	45.15282
18.4731	45.19401
18.4738	45.24361
18.4745	45.29984
18.4752	45.36095
18.4759	45.42517
18.4766	45.49075
18.4773	45.55594
18.478	45.61896
18.4787	45.67937
18.4794	45.74194
18.4801	45.80631
18.4808	45.87133
18.4815	45.93582
18.4822	45.99863
18.4829	46.05858
18.4836	46.11453
18.4843	46.1653
18.485	46.21161
18.4857	46.25486
18.4864	46.29508
18.4871	46.33231
18.4878	46.36656
18.4885	46.39788
18.4892	46.42628
18.4899	46.4518
18.4906	46.47425
18.4913	46.49241
18.492	46.50667
18.4927	46.51775
18.4934	46.52636
18.4941	46.5332
18.4948	46.53897
18.4955	46.5444
18.4962	46.55017
18.4969	46.55567
18.4976	46.55959
18.4983	46.56228
18.499	46.56409
18.4997	46.56539
18.5004	46.56653
18.5011	46.56788
18.5018	46.56978
18.5025	46.57261
18.5032	46.57663
18.5039	46.58147
18.5046	46.58666
18.5053	46.59173
18.506	46.59622
18.5067	46.59966
18.5074	46.60158
18.5081	46.60152
18.5088	46.60002
18.5095	46.59855
18.5102	46.59655
18.5109	46.59337
18.5116	46.58837
18.5123	46.58094
18.513	46.57043
18.5137	46.55622
18.5144	46.5377
18.5151	46.5153
18.5158	46.48951
18.5165	46.46057
18.5172	46.42871
18.5179	46.39416
18.5186	46.35714
18.5193	46.31789
18.52	46.27664
18.5207	46.2326
18.5214	46.18331
18.5221	46.12994
18.5228	46.07395
18.5235	46.01677
18.5242	45.95986
18.5249	45.90468
18.5256	45.85265
18.5263	45.8052
18.527	45.75872
18.5277	45.71118
18.5284	45.66417
18.5291	45.61933
18.5298	45.57825
18.5305	45.54255
18.5312	45.51385
18.5319	45.49375
18.5326	45.48316
18.5333	45.47903
18.534	45.48098
18.5347	45.48923
18.5354	45.50403
18.5361	45.5256
18.5368	45.55418
18.5375	45.59
18.5382	45.63329
18.5389	45.68613
18.5396	45.74989
18.5403	45.82261
18.541	45.90226
18.5417	45.98686
18.5424	46.0744
18.5431	46.16287
18.5438	46.25029
18.5445	46.33542
18.5452	46.42662
18.5459	46.52417
18.5466	46.62479
18.5473	46.72524
18.548	46.82227
18.5487	46.91262
18.5494	46.99303
18.5501	47.06026
18.5508	47.11531
18.5515	47.16681
18.5522	47.213
18.5529	47.25153
18.5536	47.28005
18.5543	47.29618
18.555	47.29758
18.5557	47.28189
18.5564	47.24679
18.5571	47.19393
18.5578	47.12556
18.5585	47.04213
18.5592	46.94406
18.5599	46.83177
18.5606	46.70568
18.5613	46.56623
18.562	46.41383
18.5627	46.24761
18.5634	46.06136
18.5641	45.85704
18.5648	45.638
18.5655	45.40755
18.5662	45.16904
18.5669	44.9258
18.5676	44.68115
18.5683	44.43841
18.569	44.19241
18.5697	43.93411
18.5704	43.66766
18.5711	43.39734
18.5718	43.12742
18.5725	42.86219
18.5732	42.60591
18.5739	42.36287
18.5746	42.13657
18.5753	41.91635
18.576	41.69964
18.5767	41.48944
18.5774	41.28877
18.5781	41.1006
18.5788	40.92795
18.5795	40.77381
18.5802	40.64116
18.5809	40.53099
18.5816	40.43782
18.5823	40.3613
18.583	40.30166
18.5837	40.25914
18.5844	40.23399
18.5851	40.22644
18.5858	40.23672
18.5865	40.26509
18.5872	40.31405
18.5879	40.38453
18.5886	40.47444
18.5893	40.58169
18.59	40.7042
18.5907	40.83989
18.5914	40.98667
18.5921	41.14246
18.5928	41.30613
18.5935	41.48576
18.5942	41.68137
18.5949	41.89006
18.5956	42.10894
18.5963	42.33511
18.597	42.56567
18.5977	42.79773
18.5984	43.0284
18.5991	43.25858
18.5998	43.49602
18.6005	43.73918
18.6012	43.98592
18.6019	44.23413
18.6026	44.48167
18.6033	44.72642
18.604	44.96627
18.6047	45.19912
18.6054	45.42845
18.6061	45.65709
18.6068	45.88382
18.6075	46.10745
18.6082	46.32679
18.6089	46.54063
18.6096	46.74776
18.6103	46.94701
18.611	47.13766
18.6117	47.32298
18.6124	47.50315
18.6131	47.67736
18.6138	47.84483
18.6145	48.00474
18.6152	48.15631
18.6159	48.29873
18.6166	48.43121
18.6173	48.5541
18.618	48.66952
18.6187	48.777
18.6194	48.87594
18.6201	48.96573
18.6208	49.04579
18.6215	49.11551
18.6222	49.1743
18.6229	49.22156
18.6236	49.25804
18.6243	49.28444
18.625	49.30062
18.6257	49.30643
18.6264	49.30174
18.6271	49.28639
18.6278	49.26025
18.6285	49.22318
18.6292	49.17485
18.6299	49.11387
18.6306	49.04074
18.6313	48.95643
18.632	48.86187
18.6327	48.75802
18.6334	48.64583
18.6341	48.52623
18.6348	48.40019
18.6355	48.26629
18.6362	48.12
18.6369	47.96319
18.6376	47.79804
18.6383	47.62675
18.639	47.45151
18.6397	47.2745
18.6404	47.09791
18.6411	46.92391
18.6418	46.74698
18.6425	46.56328
18.6432	46.3756
18.6439	46.18669
18.6446	45.99934
18.6453	45.8163
18.646	45.64034
18.6467	45.47422
18.6474	45.31987
18.6481	45.17011
18.6488	45.02404
18.6495	44.8834
18.6502	44.74992
18.6509	44.62534
18.6516	44.51139
18.6523	44.4098
18.653	44.3223
18.6537	44.24944
18.6544	44.18819
18.6551	44.13831
18.6558	44.09979
18.6565	44.07267
18.6572	44.05694
18.6579	44.05262
18.6586	44.05972
18.6593	44.07827
18.66	44.11015
18.6607	44.15651
18.6614	44.21578
18.6621	44.28635
18.6628	44.36664
18.6635	44.45503
18.6642	44.54995
18.6649	44.64981
18.6656	44.75336
18.6663	44.86661
18.667	44.99044
18.6677	45.12254
18.6684	45.26059
18.6691	45.40228
18.6698	45.5453
18.6705	45.68734
18.6712	45.82609
18.6719	45.96106
18.6726	46.09946
18.6733	46.2406
18.674	46.38251
18.6747	46.52322
18.6754	46.66073
18.6761	46.79308
18.6768	46.91829
18.6775	47.03439
18.6782	47.14225
18.6789	47.24599
18.6796	47.34493
18.6803	47.43824
18.681	47.52512
18.6817	47.60474
18.6824	47.67631
18.6831	47.739
18.6838	47.792
18.6845	47.83562
18.6852	47.87062
18.6859	47.89731
18.6866	47.91601
18.6873	47.92705
18.688	47.93073
18.6887	47.92738
18.6894	47.91731
18.6901	47.90058
18.6908	47.87499
18.6915	47.84075
18.6922	47.79885
18.6929	47.7503
18.6936	47.69608
18.6943	47.63719
18.695	47.57462
18.6957	47.50938
18.6964	47.44127
18.6971	47.36698
18.6978	47.28717
18.6985	47.20285
18.6992	47.11506
18.6999	47.02484
18.7006	46.93321
18.7013	46.84122
18.702	46.74988
18.7027	46.65814
18.7034	46.56372
18.7041	46.46734
18.7048	46.36974
18.7055	46.27167
18.7062	46.17386
18.7069	46.07706
18.7076	45.98201
18.7083	45.88942
18.709	45.79781
18.7097	45.7064
18.7104	45.61562
18.7111	45.5259
18.7118	45.43767
18.7125	45.35137
18.7132	45.26741
18.7139	45.18624
18.7146	45.10811
18.7153	45.03179
18.716	44.95721
18.7167	44.88467
18.7174	44.8145
18.7181	44.74701
18.7188	44.68252
18.7195	44.62135
18.7202	44.56381
18.7209	44.50989
18.7216	44.45863
18.7223	44.41019
18.723	44.36481
18.7237	44.32275
18.7244	44.28426
18.7251	44.2496
18.7258	44.21901
18.7265	44.19276
18.7272	44.17071
18.7279	44.15242
18.7286	44.13794
18.7293	44.12732
18.73	44.12064
18.7307	44.11795
18.7314	44.11932
18.7321	44.12481
18.7328	44.13449
18.7335	44.14911
18.7342	44.16878
18.7349	44.19295
18.7356	44.22107
18.7363	44.2526
18.737	44.287
18.7377	44.32373
18.7384	44.36223
18.7391	44.40224
18.7398	44.44681
18.7405	44.4959
18.7412	44.54822
18.7419	44.60248
18.7426	44.6574
18.7433	44.71168
18.744	44.76404
18.7447	44.81318
18.7454	44.8591
18.7461	44.90684
18.7468	44.95563
18.7475	45.00377
18.7482	45.04953
18.7489	45.09123
18.7496	45.12717
18.7503	45.15562
18.751	45.17491
18.7517	45.18545
18.7524	45.19112
18.7531	45.1914
18.7538	45.18551
18.7545	45.17269
18.7552	45.15219
18.7559	45.12324
18.7566	45.08508
18.7573	45.03695
18.758	44.97809
18.7587	44.90884
18.7594	44.83016
18.7601	44.74298
18.7608	44.64826
18.7615	44.54695
18.7622	44.44001
18.7629	44.32836
18.7636	44.21285
18.7643	44.08858
18.765	43.95437
18.7657	43.8126
18.7664	43.66565
18.7671	43.5159
18.7678	43.36572
18.7685	43.21749
18.7692	43.07359
18.7699	42.93554
18.7706	42.79591
18.7713	42.65412
18.772	42.51233
18.7727	42.37271
18.7734	42.23741
18.7741	42.1086
18.7748	41.98842
18.7755	41.87904
18.7762	41.78135
18.7769	41.6906
18.7776	41.60659
18.7783	41.52992
18.779	41.4612
18.7797	41.40105
18.7804	41.35007
18.7811	41.30886
18.7818	41.27803
18.7825	41.25871
18.7832	41.25181
18.7839	41.25599
18.7846	41.26983
18.7853	41.29189
18.786	41.32075
18.7867	41.35497
18.7874	41.39314
18.7881	41.43381
18.7888	41.48005
18.7895	41.53617
18.7902	41.59987
18.7909	41.66879
18.7916	41.74058
18.7923	41.81289
18.793	41.88339
18.7937	41.94971
18.7944	42.00957
18.7951	42.06735
18.7958	42.12626
18.7965	42.18474
18.7972	42.24125
18.7979	42.29423
18.7986	42.34215
18.7993	42.38346
18.8	42.41662
18.8007	42.44019
18.8014	42.45569
18.8021	42.46432
18.8028	42.46643
18.8035	42.46233
18.8042	42.45235
18.8049	42.43683
18.8056	42.41608
18.8063	42.39045
18.807	42.35977
18.8077	42.32057
18.8084	42.27346
18.8091	42.22011
18.8098	42.16221
18.8105	42.10143
18.8112	42.03946
18.8119	41.97796
18.8126	41.91862
18.8133	41.86164
18.814	41.80165
18.8147	41.73924
18.8154	41.67588
18.8161	41.61305
18.8168	41.55221
18.8175	41.49483
18.8182	41.44239
18.8189	41.39636
18.8196	41.35695
18.8203	41.32153
18.821	41.28998
18.8217	41.26237
18.8224	41.23876
18.8231	41.21923
18.8238	41.20384
18.8245	41.19266
18.8252	41.18575
18.8259	41.18441
18.8266	41.18994
18.8273	41.20107
18.828	41.21649
18.8287	41.23486
18.8294	41.25487
18.8301	41.2752
18.8308	41.29454
18.8315	41.31156
18.8322	41.32889
18.8329	41.34922
18.8336	41.37114
18.8343	41.39326
18.835	41.41418
18.8357	41.43252
18.8364	41.44686
18.8371	41.45583
18.8378	41.45808
18.8385	41.45605
18.8392	41.45134
18.8399	41.4433
18.8406	41.43129
18.8413	41.41465
18.842	41.39275
18.8427	41.36494
18.8434	41.33057
18.8441	41.28904
18.8448	41.24069
18.8455	41.18605
18.8462	41.12542
18.8469	41.05912
18.8476	40.98743
18.8483	40.91068
18.849	40.82917
18.8497	40.74319
18.8504	40.65286
18.8511	40.55643
18.8518	40.454
18.8525	40.34628
18.8532	40.234
18.8539	40.11787
18.8546	39.99861
18.8553	39.87693
18.856	39.75355
18.8567	39.6287
18.8574	39.49999
18.8581	39.36754
18.8588	39.23204
18.8595	39.09415
18.8602	38.95457
18.8609	38.81395
18.8616	38.67299
18.8623	38.53236
18.863	38.39204
18.8637	38.24982
18.8644	38.106
18.8651	37.96123
18.8658	37.81612
18.8665	37.67132
18.8672	37.52746
18.8679	37.38517
18.8686	37.24509
18.8693	37.10672
18.87	36.96749
18.8707	36.82817
18.8714	36.68973
18.8721	36.55316
18.8728	36.41944
18.8735	36.28955
18.8742	36.16447
18.8749	36.04518
18.8756	35.93059
18.8763	35.81743
18.877	35.70681
18.8777	35.60003
18.8784	35.49836
18.8791	35.40308
18.8798	35.31546
18.8805	35.23679
18.8812	35.16834
18.8819	35.10858
18.8826	35.05433
18.8833	35.00669
18.884	34.96678
18.8847	34.93576
18.8854	34.91476
18.8861	34.90493
18.8868	34.9074
18.8875	34.92331
18.8882	34.95186
18.8889	34.99132
18.8896	35.04184
18.8903	35.10359
18.891	35.1767
18.8917	35.26135
18.8924	35.35767
18.8931	35.46584
18.8938	35.586
18.8945	35.71984
18.8952	35.86781
18.8959	36.02863
18.8966	36.20104
18.8973	36.38374
18.898	36.57547
18.8987	36.77495
18.8994	36.9809
18.9001	37.19213
18.9008	37.41366
18.9015	37.64749
18.9022	37.89124
18.9029	38.14252
18.9036	38.39893
18.9043	38.65809
18.905	38.91761
18.9057	39.17512
18.9064	39.42844
18.9071	39.68397
18.9078	39.94402
18.9085	40.2065
18.9092	40.4693
18.9099	40.73032
18.9106	40.98744
18.9113	41.23857
18.912	41.48161
18.9127	41.71472
18.9134	41.94246
18.9141	42.16638
18.9148	42.38551
18.9155	42.59887
18.9162	42.80548
18.9169	43.00436
18.9176	43.19451
18.9183	43.37498
18.919	43.5449
18.9197	43.70557
18.9204	43.85768
18.9211	44.0013
18.9218	44.13652
18.9225	44.26343
18.9232	44.38209
18.9239	44.4926
18.9246	44.59503
18.9253	44.68937
18.926	44.77463
18.9267	44.85094
18.9274	44.91876
18.9281	44.97858
18.9288	45.03089
18.9295	45.07617
18.9302	45.11489
18.9309	45.14755
18.9316	45.17439
18.9323	45.19359
18.933	45.20515
18.9337	45.20965
18.9344	45.20765
18.9351	45.19974
18.9358	45.18649
18.9365	45.16847
18.9372	45.14626
18.9379	45.12006
18.9386	45.08757
18.9393	45.04889
18.94	45.00478
18.9407	44.95601
18.9414	44.90333
18.9421	44.84752
18.9428	44.78932
18.9435	44.72952
18.9442	44.66831
18.9449	44.60263
18.9456	44.53271
18.9463	44.45955
18.947	44.38414
18.9477	44.30747
18.9484	44.23055
18.9491	44.15436
18.9498	44.07991
18.9505	44.00752
18.9512	43.93391
18.9519	43.85923
18.9526	43.78435
18.9533	43.71018
18.954	43.63759
18.9547	43.56749
18.9554	43.50075
18.9561	43.43826
18.9568	43.38059
18.9575	43.32632
18.9582	43.27507
18.9589	43.22679
18.9596	43.18139
18.9603	43.13879
18.961	43.09893
18.9617	43.06171
18.9624	43.02707
18.9631	42.99546
18.9638	42.96933
18.9645	42.94784
18.9652	42.92968
18.9659	42.91352
18.9666	42.89803
18.9673	42.88188
18.968	42.86374
18.9687	42.84229
18.9694	42.8174
18.9701	42.79413
18.9708	42.77189
18.9715	42.74912
18.9722	42.72422
18.9729	42.69563
18.9736	42.66177
18.9743	42.62105
18.975	42.57191
18.9757	42.51367
18.9764	42.45001
18.9771	42.38111
18.9778	42.30644
18.9785	42.22549
18.9792	42.13773
18.9799	42.04265
18.9806	41.93973
18.9813	41.82844
18.982	41.70787
18.9827	41.57608
18.9834	41.43429
18.9841	41.28414
18.9848	41.12728
18.9855	40.96537
18.9862	40.80004
18.9869	40.63295
18.9876	40.46573
18.9883	40.29797
18.989	40.12022
18.9897	39.93426
18.9904	39.74383
18.9911	39.55268
18.9918	39.36457
18.9925	39.18325
18.9932	39.01245
18.9939	38.85592
18.9946	38.71444
18.9953	38.57383
18.996	38.43529
18.9967	38.30317
18.9974	38.1818
18.9981	38.07553
18.9988	37.98868
18.9995	37.9256
19.0002	37.89061
19.0009	37.88626
19.0016	37.90352
19.0023	37.94114
19.003	37.99997
19.0037	38.08084
19.0044	38.18459
19.0051	38.31206
19.0058	38.46409
19.0065	38.64152
19.0072	38.84619
19.0079	39.08474
19.0086	39.35452
19.0093	39.65102
19.01	39.96972
19.0107	40.30608
19.0114	40.65561
19.0121	41.01379
19.0128	41.37611
19.0135	41.7409
19.0142	42.12818
19.0149	42.5371
19.0156	42.96075
19.0163	43.39219
19.017	43.8245
19.0177	44.25074
19.0184	44.664
19.0191	45.05735
19.0198	45.42607
19.0205	45.78792
19.0212	46.14549
19.0219	46.4951
19.0226	46.83309
19.0233	47.1558
19.024	47.45957
19.0247	47.74073
19.0254	47.99563
19.0261	48.22111
19.0268	48.42171
19.0275	48.59995
19.0282	48.75643
19.0289	48.89175
19.0296	49.00653
19.0303	49.10135
19.031	49.17684
19.0317	49.23358
19.0324	49.27183
19.0331	49.28576
19.0338	49.2753
19.0345	49.24324
19.0352	49.19239
19.0359	49.12556
19.0366	49.04554
19.0373	48.95514
19.038	48.85715
19.0387	48.75399
19.0394	48.63718
19.0401	48.50423
19.0408	48.35797
19.0415	48.20123
19.0422	48.03683
19.0429	47.8676
19.0436	47.69637
19.0443	47.52594
19.045	47.35899
19.0457	47.18904
19.0464	47.01285
19.0471	46.83242
19.0478	46.64976
19.0485	46.46686
19.0492	46.28574
19.0499	46.10839
19.0506	45.9368
19.0513	45.77297
19.052	45.61383
19.0527	45.45671
19.0534	45.30242
19.0541	45.15174
19.0548	45.00545
19.0555	44.86434
19.0562	44.7292
19.0569	44.60081
19.0576	44.47997
19.0583	44.3663
19.059	44.2588
19.0597	44.15738
19.0604	44.06189
19.0611	43.97223
19.0618	43.88829
19.0625	43.80993
19.0632	43.73705
19.0639	43.66952
19.0646	43.60786
19.0653	43.55264
19.066	43.50346
19.0667	43.45991
19.0674	43.42156
19.0681	43.38802
19.0688	43.35886
19.0695	43.33368
19.0702	43.31206
19.0709	43.29418
19.0716	43.28092
19.0723	43.27215
19.073	43.26773
19.0737	43.26752
19.0744	43.27137
19.0751	43.27916
19.0758	43.29072
19.0765	43.30593
19.0772	43.32481
19.0779	43.34771
19.0786	43.37459
19.0793	43.40537
19.08	43.43999
19.0807	43.47839
19.0814	43.52048
19.0821	43.56622
19.0828	43.61552
19.0835	43.66863
19.0842	43.72643
19.0849	43.78858
19.0856	43.85459
19.0863	43.924
19.087	43.99633
19.0877	44.07111
19.0884	44.14787
19.0891	44.22614
19.0898	44.30606
19.0905	44.39026
19.0912	44.47824
19.0919	44.56899
19.0926	44.66148
19.0933	44.7547
19.094	44.84763
19.0947	44.93924
19.0954	45.02852
19.0961	45.11502
19.0968	45.20262
19.0975	45.29133
19.0982	45.37992
19.0989	45.46723
19.0996	45.55203
19.1003	45.63315
19.101	45.70937
19.1017	45.77952
19.1024	45.84266
19.1031	45.90207
19.1038	45.95847
19.1045	46.01101
19.1052	46.05886
19.1059	46.10117
19.1066	46.13713
19.1073	46.16588
19.108	46.1866
19.1087	46.1985
19.1094	46.20294
19.1101	46.20076
19.1108	46.19175
19.1115	46.17571
19.1122	46.1524
19.1129	46.12163
19.1136	46.08317
19.1143	46.03682
19.115	45.98236
19.1157	45.91946
19.1164	45.8482
19.1171	45.76892
19.1178	45.68198
19.1185	45.58774
19.1192	45.48654
19.1199	45.37875
19.1206	45.26471
19.1213	45.14478
19.122	45.01802
19.1227	44.88308
19.1234	44.74071
19.1241	44.59166
19.1248	44.43667
19.1255	44.27651
19.1262	44.11193
19.1269	43.94368
19.1276	43.7725
19.1283	43.59782
19.129	43.41714
19.1297	43.23113
19.1304	43.04062
19.1311	42.84641
19.1318	42.64932
19.1325	42.45017
19.1332	42.24976
19.1339	42.04891
19.1346	41.8475
19.1353	41.64256
19.136	41.43456
19.1367	41.22438
19.1374	41.01291
19.1381	40.80102
19.1388	40.5896
19.1395	40.37952
19.1402	40.17167
19.1409	39.96634
19.1416	39.76001
19.1423	39.55286
19.143	39.34595
19.1437	39.14038
19.1444	38.93721
19.1451	38.73754
19.1458	38.54245
19.1465	38.353
19.1472	38.17003
19.1479	37.99011
19.1486	37.8126
19.1493	37.63852
19.15	37.46887
19.1507	37.30466
19.1514	37.14688
19.1521	36.99655
19.1528	36.85467
19.1535	36.7222
19.1542	36.59724
19.1549	36.47854
19.1556	36.36661
19.1563	36.26197
19.157	36.16513
19.1577	36.07662
19.1584	35.99695
19.1591	35.92663
19.1598	35.86618
19.1605	35.81594
19.1612	35.77557
19.1619	35.74458
19.1626	35.72247
19.1633	35.70875
19.164	35.70293
19.1647	35.70451
19.1654	35.713
19.1661	35.7279
19.1668	35.75035
19.1675	35.7832
19.1682	35.82519
19.1689	35.87491
19.1696	35.93095
19.1703	35.99189
19.171	36.05631
19.1717	36.1228
19.1724	36.18995
19.1731	36.25796
19.1738	36.33251
19.1745	36.41271
19.1752	36.49676
19.1759	36.58286
19.1766	36.66921
19.1773	36.75402
19.178	36.83549
19.1787	36.91183
19.1794	36.98191
19.1801	37.05082
19.1808	37.11912
19.1815	37.18567
19.1822	37.24933
19.1829	37.30895
19.1836	37.36341
19.1843	37.41155
19.185	37.45224
19.1857	37.4844
19.1864	37.50918
19.1871	37.52762
19.1878	37.53991
19.1885	37.54619
19.1892	37.54664
19.1899	37.54142
19.1906	37.5307
19.1913	37.51464
19.192	37.49341
19.1927	37.46484
19.1934	37.42746
19.1941	37.38286
19.1948	37.33261
19.1955	37.27829
19.1962	37.22147
19.1969	37.16374
19.1976	37.10666
19.1983	37.05182
19.199	36.99746
19.1997	36.93774
19.2004	36.87451
19.2011	36.80996
19.2018	36.74625
19.2025	36.68558
19.2032	36.63011
19.2039	36.58202
19.2046	36.54348
19.2053	36.51494
19.206	36.48975
19.2067	36.46826
19.2074	36.452
19.2081	36.44248
19.2088	36.4412
19.2095	36.44968
19.2102	36.46943
19.2109	36.50197
19.2116	36.54852
19.2123	36.60651
19.213	36.67499
19.2137	36.75404
19.2144	36.84377
19.2151	36.94427
19.2158	37.05564
19.2165	37.17799
19.2172	37.31141
19.2179	37.456
19.2186	37.61331
19.2193	37.7836
19.22	37.96585
19.2207	38.15902
19.2214	38.36208
19.2221	38.574
19.2228	38.79375
19.2235	39.0203
19.2242	39.25262
19.2249	39.49275
19.2256	39.74447
19.2263	40.00609
19.227	40.27586
19.2277	40.552
19.2284	40.83278
19.2291	41.11642
19.2298	41.40117
19.2305	41.68528
19.2312	41.96936
19.2319	42.26067
19.2326	42.55778
19.2333	42.85834
19.234	43.15995
19.2347	43.46028
19.2354	43.75693
19.2361	44.04756
19.2368	44.3298
19.2375	44.6023
19.2382	44.87377
19.2389	45.1447
19.2396	45.41251
19.2403	45.67463
19.241	45.92851
19.2417	46.17158
19.2424	46.40126
19.2431	46.615
19.2438	46.81032
19.2445	46.9924
19.2452	47.16458
19.2459	47.32536
19.2466	47.47324
19.2473	47.60674
19.248	47.72436
19.2487	47.82461
19.2494	47.906
19.2501	47.96704
19.2508	48.00784
19.2515	48.03069
19.2522	48.03582
19.2529	48.02347
19.2536	47.99384
19.2543	47.94716
19.255	47.88364
19.2557	47.8035
19.2564	47.70694
19.2571	47.59317
19.2578	47.45855
19.2585	47.30438
19.2592	47.13252
19.2599	46.94483
19.2606	46.74318
19.2613	46.52941
19.262	46.3054
19.2627	46.07299
19.2634	45.83333
19.2641	45.5779
19.2648	45.30608
19.2655	45.0209
19.2662	44.7254
19.2669	44.42261
19.2676	44.11556
19.2683	43.8073
19.269	43.50084
19.2697	43.19921
19.2704	42.8947
19.2711	42.58117
19.2718	42.26221
19.2725	41.94142
19.2732	41.6224
19.2739	41.30874
19.2746	41.00403
19.2753	40.71187
19.276	40.43583
19.2767	40.17418
19.2774	39.91666
19.2781	39.66521
19.2788	39.42237
19.2795	39.19069
19.2802	38.97272
19.2809	38.77101
19.2816	38.5881
19.2823	38.42654
19.283	38.28783
19.2837	38.16615
19.2844	38.06073
19.2851	37.97225
19.2858	37.90139
19.2865	37.84882
19.2872	37.81524
19.2879	37.80131
19.2886	37.80771
19.2893	37.83515
19.29	37.88543
19.2907	37.95819
19.2914	38.05187
19.2921	38.16493
19.2928	38.29582
19.2935	38.44298
19.2942	38.60488
19.2949	38.77995
19.2956	38.96667
19.2963	39.16824
19.297	39.39072
19.2977	39.63143
19.2984	39.8875
19.2991	40.15607
19.2998	40.4343
19.3005	40.71932
19.3012	41.00828
19.3019	41.29834
19.3026	41.58918
19.3033	41.89119
19.304	42.20342
19.3047	42.52304
19.3054	42.84719
19.3061	43.17304
19.3068	43.49775
19.3075	43.81847
19.3082	44.13237
19.3089	44.43697
19.3096	44.73946
19.3103	45.04237
19.311	45.34386
19.3117	45.64208
19.3124	45.93521
19.3131	46.22141
19.3138	46.49884
19.3145	46.76566
19.3152	47.02005
19.3159	47.26388
19.3166	47.50127
19.3173	47.73121
19.318	47.95262
19.3187	48.16445
19.3194	48.36563
19.3201	48.55508
19.3208	48.73175
19.3215	48.89457
19.3222	49.04318
19.3229	49.18016
19.3236	49.30558
19.3243	49.41913
19.325	49.52049
19.3257	49.60933
19.3264	49.68534
19.3271	49.7482
19.3278	49.79759
19.3285	49.83321
19.3292	49.85542
19.3299	49.86449
19.3306	49.86048
19.3313	49.84346
19.332	49.81347
19.3327	49.7706
19.3334	49.71488
19.3341	49.64639
19.3348	49.56519
19.3355	49.47061
19.3362	49.36195
19.3369	49.23976
19.3376	49.10461
19.3383	48.95709
19.339	48.79778
19.3397	48.62723
19.3404	48.44605
19.3411	48.25479
19.3418	48.05315
19.3425	47.83745
19.3432	47.60845
19.3439	47.36759
19.3446	47.11634
19.3453	46.85613
19.346	46.58842
19.3467	46.31466
19.3474	46.03629
19.3481	45.75457
19.3488	45.4634
19.3495	45.16109
19.3502	44.85004
19.3509	44.53266
19.3516	44.21135
19.3523	43.88851
19.353	43.56656
19.3537	43.24789
19.3544	42.93491
19.3551	42.62524
19.3558	42.31191
19.3565	41.99682
19.3572	41.6821
19.3579	41.3699
19.3586	41.06234
19.3593	40.76155
19.36	40.46966
19.3607	40.18881
19.3614	39.9202
19.3621	39.65873
19.3628	39.4038
19.3635	39.15608
19.3642	38.91625
19.3649	38.68499
19.3656	38.46296
19.3663	38.25085
19.367	38.04933
19.3677	37.85908
19.3684	37.68068
19.3691	37.51369
19.3698	37.35732
19.3705	37.21075
19.3712	37.07318
19.3719	36.9438
19.3726	36.82181
19.3733	36.70641
19.374	36.59679
19.3747	36.49353
19.3754	36.3998
19.3761	36.31481
19.3768	36.23751
19.3775	36.16686
19.3782	36.10179
19.3789	36.04127
19.3796	35.98425
19.3803	35.92967
19.381	35.87672
19.3817	35.82801
19.3824	35.78417
19.3831	35.74469
19.3838	35.70907
19.3845	35.67681
19.3852	35.6474
19.3859	35.62034
19.3866	35.59514
19.3873	35.57129
19.388	35.54861
19.3887	35.52755
19.3894	35.50846
19.3901	35.49166
19.3908	35.47751
19.3915	35.46633
19.3922	35.45846
19.3929	35.45425
19.3936	35.45402
19.3943	35.45773
19.395	35.46357
19.3957	35.47183
19.3964	35.48312
19.3971	35.49808
19.3978	35.51734
19.3985	35.54152
19.3992	35.57125
19.3999	35.60716
19.4006	35.64986
19.4013	35.69864
19.402	35.75278
19.4027	35.8123
19.4034	35.87721
19.4041	35.94752
19.4048	36.02325
19.4055	36.1044
19.4062	36.19098
19.4069	36.28302
19.4076	36.38114
19.4083	36.48671
19.409	36.59898
19.4097	36.71706
19.4104	36.84007
19.4111	36.96711
19.4118	37.09732
19.4125	37.22979
19.4132	37.36365
19.4139	37.49832
19.4146	37.63843
19.4153	37.78445
19.416	37.93461
19.4167	38.08717
19.4174	38.24038
19.4181	38.39248
19.4188	38.54172
19.4195	38.68637
19.4202	38.82466
19.4209	38.95906
19.4216	39.09497
19.4223	39.23057
19.423	39.36388
19.4237	39.49293
19.4244	39.61577
19.4251	39.73043
19.4258	39.83494
19.4265	39.92734
19.4272	40.00668
19.4279	40.07957
19.4286	40.14625
19.4293	40.2051
19.43	40.25448
19.4307	40.29274
19.4314	40.31826
19.4321	40.32939
19.4328	40.32451
19.4335	40.30197
19.4342	40.26404
19.4349	40.21378
19.4356	40.15035
19.4363	40.07291
19.437	39.98062
19.4377	39.87261
19.4384	39.74807
19.4391	39.60613
19.4398	39.44596
19.4405	39.26688
19.4412	39.06941
19.4419	38.85421
19.4426	38.62186
19.4433	38.37295
19.444	38.10807
19.4447	37.82779
19.4454	37.53271
19.4461	37.2234
19.4468	36.90042
19.4475	36.55927
19.4482	36.19819
19.4489	35.81959
19.4496	35.42591
19.4503	35.01956
19.451	34.60298
19.4517	34.17858
19.4524	33.74878
19.4531	33.316
19.4538	32.87902
19.4545	32.42719
19.4552	31.96272
19.4559	31.48913
19.4566	31.00992
19.4573	30.52861
19.458	30.0487
19.4587	29.57372
19.4594	29.10716
19.4601	28.65222
19.4608	28.198
19.4615	27.74022
19.4622	27.28259
19.4629	26.82877
19.4636	26.38245
19.4643	25.94733
19.465	25.52707
19.4657	25.12535
19.4664	24.74587
19.4671	24.3874
19.4678	24.03865
19.4685	23.70137
19.4692	23.37824
19.4699	23.07194
19.4706	22.78515
19.4713	22.52054
19.472	22.2808
19.4727	22.0686
19.4734	21.8864
19.4741	21.73009
19.4748	21.59727
19.4755	21.48811
19.4762	21.40278
19.4769	21.34147
19.4776	21.30433
19.4783	21.29154
19.479	21.30328
19.4797	21.33971
19.4804	21.40299
19.4811	21.49695
19.4818	21.61915
19.4825	21.76686
19.4832	21.93736
19.4839	22.1279
19.4846	22.33575
19.4853	22.55819
19.486	22.7925
19.4867	23.03656
19.4874	23.30196
19.4881	23.59087
19.4888	23.89922
19.4895	24.22292
19.4902	24.55791
19.4909	24.9001
19.4916	25.24543
19.4923	25.58983
19.493	25.92922
19.4937	26.26581
19.4944	26.61159
19.4951	26.96432
19.4958	27.32106
19.4965	27.67888
19.4972	28.03483
19.4979	28.38599
19.4986	28.72941
19.4993	29.06215
19.5	29.38162
19.5007	29.69295
19.5014	29.99858
19.5021	30.29809
19.5028	30.59106
19.5035	30.87704
19.5042	31.15563
19.5049	31.4264
19.5056	31.68891
19.5063	31.94276
19.507	32.18695
19.5077	32.42043
19.5084	32.64433
19.5091	32.85984
19.5098	33.06818
19.5105	33.27056
19.5112	33.46818
19.5119	33.66224
19.5126	33.85395
19.5133	34.04436
19.514	34.22994
19.5147	34.40959
19.5154	34.58429
19.5161	34.75501
19.5168	34.92273
19.5175	35.08843
19.5182	35.25309
19.5189	35.41768
19.5196	35.58318
19.5203	35.74999
19.521	35.91678
19.5217	36.08313
19.5224	36.24872
19.5231	36.41322
19.5238	36.57632
19.5245	36.73768
19.5252	36.89699
19.5259	37.05393
19.5266	37.20823
19.5273	37.36211
19.528	37.51609
19.5287	37.66917
19.5294	37.82032
19.5301	37.96853
19.5308	38.11276
19.5315	38.25202
19.5322	38.38527
19.5329	38.51151
19.5336	38.63053
19.5343	38.74466
19.535	38.85396
19.5357	38.95821
19.5364	39.0572
19.5371	39.1507
19.5378	39.23852
19.5385	39.32044
19.5392	39.39624
19.5399	39.4657
19.5406	39.52707
19.5413	39.58007
19.542	39.62591
19.5427	39.66581
19.5434	39.70097
19.5441	39.7326
19.5448	39.76191
19.5455	39.79011
19.5462	39.81842
19.5469	39.84663
19.5476	39.86912
19.5483	39.88667
19.549	39.90108
19.5497	39.91415
19.5504	39.92767
19.5511	39.94346
19.5518	39.96331
19.5525	39.98901
19.5532	40.02237
19.5539	40.06107
19.5546	40.1019
19.5553	40.14559
19.556	40.19288
19.5567	40.2445
19.5574	40.30118
19.5581	40.36366
19.5588	40.43268
19.5595	40.50897
19.5602	40.59332
19.5609	40.68629
19.5616	40.78708
19.5623	40.8947
19.563	41.00816
19.5637	41.12648
19.5644	41.24866
19.5651	41.37371
19.5658	41.50066
19.5665	41.6285
19.5672	41.75966
19.5679	41.8983
19.5686	42.04253
19.5693	42.19034
19.57	42.33974
19.5707	42.48873
19.5714	42.6353
19.5721	42.77747
19.5728	42.91324
19.5735	43.04106
19.5742	43.16693
19.5749	43.29218
19.5756	43.41534
19.5763	43.53492
19.577	43.64941
19.5777	43.75735
19.5784	43.85724
19.5791	43.94759
19.5798	44.02692
19.5805	44.09511
19.5812	44.15529
19.5819	44.20752
19.5826	44.25164
19.5833	44.28749
19.584	44.31489
19.5847	44.33371
19.5854	44.34376
19.5861	44.3449
19.5868	44.33693
19.5875	44.31806
19.5882	44.28803
19.5889	44.24803
19.5896	44.19923
19.5903	44.14282
19.591	44.07998
19.5917	44.01189
19.5924	43.93972
19.5931	43.86466
19.5938	43.78677
19.5945	43.70105
19.5952	43.60799
19.5959	43.50903
19.5966	43.40563
19.5973	43.29922
19.598	43.19126
19.5987	43.08318
19.5994	42.97643
19.6001	42.87246
19.6008	42.7698
19.6015	42.66545
19.6022	42.56
19.6029	42.45409
19.6036	42.34835
19.6043	42.2434
19.605	42.13986
19.6057	42.03837
19.6064	41.93955
19.6071	41.84398
19.6078	41.75119
19.6085	41.6607
19.6092	41.5722
19.6099	41.48538
19.6106	41.39995
19.6113	41.3156
19.612	41.23203
19.6127	41.14893
19.6134	41.066
19.6141	40.98336
19.6148	40.90198
19.6155	40.82169
19.6162	40.74227
19.6169	40.66348
19.6176	40.5851
19.6183	40.50688
19.619	40.42859
19.6197	40.35
19.6204	40.27088
19.6211	40.19049
19.6218	40.10879
19.6225	40.02641
19.6232	39.94395
19.6239	39.86202
19.6246	39.78122
19.6253	39.70217
19.626	39.62547
19.6267	39.55172
19.6274	39.481
19.6281	39.41001
19.6288	39.33903
19.6295	39.26915
19.6302	39.20148
19.6309	39.13713
19.6316	39.0772
19.6323	39.0228
19.633	38.97502
19.6337	38.93496
19.6344	38.9019
19.6351	38.87302
19.6358	38.84882
19.6365	38.82988
19.6372	38.81677
19.6379	38.81007
19.6386	38.81036
19.6393	38.81821
19.64	38.8342
19.6407	38.85891
19.6414	38.89278
19.6421	38.93535
19.6428	38.98595
19.6435	39.0439
19.6442	39.10854
19.6449	39.17918
19.6456	39.25517
19.6463	39.33583
19.647	39.42048
19.6477	39.50949
19.6484	39.60736
19.6491	39.71324
19.6498	39.82546
19.6505	39.94231
19.6512	40.0621
19.6519	40.18314
19.6526	40.30373
19.6533	40.4222
19.654	40.53684
19.6547	40.6499
19.6554	40.76609
19.6561	40.884
19.6568	41.00215
19.6575	41.11903
19.6582	41.23316
19.6589	41.34305
19.6596	41.44721
19.6603	41.54416
19.661	41.63255
19.6617	41.71541
19.6624	41.79415
19.6631	41.86828
19.6638	41.93735
19.6645	42.00087
19.6652	42.05838
19.6659	42.10942
19.6666	42.1535
19.6673	42.19017
19.668	42.21902
19.6687	42.24029
19.6694	42.25437
19.6701	42.26162
19.6708	42.26241
19.6715	42.25711
19.6722	42.24608
19.6729	42.22968
19.6736	42.20828
19.6743	42.18225
19.675	42.15104
19.6757	42.1136
19.6764	42.07027
19.6771	42.02142
19.6778	41.96741
19.6785	41.90861
19.6792	41.84538
19.6799	41.7781
19.6806	41.70712
19.6813	41.63279
19.682	41.55452
19.6827	41.47194
19.6834	41.38511
19.6841	41.29407
19.6848	41.19887
19.6855	41.09956
19.6862	40.99618
19.6869	40.88878
19.6876	40.77741
19.6883	40.66205
19.689	40.54244
19.6897	40.41861
19.6904	40.29066
19.6911	40.15869
19.6918	40.0228
19.6925	39.88309
19.6932	39.73964
19.6939	39.59257
19.6946	39.44196
19.6953	39.28703
19.696	39.12649
19.6967	38.96109
19.6974	38.79163
19.6981	38.6189
19.6988	38.44371
19.6995	38.26685
19.7002	38.08911
19.7009	37.9113
19.7016	37.73415
19.7023	37.5538
19.703	37.36865
19.7037	37.18041
19.7044	36.99081
19.7051	36.80158
19.7058	36.61443
19.7065	36.43108
19.7072	36.25324
19.7079	36.08265
19.7086	35.92015
19.7093	35.75962
19.71	35.60073
19.7107	35.44499
19.7114	35.29392
19.7121	35.14902
19.7128	35.01182
19.7135	34.88382
19.7142	34.76653
19.7149	34.66146
19.7156	34.56913
19.7163	34.48715
19.717	34.41502
19.7177	34.35237
19.7184	34.29886
19.7191	34.25414
19.7198	34.21785
19.7205	34.18966
19.7212	34.1692
19.7219	34.15612
19.7226	34.15469
19.7233	34.16803
19.724	34.19324
19.7247	34.2274
19.7254	34.26757
19.7261	34.31085
19.7268	34.3543
19.7275	34.39503
19.7282	34.4301
19.7289	34.45721
19.7296	34.48743
19.7303	34.52326
19.731	34.56124
19.7317	34.59791
19.7324	34.62981
19.7331	34.65347
19.7338	34.66546
19.7345	34.6623
19.7352	34.64055
19.7359	34.59864
19.7366	34.54506
19.7373	34.48055
19.738	34.40419
19.7387	34.31507
19.7394	34.21229
19.7401	34.09493
19.7408	33.96209
19.7415	33.81284
19.7422	33.64629
19.7429	33.46048
19.7436	33.25374
19.7443	33.02821
19.745	32.78615
19.7457	32.52981
19.7464	32.26145
19.7471	31.98332
19.7478	31.69767
19.7485	31.40675
19.7492	31.11281
19.7499	30.80831
19.7506	30.48749
19.7513	30.15401
19.752	29.81158
19.7527	29.46386
19.7534	29.11455
19.7541	28.76732
19.7548	28.42585
19.7555	28.09381
19.7562	27.77412
19.7569	27.45523
19.7576	27.13434
19.7583	26.8144
19.759	26.49834
19.7597	26.18911
19.7604	25.88965
19.7611	25.60289
19.7618	25.33177
19.7625	25.07923
19.7632	24.8462
19.7639	24.62346
19.7646	24.41095
19.7653	24.21048
19.766	24.02385
19.7667	23.85287
19.7674	23.69933
19.7681	23.56504
19.7688	23.4518
19.7695	23.36141
19.7702	23.29328
19.7709	23.24263
19.7716	23.20999
19.7723	23.19616
19.773	23.20195
19.7737	23.22816
19.7744	23.2756
19.7751	23.34508
19.7758	23.43741
19.7765	23.55338
19.7772	23.69301
19.7779	23.85541
19.7786	24.04017
19.7793	24.24687
19.78	24.47511
19.7807	24.72449
19.7814	24.99458
19.7821	25.28499
19.7828	25.59531
19.7835	25.92526
19.7842	26.27941
19.7849	26.65855
19.7856	27.0605
19.7863	27.48309
19.787	27.92415
19.7877	28.38149
19.7884	28.85296
19.7891	29.33637
19.7898	29.82956
19.7905	30.33183
19.7912	30.85439
19.7919	31.39714
19.7926	31.95642
19.7933	32.52857
19.794	33.10997
19.7947	33.69695
19.7954	34.28587
19.7961	34.8731
19.7968	35.45498
19.7975	36.03238
19.7982	36.61994
19.7989	37.21565
19.7996	37.81549
19.8003	38.41544
19.801	39.01149
19.8017	39.59963
19.8024	40.17583
19.8031	40.73609
19.8038	41.27641
19.8045	41.79994
19.8052	42.31818
19.8059	42.82884
19.8066	43.32916
19.8073	43.81636
19.808	44.2877
19.8087	44.74042
19.8094	45.17177
19.8101	45.57899
19.8108	45.95933
19.8115	46.31534
19.8122	46.65139
19.8129	46.9672
19.8136	47.26246
19.8143	47.53688
19.815	47.79017
19.8157	48.02203
19.8164	48.23217
19.8171	48.42029
19.8178	48.58603
19.8185	48.72674
19.8192	48.84236
19.8199	48.93458
19.8206	49.00508
19.8213	49.05553
19.822	49.08761
19.8227	49.10298
19.8234	49.10332
19.8241	49.09031
19.8248	49.0648
19.8255	49.01926
19.8262	48.95324
19.8269	48.86905
19.8276	48.76898
19.8283	48.65532
19.829	48.53039
19.8297	48.39646
19.8304	48.25584
19.8311	48.11082
19.8318	47.96183
19.8325	47.80081
19.8332	47.62806
19.8339	47.44541
19.8346	47.25469
19.8353	47.05773
19.836	46.85635
19.8367	46.65237
19.8374	46.44762
19.8381	46.24392
19.8388	46.04108
19.8395	45.83436
19.8402	45.62405
19.8409	45.4108
19.8416	45.19529
19.8423	44.97819
19.843	44.76016
19.8437	44.54188
19.8444	44.324
19.8451	44.10721
19.8458	43.89164
19.8465	43.67648
19.8472	43.46142
19.8479	43.24614
19.8486	43.03036
19.8493	42.81375
19.85	42.59603
19.8507	42.37687
19.8514	42.15598
19.8521	41.93306
19.8528	41.70882
19.8535	41.48397
19.8542	41.2582
19.8549	41.03118
19.8556	40.8026
19.8563	40.57212
19.857	40.33942
19.8577	40.10419
19.8584	39.86609
19.8591	39.62482
19.8598	39.38041
19.8605	39.13313
19.8612	38.88322
19.8619	38.63088
19.8626	38.37633
19.8633	38.11977
19.864	37.86143
19.8647	37.60151
19.8654	37.34023
19.8661	37.0777
19.8668	36.81228
19.8675	36.54386
19.8682	36.2731
19.8689	36.00063
19.8696	35.72711
19.8703	35.4532
19.871	35.17953
19.8717	34.90676
19.8724	34.63553
19.8731	34.36618
19.8738	34.09644
19.8745	33.82616
19.8752	33.55587
19.8759	33.28608
19.8766	33.01731
19.8773	32.75009
19.878	32.48493
19.8787	32.22235
19.8794	31.96288
19.8801	31.70676
19.8808	31.45293
19.8815	31.20121
19.8822	30.95163
19.8829	30.7042
19.8836	30.45895
19.8843	30.21589
19.885	29.97506
19.8857	29.73646
19.8864	29.50011
19.8871	29.26573
19.8878	29.03246
19.8885	28.80065
19.8892	28.57077
19.8899	28.34325
19.8906	28.11857
19.8913	27.89718
19.892	27.67953
19.8927	27.46608
19.8934	27.25729
19.8941	27.0512
19.8948	26.84348
19.8955	26.63606
19.8962	26.43117
19.8969	26.231
19.8976	26.03778
19.8983	25.85369
19.899	25.68096
19.8997	25.52179
19.9004	25.37838
19.9011	25.24619
19.9018	25.11684
19.9025	24.99356
19.9032	24.87976
19.9039	24.77886
19.9046	24.69425
19.9053	24.62935
19.906	24.58756
19.9067	24.57229
19.9074	24.58693
19.9081	24.62747
19.9088	24.68719
19.9095	24.76736
19.9102	24.86929
19.9109	24.99426
19.9116	25.14356
19.9123	25.31849
19.913	25.52034
19.9137	25.75039
19.9144	26.00996
19.9151	26.30249
19.9158	26.62816
19.9165	26.98399
19.9172	27.36702
19.9179	27.77428
19.9186	28.20281
19.9193	28.64965
19.92	29.11184
19.9207	29.58642
19.9214	30.07065
19.9221	30.57807
19.9228	31.11412
19.9235	31.67327
19.9242	32.25002
19.9249	32.83887
19.9256	33.43431
19.9263	34.03084
19.927	34.62297
19.9277	35.20519
19.9284	35.77268
19.9291	36.34163
19.9298	36.91795
19.9305	37.49738
19.9312	38.07568
19.9319	38.6486
19.9326	39.21188
19.9333	39.76129
19.934	40.29259
19.9347	40.80152
19.9354	41.28463
19.9361	41.75289
19.9368	42.20964
19.9375	42.65286
19.9382	43.08055
19.9389	43.49068
19.9396	43.88123
19.9403	44.25019
19.941	44.59554
19.9417	44.91527
19.9424	45.20779
19.9431	45.47725
19.9438	45.72497
19.9445	45.9507
19.9452	46.15414
19.9459	46.33503
19.9466	46.49308
19.9473	46.62802
19.948	46.73958
19.9487	46.82747
19.9494	46.89122
19.9501	46.92902
19.9508	46.94141
19.9515	46.92957
19.9522	46.89465
19.9529	46.8378
19.9536	46.7602
19.9543	46.66299
19.955	46.54734
19.9557	46.4144
19.9564	46.26422
19.9571	46.08962
19.9578	45.89108
19.9585	45.67107
19.9592	45.43206
19.9599	45.1765
19.9606	44.90685
19.9613	44.62558
19.962	44.33513
19.9627	44.03798
19.9634	43.73453
19.9641	43.41386
19.9648	43.07648
19.9655	42.72542
19.9662	42.36371
19.9669	41.9944
19.9676	41.62051
19.9683	41.24507
19.969	40.87112
19.9697	40.50168
19.9704	40.13716
19.9711	39.76531
19.9718	39.38677
19.9725	39.00465
19.9732	38.62207
19.9739	38.24216
19.9746	37.86802
19.9753	37.50276
19.976	37.14951
19.9767	36.81136
19.9774	36.48879
19.9781	36.1707
19.9788	35.85754
19.9795	35.55176
19.9802	35.2558
19.9809	34.97211
19.9816	34.70311
19.9823	34.45126
19.983	34.21899
19.9837	34.00875
19.9844	33.82138
19.9851	33.65085
19.9858	33.49674
19.9865	33.35962
19.9872	33.24002
19.9879	33.13852
19.9886	33.05566
19.9893	32.99199
19.99	32.94807
19.9907	32.92445
19.9914	32.92428
19.9921	32.95758
19.9928	33.02031
19.9935	33.10668
19.9942	33.21092
19.9949	33.32725
19.9956	33.4499
19.9963	33.5731
19.997	33.69108
19.9977	33.79807
